2026-04-23T21:49:05.9258024Z Current runner version: '2.334.0'
2026-04-23T21:49:05.9279240Z ##[group]Runner Image Provisioner
2026-04-23T21:49:05.9279981Z Hosted Compute Agent
2026-04-23T21:49:05.9280547Z Version: 20260213.493
2026-04-23T21:49:05.9281060Z Commit: 5c115507f6dd24b8de37d8bbe0bb4509d0cc0fa3
2026-04-23T21:49:05.9281680Z Build Date: 2026-02-13T00:28:41Z
2026-04-23T21:49:05.9282291Z Worker ID: {c59361c4-a79f-450a-8b87-f02f852b0fab}
2026-04-23T21:49:05.9282921Z Azure Region: westcentralus
2026-04-23T21:49:05.9283443Z ##[endgroup]
2026-04-23T21:49:05.9284942Z ##[group]Operating System
2026-04-23T21:49:05.9285483Z Ubuntu
2026-04-23T21:49:05.9285875Z 24.04.4
2026-04-23T21:49:05.9286344Z LTS
2026-04-23T21:49:05.9286722Z ##[endgroup]
2026-04-23T21:49:05.9287173Z ##[group]Runner Image
2026-04-23T21:49:05.9287632Z Image: ubuntu-24.04
2026-04-23T21:49:05.9288095Z Version: 20260413.86.1
2026-04-23T21:49:05.9289097Z Included Software: https://github.com/actions/runner-images/blob/ubuntu24/20260413.86/images/ubuntu/Ubuntu2404-Readme.md
2026-04-23T21:49:05.9290366Z Image Release: https://github.com/actions/runner-images/releases/tag/ubuntu24%2F20260413.86
2026-04-23T21:49:05.9291167Z ##[endgroup]
2026-04-23T21:49:05.9292135Z ##[group]GITHUB_TOKEN Permissions
2026-04-23T21:49:05.9293860Z Contents: read
2026-04-23T21:49:05.9294854Z Metadata: read
2026-04-23T21:49:05.9295304Z Packages: read
2026-04-23T21:49:05.9295776Z ##[endgroup]
2026-04-23T21:49:05.9297727Z Secret source: Actions
2026-04-23T21:49:05.9298400Z Prepare workflow directory
2026-04-23T21:49:05.9787237Z Prepare all required actions
2026-04-23T21:49:05.9822721Z Getting action download info
2026-04-23T21:49:06.4146404Z Download action repository 'actions/checkout@v4' (SHA:34e114876b0b11c390a56381ad16ebd13914f8d5)
2026-04-23T21:49:06.5285581Z Download action repository 'actions/cache@v4' (SHA:0057852bfaa89a56745cba8c7296529d2fc39830)
2026-04-23T21:49:06.6104134Z Download action repository 'actions/upload-artifact@v4' (SHA:ea165f8d65b6e75b540449e92b4886f43607fa02)
2026-04-23T21:49:06.7792142Z Complete job name: build (debian:bookworm)
2026-04-23T21:49:06.8203217Z ##[group]Checking docker version
2026-04-23T21:49:06.8215548Z ##[command]/usr/bin/docker version --format '{{.Server.APIVersion}}'
2026-04-23T21:49:06.8553180Z '1.48'
2026-04-23T21:49:06.8563917Z Docker daemon API version: '1.48'
2026-04-23T21:49:06.8565800Z ##[command]/usr/bin/docker version --format '{{.Client.APIVersion}}'
2026-04-23T21:49:06.8703818Z '1.48'
2026-04-23T21:49:06.8711539Z Docker client API version: '1.48'
2026-04-23T21:49:06.8716532Z ##[endgroup]
2026-04-23T21:49:06.8719354Z ##[group]Clean up resources from previous jobs
2026-04-23T21:49:06.8724868Z ##[command]/usr/bin/docker ps --all --quiet --no-trunc --filter "label=8c6361"
2026-04-23T21:49:06.8847048Z ##[command]/usr/bin/docker network prune --force --filter "label=8c6361"
2026-04-23T21:49:06.8958150Z ##[endgroup]
2026-04-23T21:49:06.8958788Z ##[group]Create local container network
2026-04-23T21:49:06.8968275Z ##[command]/usr/bin/docker network create --label 8c6361 github_network_8286862d3fc34ba09df764ef21932f56
2026-04-23T21:49:06.9394478Z 47f4a3f09e0fbcdf67f10b0225b5c92705972d31b10443744cf7306e7a8b18e3
2026-04-23T21:49:06.9409759Z ##[endgroup]
2026-04-23T21:49:06.9435095Z ##[group]Starting job container
2026-04-23T21:49:06.9454837Z ##[command]/usr/bin/docker pull debian:bookworm
2026-04-23T21:49:07.9045965Z bookworm: Pulling from library/debian
2026-04-23T21:49:08.1139729Z db53381ee51f: Pulling fs layer
2026-04-23T21:49:08.7421969Z db53381ee51f: Verifying Checksum
2026-04-23T21:49:08.7423145Z db53381ee51f: Download complete
2026-04-23T21:49:09.9991296Z db53381ee51f: Pull complete
2026-04-23T21:49:10.0030407Z Digest: sha256:8a8cd02c5912770b4980228a54d4aff9e4f986f1eb2525d2d371dec5232cefcc
2026-04-23T21:49:10.0042172Z Status: Downloaded newer image for debian:bookworm
2026-04-23T21:49:10.0047839Z docker.io/library/debian:bookworm
2026-04-23T21:49:10.0121817Z ##[command]/usr/bin/docker create --name 55c17a8cff1943a38c4ac683fdc5c673_debianbookworm_bc2776 --label 8c6361 --workdir /__w/quasar/quasar --network github_network_8286862d3fc34ba09df764ef21932f56  -e "HOME=/github/home" -e GITHUB_ACTIONS=true -e CI=true -v "/var/run/docker.sock":"/var/run/docker.sock" -v "/home/runner/work":"/__w" -v "/home/runner/actions-runner/cached/2.334.0/externals":"/__e":ro -v "/home/runner/work/_temp":"/__w/_temp" -v "/home/runner/work/_actions":"/__w/_actions" -v "/opt/hostedtoolcache":"/__t" -v "/home/runner/work/_temp/_github_home":"/github/home" -v "/home/runner/work/_temp/_github_workflow":"/github/workflow" --entrypoint "tail" debian:bookworm "-f" "/dev/null"
2026-04-23T21:49:12.5716922Z f10879d27972d8e5720335e700e20f5abb292cc741dd7c49a275438ad59207bb
2026-04-23T21:49:12.5735590Z ##[command]/usr/bin/docker start f10879d27972d8e5720335e700e20f5abb292cc741dd7c49a275438ad59207bb
2026-04-23T21:49:12.7097870Z f10879d27972d8e5720335e700e20f5abb292cc741dd7c49a275438ad59207bb
2026-04-23T21:49:12.7109329Z ##[command]/usr/bin/docker ps --all --filter id=f10879d27972d8e5720335e700e20f5abb292cc741dd7c49a275438ad59207bb --filter status=running --no-trunc --format "{{.ID}} {{.Status}}"
2026-04-23T21:49:12.7223251Z f10879d27972d8e5720335e700e20f5abb292cc741dd7c49a275438ad59207bb Up Less than a second
2026-04-23T21:49:12.7236753Z ##[command]/usr/bin/docker inspect --format "{{range .Config.Env}}{{println .}}{{end}}" f10879d27972d8e5720335e700e20f5abb292cc741dd7c49a275438ad59207bb
2026-04-23T21:49:12.7341409Z HOME=/github/home
2026-04-23T21:49:12.7341989Z GITHUB_ACTIONS=true
2026-04-23T21:49:12.7347823Z CI=true
2026-04-23T21:49:12.7348274Z PATH=/usr/local/sbin:/usr/local/bin:/usr/sbin:/usr/bin:/sbin:/bin
2026-04-23T21:49:12.7356549Z ##[endgroup]
2026-04-23T21:49:12.7365673Z ##[group]Waiting for all services to be ready
2026-04-23T21:49:12.7367328Z ##[endgroup]
2026-04-23T21:49:12.7543462Z ##[group]Run apt-get update
2026-04-23T21:49:12.7543804Z [36;1mapt-get update[0m
2026-04-23T21:49:12.7544248Z [36;1mapt-get install -y git[0m
2026-04-23T21:49:12.7547838Z shell: sh -e {0}
2026-04-23T21:49:12.7548323Z ##[endgroup]
2026-04-23T21:49:12.8576806Z Get:1 http://deb.debian.org/debian bookworm InRelease [151 kB]
2026-04-23T21:49:12.9103697Z Get:2 http://deb.debian.org/debian bookworm-updates InRelease [55.4 kB]
2026-04-23T21:49:12.9292018Z Get:3 http://deb.debian.org/debian-security bookworm-security InRelease [48.0 kB]
2026-04-23T21:49:12.9545087Z Get:4 http://deb.debian.org/debian bookworm/main amd64 Packages [8792 kB]
2026-04-23T21:49:13.1323709Z Get:5 http://deb.debian.org/debian bookworm-updates/main amd64 Packages [6924 B]
2026-04-23T21:49:13.1498023Z Get:6 http://deb.debian.org/debian-security bookworm-security/main amd64 Packages [297 kB]
2026-04-23T21:49:13.9085566Z Fetched 9350 kB in 1s (8573 kB/s)
2026-04-23T21:49:14.2854522Z Reading package lists...
2026-04-23T21:49:14.6733140Z Reading package lists...
2026-04-23T21:49:14.7560722Z Building dependency tree...
2026-04-23T21:49:14.7561298Z Reading state information...
2026-04-23T21:49:14.8538412Z The following additional packages will be installed:
2026-04-23T21:49:14.8539221Z   ca-certificates git-man krb5-locales less libbrotli1 libbsd0 libcbor0.8
2026-04-23T21:49:14.8540015Z   libcurl3-gnutls libedit2 liberror-perl libexpat1 libfido2-1 libgdbm-compat4
2026-04-23T21:49:14.8540838Z   libgdbm6 libgssapi-krb5-2 libk5crypto3 libkeyutils1 libkrb5-3
2026-04-23T21:49:14.8541554Z   libkrb5support0 libldap-2.5-0 libldap-common libnghttp2-14 libperl5.36
2026-04-23T21:49:14.8544210Z   libpsl5 librtmp1 libsasl2-2 libsasl2-modules libsasl2-modules-db libssh2-1
2026-04-23T21:49:14.8545023Z   libssl3 libx11-6 libx11-data libxau6 libxcb1 libxdmcp6 libxext6 libxmuu1
2026-04-23T21:49:14.8552753Z   netbase openssh-client openssl patch perl perl-modules-5.36 publicsuffix
2026-04-23T21:49:14.8553407Z   xauth
2026-04-23T21:49:14.8553713Z Suggested packages:
2026-04-23T21:49:14.8554258Z   gettext-base git-daemon-run | git-daemon-sysvinit git-doc git-email git-gui
2026-04-23T21:49:14.8554720Z   gitk gitweb git-cvs git-mediawiki git-svn gdbm-l10n krb5-doc krb5-user
2026-04-23T21:49:14.8556024Z   sensible-utils libsasl2-modules-gssapi-mit | libsasl2-modules-gssapi-heimdal
2026-04-23T21:49:14.8556526Z   libsasl2-modules-ldap libsasl2-modules-otp libsasl2-modules-sql keychain
2026-04-23T21:49:14.8556977Z   libpam-ssh monkeysphere ssh-askpass ed diffutils-doc perl-doc
2026-04-23T21:49:14.8557528Z   libterm-readline-gnu-perl | libterm-readline-perl-perl make
2026-04-23T21:49:14.8558056Z   libtap-harness-archive-perl
2026-04-23T21:49:15.0568930Z The following NEW packages will be installed:
2026-04-23T21:49:15.0570760Z   ca-certificates git git-man krb5-locales less libbrotli1 libbsd0 libcbor0.8
2026-04-23T21:49:15.0571609Z   libcurl3-gnutls libedit2 liberror-perl libexpat1 libfido2-1 libgdbm-compat4
2026-04-23T21:49:15.0573264Z   libgdbm6 libgssapi-krb5-2 libk5crypto3 libkeyutils1 libkrb5-3
2026-04-23T21:49:15.0574356Z   libkrb5support0 libldap-2.5-0 libldap-common libnghttp2-14 libperl5.36
2026-04-23T21:49:15.0576474Z   libpsl5 librtmp1 libsasl2-2 libsasl2-modules libsasl2-modules-db libssh2-1
2026-04-23T21:49:15.0578063Z   libssl3 libx11-6 libx11-data libxau6 libxcb1 libxdmcp6 libxext6 libxmuu1
2026-04-23T21:49:15.0581519Z   netbase openssh-client openssl patch perl perl-modules-5.36 publicsuffix
2026-04-23T21:49:15.0582131Z   xauth
2026-04-23T21:49:15.1057174Z 0 upgraded, 46 newly installed, 0 to remove and 0 not upgraded.
2026-04-23T21:49:15.1057757Z Need to get 25.5 MB of archives.
2026-04-23T21:49:15.1058240Z After this operation, 124 MB of additional disk space will be used.
2026-04-23T21:49:15.1059132Z Get:1 http://deb.debian.org/debian bookworm/main amd64 perl-modules-5.36 all 5.36.0-7+deb12u3 [2815 kB]
2026-04-23T21:49:15.2800615Z Get:2 http://deb.debian.org/debian bookworm/main amd64 libgdbm6 amd64 1.23-3 [72.2 kB]
2026-04-23T21:49:15.2807573Z Get:3 http://deb.debian.org/debian bookworm/main amd64 libgdbm-compat4 amd64 1.23-3 [48.2 kB]
2026-04-23T21:49:15.2812562Z Get:4 http://deb.debian.org/debian bookworm/main amd64 libperl5.36 amd64 5.36.0-7+deb12u3 [4196 kB]
2026-04-23T21:49:15.3208738Z Get:5 http://deb.debian.org/debian bookworm/main amd64 perl amd64 5.36.0-7+deb12u3 [239 kB]
2026-04-23T21:49:15.3218465Z Get:6 http://deb.debian.org/debian bookworm/main amd64 less amd64 590-2.1~deb12u2 [132 kB]
2026-04-23T21:49:15.3226405Z Get:7 http://deb.debian.org/debian bookworm/main amd64 netbase all 6.4 [12.8 kB]
2026-04-23T21:49:15.3228352Z Get:8 http://deb.debian.org/debian-security bookworm-security/main amd64 libssl3 amd64 3.0.19-1~deb12u2 [2032 kB]
2026-04-23T21:49:15.3371562Z Get:9 http://deb.debian.org/debian-security bookworm-security/main amd64 openssl amd64 3.0.19-1~deb12u2 [1435 kB]
2026-04-23T21:49:15.3501960Z Get:10 http://deb.debian.org/debian bookworm/main amd64 ca-certificates all 20230311+deb12u1 [155 kB]
2026-04-23T21:49:15.3508477Z Get:11 http://deb.debian.org/debian bookworm/main amd64 krb5-locales all 1.20.1-2+deb12u4 [63.4 kB]
2026-04-23T21:49:15.3512101Z Get:12 http://deb.debian.org/debian bookworm/main amd64 libbsd0 amd64 0.11.7-2 [117 kB]
2026-04-23T21:49:15.3518753Z Get:13 http://deb.debian.org/debian bookworm/main amd64 libedit2 amd64 3.1-20221030-2 [93.0 kB]
2026-04-23T21:49:15.3522796Z Get:14 http://deb.debian.org/debian bookworm/main amd64 libcbor0.8 amd64 0.8.0-2+b1 [27.4 kB]
2026-04-23T21:49:15.3560207Z Get:15 http://deb.debian.org/debian bookworm/main amd64 libfido2-1 amd64 1.12.0-2+b1 [77.2 kB]
2026-04-23T21:49:15.3568460Z Get:16 http://deb.debian.org/debian bookworm/main amd64 libkrb5support0 amd64 1.20.1-2+deb12u4 [33.2 kB]
2026-04-23T21:49:15.3570345Z Get:17 http://deb.debian.org/debian bookworm/main amd64 libk5crypto3 amd64 1.20.1-2+deb12u4 [79.8 kB]
2026-04-23T21:49:15.3576357Z Get:18 http://deb.debian.org/debian bookworm/main amd64 libkeyutils1 amd64 1.6.3-2 [8808 B]
2026-04-23T21:49:15.3731173Z Get:19 http://deb.debian.org/debian bookworm/main amd64 libkrb5-3 amd64 1.20.1-2+deb12u4 [334 kB]
2026-04-23T21:49:15.3753827Z Get:20 http://deb.debian.org/debian bookworm/main amd64 libgssapi-krb5-2 amd64 1.20.1-2+deb12u4 [135 kB]
2026-04-23T21:49:15.3767666Z Get:21 http://deb.debian.org/debian-security bookworm-security/main amd64 openssh-client amd64 1:9.2p1-2+deb12u9 [993 kB]
2026-04-23T21:49:15.3779712Z Get:22 http://deb.debian.org/debian bookworm/main amd64 libbrotli1 amd64 1.0.9-2+b6 [275 kB]
2026-04-23T21:49:15.3792026Z Get:23 http://deb.debian.org/debian bookworm/main amd64 libsasl2-modules-db amd64 2.1.28+dfsg-10 [20.3 kB]
2026-04-23T21:49:15.3793095Z Get:24 http://deb.debian.org/debian bookworm/main amd64 libsasl2-2 amd64 2.1.28+dfsg-10 [59.7 kB]
2026-04-23T21:49:15.3898208Z Get:25 http://deb.debian.org/debian bookworm/main amd64 libldap-2.5-0 amd64 2.5.13+dfsg-5 [183 kB]
2026-04-23T21:49:15.3906402Z Get:26 http://deb.debian.org/debian bookworm/main amd64 libnghttp2-14 amd64 1.52.0-1+deb12u2 [73.0 kB]
2026-04-23T21:49:15.3911105Z Get:27 http://deb.debian.org/debian bookworm/main amd64 libpsl5 amd64 0.21.2-1 [58.7 kB]
2026-04-23T21:49:15.3917936Z Get:28 http://deb.debian.org/debian bookworm/main amd64 librtmp1 amd64 2.4+20151223.gitfa8646d.1-2+b2 [60.8 kB]
2026-04-23T21:49:15.4067337Z Get:29 http://deb.debian.org/debian bookworm/main amd64 libssh2-1 amd64 1.10.0-3+b1 [179 kB]
2026-04-23T21:49:15.4077623Z Get:30 http://deb.debian.org/debian bookworm/main amd64 libcurl3-gnutls amd64 7.88.1-10+deb12u14 [386 kB]
2026-04-23T21:49:15.4091330Z Get:31 http://deb.debian.org/debian bookworm/main amd64 libexpat1 amd64 2.5.0-1+deb12u2 [99.9 kB]
2026-04-23T21:49:15.4096859Z Get:32 http://deb.debian.org/debian bookworm/main amd64 liberror-perl all 0.17029-2 [29.0 kB]
2026-04-23T21:49:15.4101565Z Get:33 http://deb.debian.org/debian bookworm/main amd64 git-man all 1:2.39.5-0+deb12u3 [2053 kB]
2026-04-23T21:49:15.4296732Z Get:34 http://deb.debian.org/debian bookworm/main amd64 git amd64 1:2.39.5-0+deb12u3 [7264 kB]
2026-04-23T21:49:15.4598020Z Get:35 http://deb.debian.org/debian bookworm/main amd64 libldap-common all 2.5.13+dfsg-5 [29.3 kB]
2026-04-23T21:49:15.4599464Z Get:36 http://deb.debian.org/debian bookworm/main amd64 libsasl2-modules amd64 2.1.28+dfsg-10 [66.6 kB]
2026-04-23T21:49:15.4604485Z Get:37 http://deb.debian.org/debian bookworm/main amd64 libxau6 amd64 1:1.0.9-1 [19.7 kB]
2026-04-23T21:49:15.4607004Z Get:38 http://deb.debian.org/debian bookworm/main amd64 libxdmcp6 amd64 1:1.1.2-3 [26.3 kB]
2026-04-23T21:49:15.4609393Z Get:39 http://deb.debian.org/debian bookworm/main amd64 libxcb1 amd64 1.15-1 [144 kB]
2026-04-23T21:49:15.4615506Z Get:40 http://deb.debian.org/debian bookworm/main amd64 libx11-data all 2:1.8.4-2+deb12u2 [292 kB]
2026-04-23T21:49:15.4626143Z Get:41 http://deb.debian.org/debian bookworm/main amd64 libx11-6 amd64 2:1.8.4-2+deb12u2 [760 kB]
2026-04-23T21:49:15.4649694Z Get:42 http://deb.debian.org/debian bookworm/main amd64 libxext6 amd64 2:1.3.4-1+b1 [52.9 kB]
2026-04-23T21:49:15.4652835Z Get:43 http://deb.debian.org/debian bookworm/main amd64 libxmuu1 amd64 2:1.1.3-3 [23.9 kB]
2026-04-23T21:49:15.4776746Z Get:44 http://deb.debian.org/debian bookworm/main amd64 patch amd64 2.7.6-7 [128 kB]
2026-04-23T21:49:15.4947555Z Get:45 http://deb.debian.org/debian bookworm/main amd64 publicsuffix all 20230209.2326-1 [126 kB]
2026-04-23T21:49:15.4953393Z Get:46 http://deb.debian.org/debian bookworm/main amd64 xauth amd64 1:1.1.2-1 [36.0 kB]
2026-04-23T21:49:15.5733330Z debconf: delaying package configuration, since apt-utils is not installed
2026-04-23T21:49:15.5866962Z Fetched 25.5 MB in 0s (59.2 MB/s)
2026-04-23T21:49:15.5967812Z Selecting previously unselected package perl-modules-5.36.
2026-04-23T21:49:15.5973496Z (Reading database ... 
2026-04-23T21:49:15.5973822Z (Reading database ... 5%
2026-04-23T21:49:15.5974224Z (Reading database ... 10%
2026-04-23T21:49:15.5974584Z (Reading database ... 15%
2026-04-23T21:49:15.5974907Z (Reading database ... 20%
2026-04-23T21:49:15.5975149Z (Reading database ... 25%
2026-04-23T21:49:15.5975370Z (Reading database ... 30%
2026-04-23T21:49:15.5975642Z (Reading database ... 35%
2026-04-23T21:49:15.5975923Z (Reading database ... 40%
2026-04-23T21:49:15.5976203Z (Reading database ... 45%
2026-04-23T21:49:15.5976475Z (Reading database ... 50%
2026-04-23T21:49:15.5977028Z (Reading database ... 55%
2026-04-23T21:49:15.5977381Z (Reading database ... 60%
2026-04-23T21:49:15.5977711Z (Reading database ... 65%
2026-04-23T21:49:15.5978046Z (Reading database ... 70%
2026-04-23T21:49:15.5990667Z (Reading database ... 75%
2026-04-23T21:49:15.5994116Z (Reading database ... 80%
2026-04-23T21:49:15.5996172Z (Reading database ... 85%
2026-04-23T21:49:15.5998033Z (Reading database ... 90%
2026-04-23T21:49:15.6005766Z (Reading database ... 95%
2026-04-23T21:49:15.6006118Z (Reading database ... 100%
2026-04-23T21:49:15.6006564Z (Reading database ... 6096 files and directories currently installed.)
2026-04-23T21:49:15.6010133Z Preparing to unpack .../00-perl-modules-5.36_5.36.0-7+deb12u3_all.deb ...
2026-04-23T21:49:15.6018028Z Unpacking perl-modules-5.36 (5.36.0-7+deb12u3) ...
2026-04-23T21:49:15.8162309Z Selecting previously unselected package libgdbm6:amd64.
2026-04-23T21:49:15.8172708Z Preparing to unpack .../01-libgdbm6_1.23-3_amd64.deb ...
2026-04-23T21:49:15.8191192Z Unpacking libgdbm6:amd64 (1.23-3) ...
2026-04-23T21:49:15.8333541Z Selecting previously unselected package libgdbm-compat4:amd64.
2026-04-23T21:49:15.8342235Z Preparing to unpack .../02-libgdbm-compat4_1.23-3_amd64.deb ...
2026-04-23T21:49:15.8350255Z Unpacking libgdbm-compat4:amd64 (1.23-3) ...
2026-04-23T21:49:15.8489472Z Selecting previously unselected package libperl5.36:amd64.
2026-04-23T21:49:15.8497986Z Preparing to unpack .../03-libperl5.36_5.36.0-7+deb12u3_amd64.deb ...
2026-04-23T21:49:15.8506366Z Unpacking libperl5.36:amd64 (5.36.0-7+deb12u3) ...
2026-04-23T21:49:16.1193373Z Selecting previously unselected package perl.
2026-04-23T21:49:16.1203726Z Preparing to unpack .../04-perl_5.36.0-7+deb12u3_amd64.deb ...
2026-04-23T21:49:16.1244577Z Unpacking perl (5.36.0-7+deb12u3) ...
2026-04-23T21:49:16.1536140Z Selecting previously unselected package less.
2026-04-23T21:49:16.1545799Z Preparing to unpack .../05-less_590-2.1~deb12u2_amd64.deb ...
2026-04-23T21:49:16.1561927Z Unpacking less (590-2.1~deb12u2) ...
2026-04-23T21:49:16.1754963Z Selecting previously unselected package netbase.
2026-04-23T21:49:16.1762735Z Preparing to unpack .../06-netbase_6.4_all.deb ...
2026-04-23T21:49:16.1770668Z Unpacking netbase (6.4) ...
2026-04-23T21:49:16.1898735Z Selecting previously unselected package libssl3:amd64.
2026-04-23T21:49:16.1899717Z Preparing to unpack .../07-libssl3_3.0.19-1~deb12u2_amd64.deb ...
2026-04-23T21:49:16.1907069Z Unpacking libssl3:amd64 (3.0.19-1~deb12u2) ...
2026-04-23T21:49:16.3167917Z Selecting previously unselected package openssl.
2026-04-23T21:49:16.3177540Z Preparing to unpack .../08-openssl_3.0.19-1~deb12u2_amd64.deb ...
2026-04-23T21:49:16.3185186Z Unpacking openssl (3.0.19-1~deb12u2) ...
2026-04-23T21:49:16.4210701Z Selecting previously unselected package ca-certificates.
2026-04-23T21:49:16.4220106Z Preparing to unpack .../09-ca-certificates_20230311+deb12u1_all.deb ...
2026-04-23T21:49:16.4227665Z Unpacking ca-certificates (20230311+deb12u1) ...
2026-04-23T21:49:16.4483837Z Selecting previously unselected package krb5-locales.
2026-04-23T21:49:16.4492958Z Preparing to unpack .../10-krb5-locales_1.20.1-2+deb12u4_all.deb ...
2026-04-23T21:49:16.4503272Z Unpacking krb5-locales (1.20.1-2+deb12u4) ...
2026-04-23T21:49:16.4648527Z Selecting previously unselected package libbsd0:amd64.
2026-04-23T21:49:16.4657050Z Preparing to unpack .../11-libbsd0_0.11.7-2_amd64.deb ...
2026-04-23T21:49:16.4666079Z Unpacking libbsd0:amd64 (0.11.7-2) ...
2026-04-23T21:49:16.4833853Z Selecting previously unselected package libedit2:amd64.
2026-04-23T21:49:16.4842372Z Preparing to unpack .../12-libedit2_3.1-20221030-2_amd64.deb ...
2026-04-23T21:49:16.4850064Z Unpacking libedit2:amd64 (3.1-20221030-2) ...
2026-04-23T21:49:16.5032371Z Selecting previously unselected package libcbor0.8:amd64.
2026-04-23T21:49:16.5039607Z Preparing to unpack .../13-libcbor0.8_0.8.0-2+b1_amd64.deb ...
2026-04-23T21:49:16.5047741Z Unpacking libcbor0.8:amd64 (0.8.0-2+b1) ...
2026-04-23T21:49:16.5163935Z Selecting previously unselected package libfido2-1:amd64.
2026-04-23T21:49:16.5171703Z Preparing to unpack .../14-libfido2-1_1.12.0-2+b1_amd64.deb ...
2026-04-23T21:49:16.5180321Z Unpacking libfido2-1:amd64 (1.12.0-2+b1) ...
2026-04-23T21:49:16.5327720Z Selecting previously unselected package libkrb5support0:amd64.
2026-04-23T21:49:16.5335272Z Preparing to unpack .../15-libkrb5support0_1.20.1-2+deb12u4_amd64.deb ...
2026-04-23T21:49:16.5342767Z Unpacking libkrb5support0:amd64 (1.20.1-2+deb12u4) ...
2026-04-23T21:49:16.5464919Z Selecting previously unselected package libk5crypto3:amd64.
2026-04-23T21:49:16.5472904Z Preparing to unpack .../16-libk5crypto3_1.20.1-2+deb12u4_amd64.deb ...
2026-04-23T21:49:16.5480694Z Unpacking libk5crypto3:amd64 (1.20.1-2+deb12u4) ...
2026-04-23T21:49:16.5656567Z Selecting previously unselected package libkeyutils1:amd64.
2026-04-23T21:49:16.5665479Z Preparing to unpack .../17-libkeyutils1_1.6.3-2_amd64.deb ...
2026-04-23T21:49:16.5677508Z Unpacking libkeyutils1:amd64 (1.6.3-2) ...
2026-04-23T21:49:16.5782848Z Selecting previously unselected package libkrb5-3:amd64.
2026-04-23T21:49:16.5791635Z Preparing to unpack .../18-libkrb5-3_1.20.1-2+deb12u4_amd64.deb ...
2026-04-23T21:49:16.5799855Z Unpacking libkrb5-3:amd64 (1.20.1-2+deb12u4) ...
2026-04-23T21:49:16.6131487Z Selecting previously unselected package libgssapi-krb5-2:amd64.
2026-04-23T21:49:16.6140457Z Preparing to unpack .../19-libgssapi-krb5-2_1.20.1-2+deb12u4_amd64.deb ...
2026-04-23T21:49:16.6146523Z Unpacking libgssapi-krb5-2:amd64 (1.20.1-2+deb12u4) ...
2026-04-23T21:49:16.6333301Z Selecting previously unselected package openssh-client.
2026-04-23T21:49:16.6341901Z Preparing to unpack .../20-openssh-client_1%3a9.2p1-2+deb12u9_amd64.deb ...
2026-04-23T21:49:16.6377710Z Unpacking openssh-client (1:9.2p1-2+deb12u9) ...
2026-04-23T21:49:16.7142724Z Selecting previously unselected package libbrotli1:amd64.
2026-04-23T21:49:16.7152198Z Preparing to unpack .../21-libbrotli1_1.0.9-2+b6_amd64.deb ...
2026-04-23T21:49:16.7158391Z Unpacking libbrotli1:amd64 (1.0.9-2+b6) ...
2026-04-23T21:49:16.7429145Z Selecting previously unselected package libsasl2-modules-db:amd64.
2026-04-23T21:49:16.7438665Z Preparing to unpack .../22-libsasl2-modules-db_2.1.28+dfsg-10_amd64.deb ...
2026-04-23T21:49:16.7445607Z Unpacking libsasl2-modules-db:amd64 (2.1.28+dfsg-10) ...
2026-04-23T21:49:16.7545425Z Selecting previously unselected package libsasl2-2:amd64.
2026-04-23T21:49:16.7553406Z Preparing to unpack .../23-libsasl2-2_2.1.28+dfsg-10_amd64.deb ...
2026-04-23T21:49:16.7561567Z Unpacking libsasl2-2:amd64 (2.1.28+dfsg-10) ...
2026-04-23T21:49:16.7691301Z Selecting previously unselected package libldap-2.5-0:amd64.
2026-04-23T21:49:16.7699479Z Preparing to unpack .../24-libldap-2.5-0_2.5.13+dfsg-5_amd64.deb ...
2026-04-23T21:49:16.7705926Z Unpacking libldap-2.5-0:amd64 (2.5.13+dfsg-5) ...
2026-04-23T21:49:16.7915244Z Selecting previously unselected package libnghttp2-14:amd64.
2026-04-23T21:49:16.7922418Z Preparing to unpack .../25-libnghttp2-14_1.52.0-1+deb12u2_amd64.deb ...
2026-04-23T21:49:16.7929175Z Unpacking libnghttp2-14:amd64 (1.52.0-1+deb12u2) ...
2026-04-23T21:49:16.8066348Z Selecting previously unselected package libpsl5:amd64.
2026-04-23T21:49:16.8074471Z Preparing to unpack .../26-libpsl5_0.21.2-1_amd64.deb ...
2026-04-23T21:49:16.8081914Z Unpacking libpsl5:amd64 (0.21.2-1) ...
2026-04-23T21:49:16.8203688Z Selecting previously unselected package librtmp1:amd64.
2026-04-23T21:49:16.8211871Z Preparing to unpack .../27-librtmp1_2.4+20151223.gitfa8646d.1-2+b2_amd64.deb ...
2026-04-23T21:49:16.8218084Z Unpacking librtmp1:amd64 (2.4+20151223.gitfa8646d.1-2+b2) ...
2026-04-23T21:49:16.8343624Z Selecting previously unselected package libssh2-1:amd64.
2026-04-23T21:49:16.8351545Z Preparing to unpack .../28-libssh2-1_1.10.0-3+b1_amd64.deb ...
2026-04-23T21:49:16.8358084Z Unpacking libssh2-1:amd64 (1.10.0-3+b1) ...
2026-04-23T21:49:16.8556094Z Selecting previously unselected package libcurl3-gnutls:amd64.
2026-04-23T21:49:16.8563200Z Preparing to unpack .../29-libcurl3-gnutls_7.88.1-10+deb12u14_amd64.deb ...
2026-04-23T21:49:16.8569279Z Unpacking libcurl3-gnutls:amd64 (7.88.1-10+deb12u14) ...
2026-04-23T21:49:16.8865388Z Selecting previously unselected package libexpat1:amd64.
2026-04-23T21:49:16.8873834Z Preparing to unpack .../30-libexpat1_2.5.0-1+deb12u2_amd64.deb ...
2026-04-23T21:49:16.8881017Z Unpacking libexpat1:amd64 (2.5.0-1+deb12u2) ...
2026-04-23T21:49:16.9028038Z Selecting previously unselected package liberror-perl.
2026-04-23T21:49:16.9036783Z Preparing to unpack .../31-liberror-perl_0.17029-2_all.deb ...
2026-04-23T21:49:16.9042596Z Unpacking liberror-perl (0.17029-2) ...
2026-04-23T21:49:16.9154754Z Selecting previously unselected package git-man.
2026-04-23T21:49:16.9162793Z Preparing to unpack .../32-git-man_1%3a2.39.5-0+deb12u3_all.deb ...
2026-04-23T21:49:16.9168711Z Unpacking git-man (1:2.39.5-0+deb12u3) ...
2026-04-23T21:49:17.0007561Z Selecting previously unselected package git.
2026-04-23T21:49:17.0019154Z Preparing to unpack .../33-git_1%3a2.39.5-0+deb12u3_amd64.deb ...
2026-04-23T21:49:17.0058422Z Unpacking git (1:2.39.5-0+deb12u3) ...
2026-04-23T21:49:17.3470924Z Selecting previously unselected package libldap-common.
2026-04-23T21:49:17.3481437Z Preparing to unpack .../34-libldap-common_2.5.13+dfsg-5_all.deb ...
2026-04-23T21:49:17.3490734Z Unpacking libldap-common (2.5.13+dfsg-5) ...
2026-04-23T21:49:17.3605625Z Selecting previously unselected package libsasl2-modules:amd64.
2026-04-23T21:49:17.3615949Z Preparing to unpack .../35-libsasl2-modules_2.1.28+dfsg-10_amd64.deb ...
2026-04-23T21:49:17.3651804Z Unpacking libsasl2-modules:amd64 (2.1.28+dfsg-10) ...
2026-04-23T21:49:17.3789292Z Selecting previously unselected package libxau6:amd64.
2026-04-23T21:49:17.3799365Z Preparing to unpack .../36-libxau6_1%3a1.0.9-1_amd64.deb ...
2026-04-23T21:49:17.3805427Z Unpacking libxau6:amd64 (1:1.0.9-1) ...
2026-04-23T21:49:17.3904488Z Selecting previously unselected package libxdmcp6:amd64.
2026-04-23T21:49:17.3914114Z Preparing to unpack .../37-libxdmcp6_1%3a1.1.2-3_amd64.deb ...
2026-04-23T21:49:17.3919286Z Unpacking libxdmcp6:amd64 (1:1.1.2-3) ...
2026-04-23T21:49:17.4035594Z Selecting previously unselected package libxcb1:amd64.
2026-04-23T21:49:17.4044488Z Preparing to unpack .../38-libxcb1_1.15-1_amd64.deb ...
2026-04-23T21:49:17.4051159Z Unpacking libxcb1:amd64 (1.15-1) ...
2026-04-23T21:49:17.4191538Z Selecting previously unselected package libx11-data.
2026-04-23T21:49:17.4199942Z Preparing to unpack .../39-libx11-data_2%3a1.8.4-2+deb12u2_all.deb ...
2026-04-23T21:49:17.4206291Z Unpacking libx11-data (2:1.8.4-2+deb12u2) ...
2026-04-23T21:49:17.4549261Z Selecting previously unselected package libx11-6:amd64.
2026-04-23T21:49:17.4560312Z Preparing to unpack .../40-libx11-6_2%3a1.8.4-2+deb12u2_amd64.deb ...
2026-04-23T21:49:17.4567042Z Unpacking libx11-6:amd64 (2:1.8.4-2+deb12u2) ...
2026-04-23T21:49:17.5073005Z Selecting previously unselected package libxext6:amd64.
2026-04-23T21:49:17.5083100Z Preparing to unpack .../41-libxext6_2%3a1.3.4-1+b1_amd64.deb ...
2026-04-23T21:49:17.5090339Z Unpacking libxext6:amd64 (2:1.3.4-1+b1) ...
2026-04-23T21:49:17.5211747Z Selecting previously unselected package libxmuu1:amd64.
2026-04-23T21:49:17.5222003Z Preparing to unpack .../42-libxmuu1_2%3a1.1.3-3_amd64.deb ...
2026-04-23T21:49:17.5228565Z Unpacking libxmuu1:amd64 (2:1.1.3-3) ...
2026-04-23T21:49:17.5323914Z Selecting previously unselected package patch.
2026-04-23T21:49:17.5332950Z Preparing to unpack .../43-patch_2.7.6-7_amd64.deb ...
2026-04-23T21:49:17.5339111Z Unpacking patch (2.7.6-7) ...
2026-04-23T21:49:17.5504514Z Selecting previously unselected package publicsuffix.
2026-04-23T21:49:17.5512882Z Preparing to unpack .../44-publicsuffix_20230209.2326-1_all.deb ...
2026-04-23T21:49:17.5519437Z Unpacking publicsuffix (20230209.2326-1) ...
2026-04-23T21:49:17.5682720Z Selecting previously unselected package xauth.
2026-04-23T21:49:17.5691366Z Preparing to unpack .../45-xauth_1%3a1.1.2-1_amd64.deb ...
2026-04-23T21:49:17.5697508Z Unpacking xauth (1:1.1.2-1) ...
2026-04-23T21:49:17.5859109Z Setting up libexpat1:amd64 (2.5.0-1+deb12u2) ...
2026-04-23T21:49:17.5876146Z Setting up libxau6:amd64 (1:1.0.9-1) ...
2026-04-23T21:49:17.5892987Z Setting up libkeyutils1:amd64 (1.6.3-2) ...
2026-04-23T21:49:17.5908928Z Setting up libpsl5:amd64 (0.21.2-1) ...
2026-04-23T21:49:17.5926003Z Setting up libcbor0.8:amd64 (0.8.0-2+b1) ...
2026-04-23T21:49:17.5941178Z Setting up libbrotli1:amd64 (1.0.9-2+b6) ...
2026-04-23T21:49:17.5956501Z Setting up libssl3:amd64 (3.0.19-1~deb12u2) ...
2026-04-23T21:49:17.5971071Z Setting up libnghttp2-14:amd64 (1.52.0-1+deb12u2) ...
2026-04-23T21:49:17.5986101Z Setting up less (590-2.1~deb12u2) ...
2026-04-23T21:49:17.6023205Z Setting up krb5-locales (1.20.1-2+deb12u4) ...
2026-04-23T21:49:17.6063415Z Setting up libldap-common (2.5.13+dfsg-5) ...
2026-04-23T21:49:17.6085074Z Setting up libkrb5support0:amd64 (1.20.1-2+deb12u4) ...
2026-04-23T21:49:17.6101026Z Setting up libsasl2-modules-db:amd64 (2.1.28+dfsg-10) ...
2026-04-23T21:49:17.6117499Z Setting up perl-modules-5.36 (5.36.0-7+deb12u3) ...
2026-04-23T21:49:17.6135415Z Setting up libx11-data (2:1.8.4-2+deb12u2) ...
2026-04-23T21:49:17.6151333Z Setting up librtmp1:amd64 (2.4+20151223.gitfa8646d.1-2+b2) ...
2026-04-23T21:49:17.6167020Z Setting up patch (2.7.6-7) ...
2026-04-23T21:49:17.6182874Z Setting up libk5crypto3:amd64 (1.20.1-2+deb12u4) ...
2026-04-23T21:49:17.6200011Z Setting up libsasl2-2:amd64 (2.1.28+dfsg-10) ...
2026-04-23T21:49:17.6214981Z Setting up git-man (1:2.39.5-0+deb12u3) ...
2026-04-23T21:49:17.6229326Z Setting up libssh2-1:amd64 (1.10.0-3+b1) ...
2026-04-23T21:49:17.6244794Z Setting up netbase (6.4) ...
2026-04-23T21:49:17.6294457Z Setting up libkrb5-3:amd64 (1.20.1-2+deb12u4) ...
2026-04-23T21:49:17.6311180Z Setting up libfido2-1:amd64 (1.12.0-2+b1) ...
2026-04-23T21:49:17.6329147Z Setting up openssl (3.0.19-1~deb12u2) ...
2026-04-23T21:49:17.6360871Z Setting up libbsd0:amd64 (0.11.7-2) ...
2026-04-23T21:49:17.6379085Z Setting up publicsuffix (20230209.2326-1) ...
2026-04-23T21:49:17.6396470Z Setting up libgdbm6:amd64 (1.23-3) ...
2026-04-23T21:49:17.6415597Z Setting up libxdmcp6:amd64 (1:1.1.2-3) ...
2026-04-23T21:49:17.6433755Z Setting up libxcb1:amd64 (1.15-1) ...
2026-04-23T21:49:17.6450311Z Setting up libedit2:amd64 (3.1-20221030-2) ...
2026-04-23T21:49:17.6467063Z Setting up libsasl2-modules:amd64 (2.1.28+dfsg-10) ...
2026-04-23T21:49:17.6512531Z Setting up libldap-2.5-0:amd64 (2.5.13+dfsg-5) ...
2026-04-23T21:49:17.6536934Z Setting up ca-certificates (20230311+deb12u1) ...
2026-04-23T21:49:17.7091543Z debconf: unable to initialize frontend: Dialog
2026-04-23T21:49:17.7092231Z debconf: (TERM is not set, so the dialog frontend is not usable.)
2026-04-23T21:49:17.7092801Z debconf: falling back to frontend: Readline
2026-04-23T21:49:17.7138269Z debconf: unable to initialize frontend: Readline
2026-04-23T21:49:17.7138851Z debconf: (This frontend requires a controlling tty.)
2026-04-23T21:49:17.7139213Z debconf: falling back to frontend: Teletype
2026-04-23T21:49:17.9783309Z Updating certificates in /etc/ssl/certs...
2026-04-23T21:49:18.3495795Z 142 added, 0 removed; done.
2026-04-23T21:49:18.3601482Z Setting up libgssapi-krb5-2:amd64 (1.20.1-2+deb12u4) ...
2026-04-23T21:49:18.3624963Z Setting up libgdbm-compat4:amd64 (1.23-3) ...
2026-04-23T21:49:18.3642029Z Setting up libx11-6:amd64 (2:1.8.4-2+deb12u2) ...
2026-04-23T21:49:18.3658670Z Setting up libperl5.36:amd64 (5.36.0-7+deb12u3) ...
2026-04-23T21:49:18.3675350Z Setting up libxmuu1:amd64 (2:1.1.3-3) ...
2026-04-23T21:49:18.3693088Z Setting up openssh-client (1:9.2p1-2+deb12u9) ...
2026-04-23T21:49:18.4063015Z Setting up libxext6:amd64 (2:1.3.4-1+b1) ...
2026-04-23T21:49:18.4077930Z Setting up libcurl3-gnutls:amd64 (7.88.1-10+deb12u14) ...
2026-04-23T21:49:18.4092879Z Setting up perl (5.36.0-7+deb12u3) ...
2026-04-23T21:49:18.4155433Z Setting up xauth (1:1.1.2-1) ...
2026-04-23T21:49:18.4172212Z Setting up liberror-perl (0.17029-2) ...
2026-04-23T21:49:18.4188282Z Setting up git (1:2.39.5-0+deb12u3) ...
2026-04-23T21:49:18.4239294Z Processing triggers for libc-bin (2.36-9+deb12u13) ...
2026-04-23T21:49:18.4304483Z Processing triggers for ca-certificates (20230311+deb12u1) ...
2026-04-23T21:49:18.4331605Z Updating certificates in /etc/ssl/certs...
2026-04-23T21:49:18.7232230Z 0 added, 0 removed; done.
2026-04-23T21:49:18.7232728Z Running hooks in /etc/ca-certificates/update.d...
2026-04-23T21:49:18.7239878Z done.
2026-04-23T21:49:18.7533695Z ##[group]Run actions/checkout@v4
2026-04-23T21:49:18.7534236Z with:
2026-04-23T21:49:18.7534486Z   submodules: recursive
2026-04-23T21:49:18.7534824Z   repository: mlecabellec/quasar
2026-04-23T21:49:18.7535328Z   token: ***
2026-04-23T21:49:18.7535593Z   ssh-strict: true
2026-04-23T21:49:18.7535856Z   ssh-user: git
2026-04-23T21:49:18.7536152Z   persist-credentials: true
2026-04-23T21:49:18.7536501Z   clean: true
2026-04-23T21:49:18.7536813Z   sparse-checkout-cone-mode: true
2026-04-23T21:49:18.7537202Z   fetch-depth: 1
2026-04-23T21:49:18.7537463Z   fetch-tags: false
2026-04-23T21:49:18.7537742Z   show-progress: true
2026-04-23T21:49:18.7538041Z   lfs: false
2026-04-23T21:49:18.7538341Z   set-safe-directory: true
2026-04-23T21:49:18.7538706Z ##[endgroup]
2026-04-23T21:49:18.7583112Z ##[command]/usr/bin/docker exec  f10879d27972d8e5720335e700e20f5abb292cc741dd7c49a275438ad59207bb sh -c "cat /etc/*release | grep ^ID"
2026-04-23T21:49:18.9413559Z Syncing repository: mlecabellec/quasar
2026-04-23T21:49:18.9415276Z ##[group]Getting Git version info
2026-04-23T21:49:18.9415568Z Working directory is '/__w/quasar/quasar'
2026-04-23T21:49:18.9416008Z [command]/usr/bin/git version
2026-04-23T21:49:18.9416228Z git version 2.39.5
2026-04-23T21:49:18.9422689Z ##[endgroup]
2026-04-23T21:49:18.9436008Z Temporarily overriding HOME='/__w/_temp/69bcb12f-bf63-4678-9771-ae711e1b6157' before making global git config changes
2026-04-23T21:49:18.9436798Z Adding repository directory to the temporary git global config as a safe directory
2026-04-23T21:49:18.9441167Z [command]/usr/bin/git config --global --add safe.directory /__w/quasar/quasar
2026-04-23T21:49:18.9465882Z Deleting the contents of '/__w/quasar/quasar'
2026-04-23T21:49:18.9469444Z ##[group]Initializing the repository
2026-04-23T21:49:18.9473296Z [command]/usr/bin/git init /__w/quasar/quasar
2026-04-23T21:49:18.9501539Z hint: Using 'master' as the name for the initial branch. This default branch name
2026-04-23T21:49:18.9502079Z hint: is subject to change. To configure the initial branch name to use in all
2026-04-23T21:49:18.9502513Z hint: of your new repositories, which will suppress this warning, call:
2026-04-23T21:49:18.9502838Z hint: 
2026-04-23T21:49:18.9503072Z hint: 	git config --global init.defaultBranch <name>
2026-04-23T21:49:18.9503339Z hint: 
2026-04-23T21:49:18.9503625Z hint: Names commonly chosen instead of 'master' are 'main', 'trunk' and
2026-04-23T21:49:18.9504225Z hint: 'development'. The just-created branch can be renamed via this command:
2026-04-23T21:49:18.9504714Z hint: 
2026-04-23T21:49:18.9504909Z hint: 	git branch -m <name>
2026-04-23T21:49:18.9506600Z Initialized empty Git repository in /__w/quasar/quasar/.git/
2026-04-23T21:49:18.9514853Z [command]/usr/bin/git remote add origin https://github.com/mlecabellec/quasar
2026-04-23T21:49:18.9535738Z ##[endgroup]
2026-04-23T21:49:18.9536082Z ##[group]Disabling automatic garbage collection
2026-04-23T21:49:18.9539091Z [command]/usr/bin/git config --local gc.auto 0
2026-04-23T21:49:18.9558939Z ##[endgroup]
2026-04-23T21:49:18.9559255Z ##[group]Setting up auth
2026-04-23T21:49:18.9565160Z [command]/usr/bin/git config --local --name-only --get-regexp core\.sshCommand
2026-04-23T21:49:18.9587375Z [command]/usr/bin/git submodule foreach --recursive sh -c "git config --local --name-only --get-regexp 'core\.sshCommand' && git config --local --unset-all 'core.sshCommand' || :"
2026-04-23T21:49:18.9746866Z [command]/usr/bin/git config --local --name-only --get-regexp http\.https\:\/\/github\.com\/\.extraheader
2026-04-23T21:49:18.9768184Z [command]/usr/bin/git submodule foreach --recursive sh -c "git config --local --name-only --get-regexp 'http\.https\:\/\/github\.com\/\.extraheader' && git config --local --unset-all 'http.https://github.com/.extraheader' || :"
2026-04-23T21:49:18.9926562Z [command]/usr/bin/git config --local --name-only --get-regexp ^includeIf\.gitdir:
2026-04-23T21:49:18.9948168Z [command]/usr/bin/git submodule foreach --recursive git config --local --show-origin --name-only --get-regexp remote.origin.url
2026-04-23T21:49:19.0106013Z [command]/usr/bin/git config --local http.https://github.com/.extraheader AUTHORIZATION: basic ***
2026-04-23T21:49:19.0130762Z ##[endgroup]
2026-04-23T21:49:19.0131244Z ##[group]Fetching the repository
2026-04-23T21:49:19.0137542Z [command]/usr/bin/git -c protocol.version=2 fetch --no-tags --prune --no-recurse-submodules --depth=1 origin +3feec416b6112e3307d7373bad75ab95341fa20a:refs/remotes/origin/main
2026-04-23T21:49:23.7358157Z From https://github.com/mlecabellec/quasar
2026-04-23T21:49:23.7358835Z  * [new ref]         3feec416b6112e3307d7373bad75ab95341fa20a -> origin/main
2026-04-23T21:49:23.7374285Z ##[endgroup]
2026-04-23T21:49:23.7374623Z ##[group]Determining the checkout info
2026-04-23T21:49:23.7377532Z ##[endgroup]
2026-04-23T21:49:23.7381868Z [command]/usr/bin/git sparse-checkout disable
2026-04-23T21:49:23.7408693Z [command]/usr/bin/git config --local --unset-all extensions.worktreeConfig
2026-04-23T21:49:23.7436589Z ##[group]Checking out the ref
2026-04-23T21:49:23.7439746Z [command]/usr/bin/git checkout --progress --force -B main refs/remotes/origin/main
2026-04-23T21:49:24.7988527Z Updating files:  86% (13407/15531)
2026-04-23T21:49:24.8144658Z Updating files:  87% (13512/15531)
2026-04-23T21:49:24.8356530Z Updating files:  88% (13668/15531)
2026-04-23T21:49:24.8579808Z Updating files:  89% (13823/15531)
2026-04-23T21:49:24.8776064Z Updating files:  90% (13978/15531)
2026-04-23T21:49:24.8941935Z Updating files:  91% (14134/15531)
2026-04-23T21:49:24.9045707Z Updating files:  92% (14289/15531)
2026-04-23T21:49:24.9379152Z Updating files:  93% (14444/15531)
2026-04-23T21:49:24.9513165Z Updating files:  94% (14600/15531)
2026-04-23T21:49:24.9810823Z Updating files:  95% (14755/15531)
2026-04-23T21:49:24.9950270Z Updating files:  96% (14910/15531)
2026-04-23T21:49:25.0091512Z Updating files:  97% (15066/15531)
2026-04-23T21:49:25.0170066Z Updating files:  98% (15221/15531)
2026-04-23T21:49:25.0238148Z Updating files:  99% (15376/15531)
2026-04-23T21:49:25.0238560Z Updating files: 100% (15531/15531)
2026-04-23T21:49:25.0238963Z Updating files: 100% (15531/15531), done.
2026-04-23T21:49:25.0399775Z Switched to a new branch 'main'
2026-04-23T21:49:25.0400210Z branch 'main' set up to track 'origin/main'.
2026-04-23T21:49:25.0434470Z ##[endgroup]
2026-04-23T21:49:25.0435046Z ##[group]Setting up auth for fetching submodules
2026-04-23T21:49:25.0439605Z [command]/usr/bin/git config --global http.https://github.com/.extraheader AUTHORIZATION: basic ***
2026-04-23T21:49:25.0469082Z [command]/usr/bin/git config --global --unset-all url.https://github.com/.insteadOf
2026-04-23T21:49:25.0489117Z [command]/usr/bin/git config --global --add url.https://github.com/.insteadOf git@github.com:
2026-04-23T21:49:25.0511868Z [command]/usr/bin/git config --global --add url.https://github.com/.insteadOf org-4432227@github.com:
2026-04-23T21:49:25.0530385Z ##[endgroup]
2026-04-23T21:49:25.0530746Z ##[group]Fetching submodules
2026-04-23T21:49:25.0533634Z [command]/usr/bin/git submodule sync --recursive
2026-04-23T21:49:25.0706718Z [command]/usr/bin/git -c protocol.version=2 submodule update --init --force --depth=1 --recursive
2026-04-23T21:49:25.0883207Z [command]/usr/bin/git submodule foreach --recursive git config --local gc.auto 0
2026-04-23T21:49:25.1050584Z ##[endgroup]
2026-04-23T21:49:25.1051210Z ##[group]Persisting credentials for submodules
2026-04-23T21:49:25.1057566Z [command]/usr/bin/git submodule foreach --recursive sh -c "git config --local --name-only --get-regexp 'url\.https\:\/\/github\.com\/\.insteadOf' && git config --local --unset-all 'url.https://github.com/.insteadOf' || :"
2026-04-23T21:49:25.1223354Z [command]/usr/bin/git submodule foreach --recursive sh -c "git config --local 'http.https://github.com/.extraheader' 'AUTHORIZATION: basic ***' && git config --local --show-origin --name-only --get-regexp remote.origin.url"
2026-04-23T21:49:25.1391215Z [command]/usr/bin/git submodule foreach --recursive git config --local --add 'url.https://github.com/.insteadOf' 'git@github.com:'
2026-04-23T21:49:25.1556920Z [command]/usr/bin/git submodule foreach --recursive git config --local --add 'url.https://github.com/.insteadOf' 'org-4432227@github.com:'
2026-04-23T21:49:25.1722468Z ##[endgroup]
2026-04-23T21:49:25.1748289Z [command]/usr/bin/git log -1 --format=%H
2026-04-23T21:49:25.1764747Z 3feec416b6112e3307d7373bad75ab95341fa20a
2026-04-23T21:49:25.1870926Z ##[group]Run apt-get update
2026-04-23T21:49:25.1871192Z [36;1mapt-get update[0m
2026-04-23T21:49:25.1871593Z [36;1mapt-get install -y ccache cmake g++ make git pkg-config python3 file linux-headers-amd64 \[0m
2026-04-23T21:49:25.1872037Z [36;1m                   nodejs npm \[0m
2026-04-23T21:49:25.1872552Z [36;1m                   libasound2-dev libx11-dev libxrandr-dev libxi-dev libgl1-mesa-dev libglu1-mesa-dev libxcursor-dev libxinerama-dev \[0m
2026-04-23T21:49:25.1873362Z [36;1m                   libgmp-dev libssl-dev libsasl2-dev libzstd-dev uuid-dev binutils-dev zlib1g-dev libiberty-dev libcurl4-openssl-dev gdb[0m
2026-04-23T21:49:25.1874276Z [36;1m# Attempt to install headers for the running kernel if possible, [0m
2026-04-23T21:49:25.1874854Z [36;1m# but in a container on GHA this is usually not matching the distro repo.[0m
2026-04-23T21:49:25.1875299Z [36;1m# We install the default headers for the distro to allow compilation [0m
2026-04-23T21:49:25.1875729Z [36;1m# if the build system allows specifying the KERNELDIR.[0m
2026-04-23T21:49:25.1876105Z shell: sh -e {0}
2026-04-23T21:49:25.1876289Z ##[endgroup]
2026-04-23T21:49:25.2879665Z Hit:1 http://deb.debian.org/debian bookworm InRelease
2026-04-23T21:49:25.3007224Z Hit:2 http://deb.debian.org/debian bookworm-updates InRelease
2026-04-23T21:49:25.3187728Z Hit:3 http://deb.debian.org/debian-security bookworm-security InRelease
2026-04-23T21:49:25.7721449Z Reading package lists...
2026-04-23T21:49:26.1615029Z Reading package lists...
2026-04-23T21:49:26.2436498Z Building dependency tree...
2026-04-23T21:49:26.2437593Z Reading state information...
2026-04-23T21:49:26.3536945Z git is already the newest version (1:2.39.5-0+deb12u3).
2026-04-23T21:49:26.3537686Z The following additional packages will be installed:
2026-04-23T21:49:26.3538373Z   alsa-topology-conf alsa-ucm-conf binutils binutils-common
2026-04-23T21:49:26.3539194Z   binutils-x86-64-linux-gnu build-essential bzip2 cmake-data cpp cpp-12 dbus
2026-04-23T21:49:26.3540155Z   dbus-bin dbus-daemon dbus-session-bus-common dbus-system-bus-common dirmngr
2026-04-23T21:49:26.3540993Z   dpkg-dev eslint fakeroot fontconfig-config fonts-dejavu-core g++-12 gcc
2026-04-23T21:49:26.3541735Z   gcc-12 gnupg gnupg-l10n gnupg-utils gpg gpg-agent gpg-wks-client
2026-04-23T21:49:26.3542504Z   gpg-wks-server gpgconf gpgsm gyp handlebars javascript-common
2026-04-23T21:49:26.3543302Z   libabsl20220623 libalgorithm-diff-perl libalgorithm-diff-xs-perl
2026-04-23T21:49:26.3544285Z   libalgorithm-merge-perl libaom3 libapparmor1 libarchive13 libasan8
2026-04-23T21:49:26.3545143Z   libasound2 libasound2-data libassuan0 libatomic1 libauthen-sasl-perl
2026-04-23T21:49:26.3545982Z   libavif15 libbabeltrace1 libbinutils libboost-regex1.74.0 libc-ares2
2026-04-23T21:49:26.3546868Z   libc-dev-bin libc-devtools libc6-dbg libc6-dev libcc1-0 libclone-perl
2026-04-23T21:49:26.3547774Z   libcrypt-dev libctf-nobfd0 libctf0 libcurl4 libdata-dump-perl libdav1d6
2026-04-23T21:49:26.3548653Z   libdbus-1-3 libde265-0 libdebuginfod-common libdebuginfod1 libdeflate0
2026-04-23T21:49:26.3549529Z   libdpkg-perl libdrm-amdgpu1 libdrm-common libdrm-intel1 libdrm-nouveau2
2026-04-23T21:49:26.3550350Z   libdrm-radeon1 libdrm2 libdw1 libegl-dev libegl-mesa0 libegl1 libelf1
2026-04-23T21:49:26.3551421Z   libencode-locale-perl libfakeroot libfile-basedir-perl
2026-04-23T21:49:26.3552140Z   libfile-desktopentry-perl libfile-fcntllock-perl libfile-listing-perl
2026-04-23T21:49:26.3552892Z   libfile-mimeinfo-perl libfont-afm-perl libfontconfig1 libfontenc1
2026-04-23T21:49:26.3553307Z   libfreetype6 libgav1-1 libgbm1 libgcc-12-dev libgd3 libgdk-pixbuf-2.0-0
2026-04-23T21:49:26.3553728Z   libgdk-pixbuf2.0-bin libgdk-pixbuf2.0-common libgl-dev libgl1
2026-04-23T21:49:26.3554298Z   libgl1-mesa-dri libglapi-mesa libgles-dev libgles1 libgles2 libglib2.0-0
2026-04-23T21:49:26.3554736Z   libglib2.0-data libglu1-mesa libglvnd-core-dev libglvnd-dev libglvnd0
2026-04-23T21:49:26.3555308Z   libglx-dev libglx-mesa0 libglx0 libgmpxx4ldbl libgomp1 libgpm2 libgprofng0
2026-04-23T21:49:26.3555731Z   libheif1 libhiredis0.14 libhtml-form-perl libhtml-format-perl
2026-04-23T21:49:26.3556112Z   libhtml-parser-perl libhtml-tagset-perl libhtml-tree-perl
2026-04-23T21:49:26.3556471Z   libhttp-cookies-perl libhttp-daemon-perl libhttp-date-perl
2026-04-23T21:49:26.3556901Z   libhttp-message-perl libhttp-negotiate-perl libice6 libicu72 libio-html-perl
2026-04-23T21:49:26.3557372Z   libio-socket-ssl-perl libio-stringy-perl libipc-system-simple-perl libipt2
2026-04-23T21:49:26.3557815Z   libisl23 libitm1 libjansson4 libjbig0 libjpeg62-turbo libjs-async
2026-04-23T21:49:26.3558203Z   libjs-events libjs-inherits libjs-is-typedarray libjs-prettify
2026-04-23T21:49:26.3558561Z   libjs-regenerate libjs-source-map libjs-sprintf-js
2026-04-23T21:49:26.3558927Z   libjs-typedarray-to-buffer libjs-util libjsoncpp25 libksba8 liblerc4
2026-04-23T21:49:26.3559335Z   libllvm15 liblocale-gettext-perl liblsan0 liblwp-mediatypes-perl
2026-04-23T21:49:26.3560084Z   liblwp-protocol-https-perl libmagic-mgc libmagic1 libmailtools-perl libmpc3
2026-04-23T21:49:26.3560887Z   libmpfr6 libncursesw6 libnet-dbus-perl libnet-http-perl libnet-smtp-ssl-perl
2026-04-23T21:49:26.3561728Z   libnet-ssleay-perl libnode-dev libnode108 libnotify-bin libnotify4 libnpth0
2026-04-23T21:49:26.3562519Z   libnsl-dev libnsl2 libnuma1 libopengl-dev libopengl0 libpciaccess0
2026-04-23T21:49:26.3563264Z   libpkgconf3 libpng16-16 libproc2-0 libpthread-stubs0-dev libpython3-stdlib
2026-04-23T21:49:26.3563704Z   libpython3.11 libpython3.11-minimal libpython3.11-stdlib libquadmath0
2026-04-23T21:49:26.3564275Z   librav1e0 libreadline8 libregexp-ipv6-perl librhash0 libsensors-config
2026-04-23T21:49:26.3564742Z   libsensors5 libsm6 libsource-highlight-common libsource-highlight4v5
2026-04-23T21:49:26.3565144Z   libsqlite3-0 libstdc++-12-dev libsvtav1enc1 libtext-iconv-perl
2026-04-23T21:49:26.3565569Z   libtie-ixhash-perl libtiff6 libtimedate-perl libtirpc-common libtirpc-dev
2026-04-23T21:49:26.3566034Z   libtirpc3 libtry-tiny-perl libtsan2 libubsan1 liburi-perl libuv1 libuv1-dev
2026-04-23T21:49:26.3566446Z   libwayland-client0 libwayland-server0 libwebp7 libwww-perl
2026-04-23T21:49:26.3566846Z   libwww-robotrules-perl libx11-protocol-perl libx11-xcb1 libx265-199
2026-04-23T21:49:26.3567279Z   libxau-dev libxaw7 libxcb-dri2-0 libxcb-dri3-0 libxcb-glx0 libxcb-present0
2026-04-23T21:49:26.3567710Z   libxcb-randr0 libxcb-shape0 libxcb-shm0 libxcb-sync1 libxcb-xfixes0
2026-04-23T21:49:26.3568112Z   libxcb1-dev libxcomposite1 libxcursor1 libxdmcp-dev libxext-dev
2026-04-23T21:49:26.3568498Z   libxfixes-dev libxfixes3 libxft2 libxi6 libxinerama1 libxkbfile1
2026-04-23T21:49:26.3568921Z   libxml-parser-perl libxml-twig-perl libxml-xpathengine-perl libxml2 libxmu6
2026-04-23T21:49:26.3569372Z   libxpm4 libxrandr2 libxrender-dev libxrender1 libxshmfence1 libxt6 libxtst6
2026-04-23T21:49:26.3569825Z   libxv1 libxxf86dga1 libxxf86vm1 libyuv0 libz3-4 linux-compiler-gcc-12-x86
2026-04-23T21:49:26.3570270Z   linux-headers-6.1.0-44-amd64 linux-headers-6.1.0-44-common linux-kbuild-6.1
2026-04-23T21:49:26.3570714Z   linux-libc-dev manpages manpages-dev media-types node-abbrev node-acorn
2026-04-23T21:49:26.3571139Z   node-agent-base node-ajv node-ajv-keywords node-ampproject-remapping
2026-04-23T21:49:26.3571733Z   node-ansi-escapes node-ansi-regex node-ansi-styles node-anymatch node-aproba
2026-04-23T21:49:26.3572187Z   node-archy node-are-we-there-yet node-argparse node-arrify node-assert
2026-04-23T21:49:26.3572538Z   node-async node-async-each node-auto-bind
2026-04-23T21:49:26.3572826Z   node-babel-helper-define-polyfill-provider
2026-04-23T21:49:26.3573173Z   node-babel-plugin-add-module-exports node-babel-plugin-lodash
2026-04-23T21:49:26.3573613Z   node-babel-plugin-polyfill-corejs2 node-babel-plugin-polyfill-corejs3
2026-04-23T21:49:26.3574143Z   node-babel-plugin-polyfill-regenerator node-babel7 node-babel7-runtime
2026-04-23T21:49:26.3574615Z   node-balanced-match node-base node-base64-js node-binary-extensions
2026-04-23T21:49:26.3575161Z   node-brace-expansion node-braces node-browserslist node-builtins node-busboy
2026-04-23T21:49:26.3575612Z   node-cacache node-cache-base node-camelcase node-caniuse-lite node-chalk
2026-04-23T21:49:26.3576024Z   node-chokidar node-chownr node-chrome-trace-event node-ci-info
2026-04-23T21:49:26.3576428Z   node-cjs-module-lexer node-cli-boxes node-cli-cursor node-cli-table
2026-04-23T21:49:26.3576838Z   node-cli-truncate node-cliui node-clone node-clone-deep
2026-04-23T21:49:26.3577216Z   node-collection-visit node-color-convert node-color-name node-colors
2026-04-23T21:49:26.3577618Z   node-columnify node-commander node-commondir node-concat-stream
2026-04-23T21:49:26.3578050Z   node-console-control-strings node-convert-source-map node-copy-concurrently
2026-04-23T21:49:26.3578488Z   node-core-js node-core-js-compat node-core-js-pure node-core-util-is
2026-04-23T21:49:26.3578872Z   node-coveralls node-css-loader node-css-selector-tokenizer
2026-04-23T21:49:26.3579258Z   node-data-uri-to-buffer node-debbundle-es-to-primitive node-debug
2026-04-23T21:49:26.3579669Z   node-decamelize node-decompress-response node-deep-equal node-deep-is
2026-04-23T21:49:26.3580102Z   node-defaults node-define-properties node-define-property node-defined
2026-04-23T21:49:26.3580492Z   node-del node-delegates node-depd node-diff node-doctrine
2026-04-23T21:49:26.3580849Z   node-electron-to-chromium node-encoding node-end-of-stream
2026-04-23T21:49:26.3581207Z   node-enhanced-resolve node-err-code node-errno node-error-ex
2026-04-23T21:49:26.3581559Z   node-es-abstract node-es-module-lexer node-es6-error
2026-04-23T21:49:26.3581957Z   node-escape-string-regexp node-escodegen node-eslint-scope node-eslint-utils
2026-04-23T21:49:26.3582387Z   node-eslint-visitor-keys node-espree node-esprima node-esquery
2026-04-23T21:49:26.3582785Z   node-esrecurse node-estraverse node-esutils node-events node-fancy-log
2026-04-23T21:49:26.3583225Z   node-fast-deep-equal node-fast-levenshtein node-fetch node-file-entry-cache
2026-04-23T21:49:26.3583654Z   node-fill-range node-find-cache-dir node-find-up node-flat-cache
2026-04-23T21:49:26.3584188Z   node-flatted node-for-in node-for-own node-foreground-child
2026-04-23T21:49:26.3584610Z   node-fs-readdir-recursive node-fs-write-stream-atomic node-fs.realpath
2026-04-23T21:49:26.3585030Z   node-function-bind node-functional-red-black-tree node-gauge
2026-04-23T21:49:26.3585399Z   node-get-caller-file node-get-stream node-get-value node-glob
2026-04-23T21:49:26.3585794Z   node-glob-parent node-globals node-globby node-got node-graceful-fs
2026-04-23T21:49:26.3586194Z   node-growl node-gyp node-has-flag node-has-unicode node-has-value
2026-04-23T21:49:26.3586621Z   node-has-values node-hosted-git-info node-https-proxy-agent node-iconv-lite
2026-04-23T21:49:26.3587055Z   node-icss-utils node-ieee754 node-iferr node-ignore node-imurmurhash
2026-04-23T21:49:26.3587480Z   node-indent-string node-inflight node-inherits node-ini node-interpret
2026-04-23T21:49:26.3587922Z   node-ip node-ip-regex node-is-arrayish node-is-binary-path node-is-buffer
2026-04-23T21:49:26.3588341Z   node-is-descriptor node-is-extendable node-is-extglob node-is-glob
2026-04-23T21:49:26.3588759Z   node-is-number node-is-path-cwd node-is-path-inside node-is-plain-obj
2026-04-23T21:49:26.3589285Z   node-is-plain-object node-is-primitive node-is-stream node-is-typedarray
2026-04-23T21:49:26.3589714Z   node-is-windows node-isarray node-isexe node-isobject node-istanbul
2026-04-23T21:49:26.3590136Z   node-jest-debbundle node-jest-worker node-js-tokens node-js-yaml node-jsesc
2026-04-23T21:49:26.3590566Z   node-json-buffer node-json-parse-better-errors node-json-schema
2026-04-23T21:49:26.3591005Z   node-json-schema-traverse node-json-stable-stringify node-json5 node-jsonify
2026-04-23T21:49:26.3591461Z   node-jsonparse node-kind-of node-lcov-parse node-levn node-loader-runner
2026-04-23T21:49:26.3591893Z   node-locate-path node-lodash node-lodash-packages node-log-driver
2026-04-23T21:49:26.3592378Z   node-lowercase-keys node-lru-cache node-make-dir node-map-visit node-memfs
2026-04-23T21:49:26.3592836Z   node-memory-fs node-merge-stream node-micromatch node-mime node-mime-types
2026-04-23T21:49:26.3593244Z   node-mimic-response node-minimatch node-minimist node-minipass
2026-04-23T21:49:26.3593672Z   node-mixin-deep node-mkdirp node-move-concurrently node-ms node-mute-stream
2026-04-23T21:49:26.3594365Z   node-n3 node-negotiator node-neo-async node-nopt node-normalize-package-data
2026-04-23T21:49:26.3594831Z   node-normalize-path node-npm-bundled node-npm-package-arg node-npm-run-path
2026-04-23T21:49:26.3595277Z   node-npmlog node-object-assign node-object-inspect node-object-visit
2026-04-23T21:49:26.3595671Z   node-once node-opener node-optimist node-optionator node-osenv
2026-04-23T21:49:26.3596100Z   node-p-cancelable node-p-limit node-p-locate node-p-map node-parse-json
2026-04-23T21:49:26.3596558Z   node-pascalcase node-path-dirname node-path-exists node-path-is-absolute
2026-04-23T21:49:26.3597015Z   node-path-is-inside node-path-type node-picocolors node-pify node-pkg-dir
2026-04-23T21:49:26.3597417Z   node-postcss node-postcss-modules-extract-imports
2026-04-23T21:49:26.3597803Z   node-postcss-modules-values node-postcss-value-parser node-prelude-ls
2026-04-23T21:49:26.3598238Z   node-process-nextick-args node-progress node-promise-inflight
2026-04-23T21:49:26.3598626Z   node-promise-retry node-promzard node-prr node-pump node-punycode
2026-04-23T21:49:26.3599030Z   node-quick-lru node-randombytes node-read node-read-package-json
2026-04-23T21:49:26.3599411Z   node-read-pkg node-readable-stream node-readdirp node-rechoir
2026-04-23T21:49:26.3599828Z   node-regenerate node-regenerate-unicode-properties node-regenerator-runtime
2026-04-23T21:49:26.3600300Z   node-regenerator-transform node-regexpp node-regexpu-core node-regjsgen
2026-04-23T21:49:26.3600737Z   node-regjsparser node-repeat-string node-require-directory node-resolve
2026-04-23T21:49:26.3601164Z   node-resolve-cwd node-resolve-from node-restore-cursor node-resumer
2026-04-23T21:49:26.3601576Z   node-retry node-rimraf node-run-queue node-safe-buffer node-schema-utils
2026-04-23T21:49:26.3601981Z   node-sellside-emitter node-semver node-serialize-javascript
2026-04-23T21:49:26.3602339Z   node-set-blocking node-set-immediate-shim node-set-value
2026-04-23T21:49:26.3602732Z   node-shebang-command node-shebang-regex node-shell-quote node-signal-exit
2026-04-23T21:49:26.3603156Z   node-slash node-slice-ansi node-source-list-map node-source-map
2026-04-23T21:49:26.3603537Z   node-source-map-support node-spdx-correct node-spdx-exceptions
2026-04-23T21:49:26.3604090Z   node-spdx-expression-parse node-spdx-license-ids node-sprintf-js node-ssri
2026-04-23T21:49:26.3604607Z   node-stack-utils node-string-decoder node-string-width node-strip-ansi
2026-04-23T21:49:26.3605040Z   node-strip-bom node-strip-json-comments node-supports-color node-tap
2026-04-23T21:49:26.3605470Z   node-tap-mocha-reporter node-tap-parser node-tapable node-tape node-tar
2026-04-23T21:49:26.3605863Z   node-terser node-text-table node-through node-time-stamp
2026-04-23T21:49:26.3606253Z   node-to-fast-properties node-to-regex-range node-tslib node-type-check
2026-04-23T21:49:26.3606636Z   node-typedarray node-typedarray-to-buffer node-undici
2026-04-23T21:49:26.3607082Z   node-unicode-canonical-property-names-ecmascript
2026-04-23T21:49:26.3607387Z   node-unicode-match-property-ecmascript
2026-04-23T21:49:26.3607682Z   node-unicode-match-property-value-ecmascript
2026-04-23T21:49:26.3608031Z   node-unicode-property-aliases-ecmascript node-union-value
2026-04-23T21:49:26.3608398Z   node-unique-filename node-unset-value node-uri-js node-util
2026-04-23T21:49:26.3608788Z   node-util-deprecate node-uuid node-v8-compile-cache node-v8flags
2026-04-23T21:49:26.3609205Z   node-validate-npm-package-license node-validate-npm-package-name
2026-04-23T21:49:26.3609633Z   node-watchpack node-wcwidth.js node-webassemblyjs node-webpack-sources
2026-04-23T21:49:26.3610126Z   node-which node-wide-align node-widest-line node-wordwrap node-wrap-ansi
2026-04-23T21:49:26.3610573Z   node-wrappy node-write node-write-file-atomic node-ws node-xtend node-y18n
2026-04-23T21:49:26.3683022Z   node-yallist node-yaml node-yargs node-yargs-parser nodejs-doc
2026-04-23T21:49:26.3683813Z   perl-openssl-defaults pinentry-curses pkgconf pkgconf-bin procps psmisc
2026-04-23T21:49:26.3684589Z   python3-minimal python3-pkg-resources python3-six python3.11
2026-04-23T21:49:26.3685236Z   python3.11-minimal readline-common rpcsvc-proto sensible-utils
2026-04-23T21:49:26.3685975Z   shared-mime-info terser ucf webpack x11-common x11-utils x11-xserver-utils
2026-04-23T21:49:26.3686720Z   x11proto-dev xdg-user-dirs xdg-utils xorg-sgml-doctools xtrans-dev xz-utils
2026-04-23T21:49:26.3687228Z   zutty
2026-04-23T21:49:26.3687507Z Suggested packages:
2026-04-23T21:49:26.3687958Z   binutils-doc bzip2-doc distcc | icecc cmake-doc cmake-format elpa-cmake-mode
2026-04-23T21:49:26.3688600Z   ninja-build cpp-doc gcc-12-locales cpp-12-doc default-dbus-session-bus
2026-04-23T21:49:26.3689245Z   | dbus-session-bus dbus-user-session libpam-systemd pinentry-gnome3 tor
2026-04-23T21:49:26.3689903Z   debian-keyring node-babel-eslint node-esprima-fb node-inquirer g++-multilib
2026-04-23T21:49:26.3690591Z   g++-12-multilib gcc-12-doc gcc-multilib autoconf automake libtool flex bison
2026-04-23T21:49:26.3691307Z   gcc-doc gcc-12-multilib gdb-doc gdbserver parcimonie xloadimage scdaemon
2026-04-23T21:49:26.3691939Z   apache2 | lighttpd | httpd lrzip libasound2-plugins alsa-utils
2026-04-23T21:49:26.3692624Z   libasound2-doc libdigest-hmac-perl libgssapi-perl glibc-doc libcurl4-doc
2026-04-23T21:49:26.3693404Z   libidn-dev libkrb5-dev libldap2-dev librtmp-dev libssh2-1-dev bzr
2026-04-23T21:49:26.3694229Z   libgd-tools low-memory-monitor gmp-doc libgmp10-doc libmpfr-dev gpm
2026-04-23T21:49:26.3695033Z   libjs-angularjs libcrypt-ssleay-perl notification-daemon pciutils lm-sensors
2026-04-23T21:49:26.3695963Z   libssl-doc libstdc++-12-doc libsub-name-perl libbusiness-isbn-perl
2026-04-23T21:49:26.3696760Z   libauthen-ntlm-perl libx11-doc libxcb-doc libxext-doc libunicode-map8-perl
2026-04-23T21:49:26.3697540Z   libunicode-string-perl xml-twig-tools make-doc man-browser
2026-04-23T21:49:26.3698365Z   node-babel-plugin-polyfill-es-shims node-babel7-debug livescript chai
2026-04-23T21:49:26.3699193Z   node-jest-diff debhelper pinentry-doc python3-doc python3-tk python3-venv
2026-04-23T21:49:26.3699983Z   python3-setuptools python3.11-venv python3.11-doc binfmt-support
2026-04-23T21:49:26.3700664Z   readline-doc mesa-utils nickle cairo-5c xorg-docs-core
2026-04-23T21:49:28.8812899Z The following NEW packages will be installed:
2026-04-23T21:49:28.8813760Z   alsa-topology-conf alsa-ucm-conf binutils binutils-common binutils-dev
2026-04-23T21:49:28.8815056Z   binutils-x86-64-linux-gnu build-essential bzip2 ccache cmake cmake-data cpp
2026-04-23T21:49:28.8815860Z   cpp-12 dbus dbus-bin dbus-daemon dbus-session-bus-common
2026-04-23T21:49:28.8816513Z   dbus-system-bus-common dirmngr dpkg-dev eslint fakeroot file
2026-04-23T21:49:28.8817179Z   fontconfig-config fonts-dejavu-core g++ g++-12 gcc gcc-12 gdb gnupg
2026-04-23T21:49:28.8817927Z   gnupg-l10n gnupg-utils gpg gpg-agent gpg-wks-client gpg-wks-server gpgconf
2026-04-23T21:49:28.8818547Z   gpgsm gyp handlebars javascript-common libabsl20220623
2026-04-23T21:49:28.8819393Z   libalgorithm-diff-perl libalgorithm-diff-xs-perl libalgorithm-merge-perl
2026-04-23T21:49:28.8820152Z   libaom3 libapparmor1 libarchive13 libasan8 libasound2 libasound2-data
2026-04-23T21:49:28.8820865Z   libasound2-dev libassuan0 libatomic1 libauthen-sasl-perl libavif15
2026-04-23T21:49:28.8821591Z   libbabeltrace1 libbinutils libboost-regex1.74.0 libc-ares2 libc-dev-bin
2026-04-23T21:49:28.8822323Z   libc-devtools libc6-dbg libc6-dev libcc1-0 libclone-perl libcrypt-dev
2026-04-23T21:49:28.8823054Z   libctf-nobfd0 libctf0 libcurl4 libcurl4-openssl-dev libdata-dump-perl
2026-04-23T21:49:28.8823784Z   libdav1d6 libdbus-1-3 libde265-0 libdebuginfod-common libdebuginfod1
2026-04-23T21:49:28.8824781Z   libdeflate0 libdpkg-perl libdrm-amdgpu1 libdrm-common libdrm-intel1
2026-04-23T21:49:28.8825512Z   libdrm-nouveau2 libdrm-radeon1 libdrm2 libdw1 libegl-dev libegl-mesa0
2026-04-23T21:49:28.8826241Z   libegl1 libelf1 libencode-locale-perl libfakeroot libfile-basedir-perl
2026-04-23T21:49:28.8827027Z   libfile-desktopentry-perl libfile-fcntllock-perl libfile-listing-perl
2026-04-23T21:49:28.8827753Z   libfile-mimeinfo-perl libfont-afm-perl libfontconfig1 libfontenc1
2026-04-23T21:49:28.8828514Z   libfreetype6 libgav1-1 libgbm1 libgcc-12-dev libgd3 libgdk-pixbuf-2.0-0
2026-04-23T21:49:28.8829130Z   libgdk-pixbuf2.0-bin libgdk-pixbuf2.0-common libgl-dev libgl1
2026-04-23T21:49:28.8829547Z   libgl1-mesa-dev libgl1-mesa-dri libglapi-mesa libgles-dev libgles1 libgles2
2026-04-23T21:49:28.8830005Z   libglib2.0-0 libglib2.0-data libglu1-mesa libglu1-mesa-dev libglvnd-core-dev
2026-04-23T21:49:28.8830429Z   libglvnd-dev libglvnd0 libglx-dev libglx-mesa0 libglx0 libgmp-dev
2026-04-23T21:49:28.8830832Z   libgmpxx4ldbl libgomp1 libgpm2 libgprofng0 libheif1 libhiredis0.14
2026-04-23T21:49:28.8831212Z   libhtml-form-perl libhtml-format-perl libhtml-parser-perl
2026-04-23T21:49:28.8831578Z   libhtml-tagset-perl libhtml-tree-perl libhttp-cookies-perl
2026-04-23T21:49:28.8831944Z   libhttp-daemon-perl libhttp-date-perl libhttp-message-perl
2026-04-23T21:49:28.8832339Z   libhttp-negotiate-perl libiberty-dev libice6 libicu72 libio-html-perl
2026-04-23T21:49:28.8832791Z   libio-socket-ssl-perl libio-stringy-perl libipc-system-simple-perl libipt2
2026-04-23T21:49:28.8833221Z   libisl23 libitm1 libjansson4 libjbig0 libjpeg62-turbo libjs-async
2026-04-23T21:49:28.8833614Z   libjs-events libjs-inherits libjs-is-typedarray libjs-prettify
2026-04-23T21:49:28.8833961Z   libjs-regenerate libjs-source-map libjs-sprintf-js
2026-04-23T21:49:28.8834696Z   libjs-typedarray-to-buffer libjs-util libjsoncpp25 libksba8 liblerc4
2026-04-23T21:49:28.8835456Z   libllvm15 liblocale-gettext-perl liblsan0 liblwp-mediatypes-perl
2026-04-23T21:49:28.8836172Z   liblwp-protocol-https-perl libmagic-mgc libmagic1 libmailtools-perl libmpc3
2026-04-23T21:49:28.8836659Z   libmpfr6 libncursesw6 libnet-dbus-perl libnet-http-perl libnet-smtp-ssl-perl
2026-04-23T21:49:28.8837124Z   libnet-ssleay-perl libnode-dev libnode108 libnotify-bin libnotify4 libnpth0
2026-04-23T21:49:28.8837571Z   libnsl-dev libnsl2 libnuma1 libopengl-dev libopengl0 libpciaccess0
2026-04-23T21:49:28.8837991Z   libpkgconf3 libpng16-16 libproc2-0 libpthread-stubs0-dev libpython3-stdlib
2026-04-23T21:49:28.8838435Z   libpython3.11 libpython3.11-minimal libpython3.11-stdlib libquadmath0
2026-04-23T21:49:28.8838883Z   librav1e0 libreadline8 libregexp-ipv6-perl librhash0 libsasl2-dev
2026-04-23T21:49:28.8839275Z   libsensors-config libsensors5 libsm6 libsource-highlight-common
2026-04-23T21:49:28.8839673Z   libsource-highlight4v5 libsqlite3-0 libssl-dev libstdc++-12-dev
2026-04-23T21:49:28.8840059Z   libsvtav1enc1 libtext-iconv-perl libtie-ixhash-perl libtiff6
2026-04-23T21:49:28.8840476Z   libtimedate-perl libtirpc-common libtirpc-dev libtirpc3 libtry-tiny-perl
2026-04-23T21:49:28.8840911Z   libtsan2 libubsan1 liburi-perl libuv1 libuv1-dev libwayland-client0
2026-04-23T21:49:28.8841340Z   libwayland-server0 libwebp7 libwww-perl libwww-robotrules-perl libx11-dev
2026-04-23T21:49:28.8841910Z   libx11-protocol-perl libx11-xcb1 libx265-199 libxau-dev libxaw7
2026-04-23T21:49:28.8842305Z   libxcb-dri2-0 libxcb-dri3-0 libxcb-glx0 libxcb-present0 libxcb-randr0
2026-04-23T21:49:28.8842728Z   libxcb-shape0 libxcb-shm0 libxcb-sync1 libxcb-xfixes0 libxcb1-dev
2026-04-23T21:49:28.8843139Z   libxcomposite1 libxcursor-dev libxcursor1 libxdmcp-dev libxext-dev
2026-04-23T21:49:28.8843539Z   libxfixes-dev libxfixes3 libxft2 libxi-dev libxi6 libxinerama-dev
2026-04-23T21:49:28.8843943Z   libxinerama1 libxkbfile1 libxml-parser-perl libxml-twig-perl
2026-04-23T21:49:28.8844430Z   libxml-xpathengine-perl libxml2 libxmu6 libxpm4 libxrandr-dev libxrandr2
2026-04-23T21:49:28.8844960Z   libxrender-dev libxrender1 libxshmfence1 libxt6 libxtst6 libxv1 libxxf86dga1
2026-04-23T21:49:28.8845387Z   libxxf86vm1 libyuv0 libz3-4 libzstd-dev linux-compiler-gcc-12-x86
2026-04-23T21:49:28.8845775Z   linux-headers-6.1.0-44-amd64 linux-headers-6.1.0-44-common
2026-04-23T21:49:28.8846160Z   linux-headers-amd64 linux-kbuild-6.1 linux-libc-dev make manpages
2026-04-23T21:49:28.8846568Z   manpages-dev media-types node-abbrev node-acorn node-agent-base node-ajv
2026-04-23T21:49:28.8846988Z   node-ajv-keywords node-ampproject-remapping node-ansi-escapes
2026-04-23T21:49:28.8847386Z   node-ansi-regex node-ansi-styles node-anymatch node-aproba node-archy
2026-04-23T21:49:28.8847811Z   node-are-we-there-yet node-argparse node-arrify node-assert node-async
2026-04-23T21:49:28.8848254Z   node-async-each node-auto-bind node-babel-helper-define-polyfill-provider
2026-04-23T21:49:28.8848698Z   node-babel-plugin-add-module-exports node-babel-plugin-lodash
2026-04-23T21:49:28.8849130Z   node-babel-plugin-polyfill-corejs2 node-babel-plugin-polyfill-corejs3
2026-04-23T21:49:28.8849581Z   node-babel-plugin-polyfill-regenerator node-babel7 node-babel7-runtime
2026-04-23T21:49:28.8850017Z   node-balanced-match node-base node-base64-js node-binary-extensions
2026-04-23T21:49:28.8850448Z   node-brace-expansion node-braces node-browserslist node-builtins node-busboy
2026-04-23T21:49:28.8850899Z   node-cacache node-cache-base node-camelcase node-caniuse-lite node-chalk
2026-04-23T21:49:28.8851301Z   node-chokidar node-chownr node-chrome-trace-event node-ci-info
2026-04-23T21:49:28.8851699Z   node-cjs-module-lexer node-cli-boxes node-cli-cursor node-cli-table
2026-04-23T21:49:28.8852073Z   node-cli-truncate node-cliui node-clone node-clone-deep
2026-04-23T21:49:28.8852443Z   node-collection-visit node-color-convert node-color-name node-colors
2026-04-23T21:49:28.8852847Z   node-columnify node-commander node-commondir node-concat-stream
2026-04-23T21:49:28.8853269Z   node-console-control-strings node-convert-source-map node-copy-concurrently
2026-04-23T21:49:28.8853726Z   node-core-js node-core-js-compat node-core-js-pure node-core-util-is
2026-04-23T21:49:28.8854241Z   node-coveralls node-css-loader node-css-selector-tokenizer
2026-04-23T21:49:28.8854677Z   node-data-uri-to-buffer node-debbundle-es-to-primitive node-debug
2026-04-23T21:49:28.8855097Z   node-decamelize node-decompress-response node-deep-equal node-deep-is
2026-04-23T21:49:28.8855522Z   node-defaults node-define-properties node-define-property node-defined
2026-04-23T21:49:28.8855939Z   node-del node-delegates node-depd node-diff node-doctrine
2026-04-23T21:49:28.8856289Z   node-electron-to-chromium node-encoding node-end-of-stream
2026-04-23T21:49:28.8856652Z   node-enhanced-resolve node-err-code node-errno node-error-ex
2026-04-23T21:49:28.8856999Z   node-es-abstract node-es-module-lexer node-es6-error
2026-04-23T21:49:28.8857402Z   node-escape-string-regexp node-escodegen node-eslint-scope node-eslint-utils
2026-04-23T21:49:28.8857845Z   node-eslint-visitor-keys node-espree node-esprima node-esquery
2026-04-23T21:49:28.8858241Z   node-esrecurse node-estraverse node-esutils node-events node-fancy-log
2026-04-23T21:49:28.8858686Z   node-fast-deep-equal node-fast-levenshtein node-fetch node-file-entry-cache
2026-04-23T21:49:28.8859111Z   node-fill-range node-find-cache-dir node-find-up node-flat-cache
2026-04-23T21:49:28.8859859Z   node-flatted node-for-in node-for-own node-foreground-child
2026-04-23T21:49:28.8860415Z   node-fs-readdir-recursive node-fs-write-stream-atomic node-fs.realpath
2026-04-23T21:49:28.8861048Z   node-function-bind node-functional-red-black-tree node-gauge
2026-04-23T21:49:28.8861638Z   node-get-caller-file node-get-stream node-get-value node-glob
2026-04-23T21:49:28.8862244Z   node-glob-parent node-globals node-globby node-got node-graceful-fs
2026-04-23T21:49:28.8862863Z   node-growl node-gyp node-has-flag node-has-unicode node-has-value
2026-04-23T21:49:28.8863536Z   node-has-values node-hosted-git-info node-https-proxy-agent node-iconv-lite
2026-04-23T21:49:28.8864597Z   node-icss-utils node-ieee754 node-iferr node-ignore node-imurmurhash
2026-04-23T21:49:28.8865209Z   node-indent-string node-inflight node-inherits node-ini node-interpret
2026-04-23T21:49:28.8865672Z   node-ip node-ip-regex node-is-arrayish node-is-binary-path node-is-buffer
2026-04-23T21:49:28.8866124Z   node-is-descriptor node-is-extendable node-is-extglob node-is-glob
2026-04-23T21:49:28.8866538Z   node-is-number node-is-path-cwd node-is-path-inside node-is-plain-obj
2026-04-23T21:49:28.8866982Z   node-is-plain-object node-is-primitive node-is-stream node-is-typedarray
2026-04-23T21:49:28.8867401Z   node-is-windows node-isarray node-isexe node-isobject node-istanbul
2026-04-23T21:49:28.8867837Z   node-jest-debbundle node-jest-worker node-js-tokens node-js-yaml node-jsesc
2026-04-23T21:49:28.8868268Z   node-json-buffer node-json-parse-better-errors node-json-schema
2026-04-23T21:49:28.8868712Z   node-json-schema-traverse node-json-stable-stringify node-json5 node-jsonify
2026-04-23T21:49:28.8869178Z   node-jsonparse node-kind-of node-lcov-parse node-levn node-loader-runner
2026-04-23T21:49:28.8869597Z   node-locate-path node-lodash node-lodash-packages node-log-driver
2026-04-23T21:49:28.8870022Z   node-lowercase-keys node-lru-cache node-make-dir node-map-visit node-memfs
2026-04-23T21:49:28.8870471Z   node-memory-fs node-merge-stream node-micromatch node-mime node-mime-types
2026-04-23T21:49:28.8870890Z   node-mimic-response node-minimatch node-minimist node-minipass
2026-04-23T21:49:28.8871302Z   node-mixin-deep node-mkdirp node-move-concurrently node-ms node-mute-stream
2026-04-23T21:49:28.8871768Z   node-n3 node-negotiator node-neo-async node-nopt node-normalize-package-data
2026-04-23T21:49:28.8872237Z   node-normalize-path node-npm-bundled node-npm-package-arg node-npm-run-path
2026-04-23T21:49:28.8872673Z   node-npmlog node-object-assign node-object-inspect node-object-visit
2026-04-23T21:49:28.8873071Z   node-once node-opener node-optimist node-optionator node-osenv
2026-04-23T21:49:28.8873483Z   node-p-cancelable node-p-limit node-p-locate node-p-map node-parse-json
2026-04-23T21:49:28.8873931Z   node-pascalcase node-path-dirname node-path-exists node-path-is-absolute
2026-04-23T21:49:28.8874600Z   node-path-is-inside node-path-type node-picocolors node-pify node-pkg-dir
2026-04-23T21:49:28.8874997Z   node-postcss node-postcss-modules-extract-imports
2026-04-23T21:49:28.8875388Z   node-postcss-modules-values node-postcss-value-parser node-prelude-ls
2026-04-23T21:49:28.8875807Z   node-process-nextick-args node-progress node-promise-inflight
2026-04-23T21:49:28.8876208Z   node-promise-retry node-promzard node-prr node-pump node-punycode
2026-04-23T21:49:28.8876611Z   node-quick-lru node-randombytes node-read node-read-package-json
2026-04-23T21:49:28.8877002Z   node-read-pkg node-readable-stream node-readdirp node-rechoir
2026-04-23T21:49:28.8877430Z   node-regenerate node-regenerate-unicode-properties node-regenerator-runtime
2026-04-23T21:49:28.8877896Z   node-regenerator-transform node-regexpp node-regexpu-core node-regjsgen
2026-04-23T21:49:28.8878406Z   node-regjsparser node-repeat-string node-require-directory node-resolve
2026-04-23T21:49:28.8878836Z   node-resolve-cwd node-resolve-from node-restore-cursor node-resumer
2026-04-23T21:49:28.8879252Z   node-retry node-rimraf node-run-queue node-safe-buffer node-schema-utils
2026-04-23T21:49:28.8879790Z   node-sellside-emitter node-semver node-serialize-javascript
2026-04-23T21:49:28.8880146Z   node-set-blocking node-set-immediate-shim node-set-value
2026-04-23T21:49:28.8880544Z   node-shebang-command node-shebang-regex node-shell-quote node-signal-exit
2026-04-23T21:49:28.8880972Z   node-slash node-slice-ansi node-source-list-map node-source-map
2026-04-23T21:49:28.8881369Z   node-source-map-support node-spdx-correct node-spdx-exceptions
2026-04-23T21:49:28.8881804Z   node-spdx-expression-parse node-spdx-license-ids node-sprintf-js node-ssri
2026-04-23T21:49:28.8882256Z   node-stack-utils node-string-decoder node-string-width node-strip-ansi
2026-04-23T21:49:28.8882747Z   node-strip-bom node-strip-json-comments node-supports-color node-tap
2026-04-23T21:49:28.8883186Z   node-tap-mocha-reporter node-tap-parser node-tapable node-tape node-tar
2026-04-23T21:49:28.8883576Z   node-terser node-text-table node-through node-time-stamp
2026-04-23T21:49:28.8884038Z   node-to-fast-properties node-to-regex-range node-tslib node-type-check
2026-04-23T21:49:28.8884429Z   node-typedarray node-typedarray-to-buffer node-undici
2026-04-23T21:49:28.8884771Z   node-unicode-canonical-property-names-ecmascript
2026-04-23T21:49:28.8885073Z   node-unicode-match-property-ecmascript
2026-04-23T21:49:28.8885364Z   node-unicode-match-property-value-ecmascript
2026-04-23T21:49:28.8885703Z   node-unicode-property-aliases-ecmascript node-union-value
2026-04-23T21:49:28.8886090Z   node-unique-filename node-unset-value node-uri-js node-util
2026-04-23T21:49:28.8886483Z   node-util-deprecate node-uuid node-v8-compile-cache node-v8flags
2026-04-23T21:49:28.8886905Z   node-validate-npm-package-license node-validate-npm-package-name
2026-04-23T21:49:28.8887336Z   node-watchpack node-wcwidth.js node-webassemblyjs node-webpack-sources
2026-04-23T21:49:28.8887767Z   node-which node-wide-align node-widest-line node-wordwrap node-wrap-ansi
2026-04-23T21:49:28.8888210Z   node-wrappy node-write node-write-file-atomic node-ws node-xtend node-y18n
2026-04-23T21:49:28.8888648Z   node-yallist node-yaml node-yargs node-yargs-parser nodejs nodejs-doc npm
2026-04-23T21:49:28.8889107Z   perl-openssl-defaults pinentry-curses pkg-config pkgconf pkgconf-bin procps
2026-04-23T21:49:28.8889571Z   psmisc python3 python3-minimal python3-pkg-resources python3-six python3.11
2026-04-23T21:49:28.8889982Z   python3.11-minimal readline-common rpcsvc-proto sensible-utils
2026-04-23T21:49:28.8890366Z   shared-mime-info terser ucf uuid-dev webpack x11-common x11-utils
2026-04-23T21:49:28.8890776Z   x11-xserver-utils x11proto-dev xdg-user-dirs xdg-utils xorg-sgml-doctools
2026-04-23T21:49:28.8891137Z   xtrans-dev xz-utils zlib1g-dev zutty
2026-04-23T21:49:28.9432752Z 0 upgraded, 700 newly installed, 0 to remove and 0 not upgraded.
2026-04-23T21:49:28.9433355Z Need to get 239 MB of archives.
2026-04-23T21:49:28.9433855Z After this operation, 1002 MB of additional disk space will be used.
2026-04-23T21:49:28.9434622Z Get:1 http://deb.debian.org/debian bookworm/main amd64 libdbus-1-3 amd64 1.14.10-1~deb12u1 [201 kB]
2026-04-23T21:49:29.0044943Z Get:2 http://deb.debian.org/debian bookworm/main amd64 dbus-bin amd64 1.14.10-1~deb12u1 [105 kB]
2026-04-23T21:49:29.0091516Z Get:3 http://deb.debian.org/debian bookworm/main amd64 dbus-session-bus-common all 1.14.10-1~deb12u1 [78.2 kB]
2026-04-23T21:49:29.0223346Z Get:4 http://deb.debian.org/debian bookworm/main amd64 libapparmor1 amd64 3.0.8-3 [41.2 kB]
2026-04-23T21:49:29.0253914Z Get:5 http://deb.debian.org/debian bookworm/main amd64 dbus-daemon amd64 1.14.10-1~deb12u1 [184 kB]
2026-04-23T21:49:29.0410496Z Get:6 http://deb.debian.org/debian bookworm/main amd64 dbus-system-bus-common all 1.14.10-1~deb12u1 [79.3 kB]
2026-04-23T21:49:29.0600713Z Get:7 http://deb.debian.org/debian bookworm/main amd64 dbus amd64 1.14.10-1~deb12u1 [97.4 kB]
2026-04-23T21:49:29.0606295Z Get:8 http://deb.debian.org/debian bookworm/main amd64 sensible-utils all 0.0.17+nmu1 [19.0 kB]
2026-04-23T21:49:29.0611956Z Get:9 http://deb.debian.org/debian bookworm/main amd64 ucf all 3.0043+nmu1+deb12u1 [55.3 kB]
2026-04-23T21:49:29.0922442Z Get:10 http://deb.debian.org/debian bookworm/main amd64 libdebuginfod-common all 0.188-2.1 [21.5 kB]
2026-04-23T21:49:29.0925238Z Get:11 http://deb.debian.org/debian bookworm/main amd64 liblocale-gettext-perl amd64 1.07-5 [15.4 kB]
2026-04-23T21:49:29.0929001Z Get:12 http://deb.debian.org/debian bookworm/main amd64 libpython3.11-minimal amd64 3.11.2-6+deb12u6 [817 kB]
2026-04-23T21:49:29.1287285Z Get:13 http://deb.debian.org/debian bookworm/main amd64 python3.11-minimal amd64 3.11.2-6+deb12u6 [2064 kB]
2026-04-23T21:49:29.1669727Z Get:14 http://deb.debian.org/debian bookworm/main amd64 python3-minimal amd64 3.11.2-1+b1 [26.3 kB]
2026-04-23T21:49:29.1670803Z Get:15 http://deb.debian.org/debian bookworm/main amd64 media-types all 10.0.0 [26.1 kB]
2026-04-23T21:49:29.1675107Z Get:16 http://deb.debian.org/debian bookworm/main amd64 libncursesw6 amd64 6.4-4 [134 kB]
2026-04-23T21:49:29.1681983Z Get:17 http://deb.debian.org/debian bookworm/main amd64 libtirpc-common all 1.3.3+ds-1 [14.0 kB]
2026-04-23T21:49:29.1682955Z Get:18 http://deb.debian.org/debian bookworm/main amd64 libtirpc3 amd64 1.3.3+ds-1 [85.2 kB]
2026-04-23T21:49:29.1687906Z Get:19 http://deb.debian.org/debian bookworm/main amd64 libnsl2 amd64 1.3.0-2 [39.5 kB]
2026-04-23T21:49:29.1691884Z Get:20 http://deb.debian.org/debian bookworm/main amd64 readline-common all 8.2-1.3 [69.0 kB]
2026-04-23T21:49:29.1695358Z Get:21 http://deb.debian.org/debian bookworm/main amd64 libreadline8 amd64 8.2-1.3 [166 kB]
2026-04-23T21:49:29.1796379Z Get:22 http://deb.debian.org/debian bookworm/main amd64 libsqlite3-0 amd64 3.40.1-2+deb12u2 [839 kB]
2026-04-23T21:49:29.1854949Z Get:23 http://deb.debian.org/debian bookworm/main amd64 libpython3.11-stdlib amd64 3.11.2-6+deb12u6 [1798 kB]
2026-04-23T21:49:29.2030374Z Get:24 http://deb.debian.org/debian bookworm/main amd64 python3.11 amd64 3.11.2-6+deb12u6 [573 kB]
2026-04-23T21:49:29.2052191Z Get:25 http://deb.debian.org/debian bookworm/main amd64 libpython3-stdlib amd64 3.11.2-1+b1 [9312 B]
2026-04-23T21:49:29.2053948Z Get:26 http://deb.debian.org/debian bookworm/main amd64 python3 amd64 3.11.2-1+b1 [26.3 kB]
2026-04-23T21:49:29.2056489Z Get:27 http://deb.debian.org/debian bookworm/main amd64 libproc2-0 amd64 2:4.0.2-3 [62.8 kB]
2026-04-23T21:49:29.2060298Z Get:28 http://deb.debian.org/debian bookworm/main amd64 procps amd64 2:4.0.2-3 [709 kB]
2026-04-23T21:49:29.2137109Z Get:29 http://deb.debian.org/debian bookworm/main amd64 bzip2 amd64 1.0.8-5+b1 [49.8 kB]
2026-04-23T21:49:29.2141177Z Get:30 http://deb.debian.org/debian bookworm/main amd64 libmagic-mgc amd64 1:5.44-3 [305 kB]
2026-04-23T21:49:29.2338633Z Get:31 http://deb.debian.org/debian bookworm/main amd64 libmagic1 amd64 1:5.44-3 [104 kB]
2026-04-23T21:49:29.2344083Z Get:32 http://deb.debian.org/debian bookworm/main amd64 file amd64 1:5.44-3 [42.5 kB]
2026-04-23T21:49:29.2359814Z Get:33 http://deb.debian.org/debian bookworm/main amd64 manpages all 6.03-2 [1332 kB]
2026-04-23T21:49:29.2400268Z Get:34 http://deb.debian.org/debian bookworm/main amd64 xz-utils amd64 5.4.1-1 [471 kB]
2026-04-23T21:49:29.2416632Z Get:35 http://deb.debian.org/debian bookworm/main amd64 alsa-topology-conf all 1.2.5.1-2 [15.2 kB]
2026-04-23T21:49:29.2418138Z Get:36 http://deb.debian.org/debian bookworm/main amd64 libasound2-data all 1.2.8-1 [20.5 kB]
2026-04-23T21:49:29.2608045Z Get:37 http://deb.debian.org/debian bookworm/main amd64 libasound2 amd64 1.2.8-1+b1 [362 kB]
2026-04-23T21:49:29.2620882Z Get:38 http://deb.debian.org/debian bookworm/main amd64 alsa-ucm-conf all 1.2.8-1 [51.7 kB]
2026-04-23T21:49:29.2811529Z Get:39 http://deb.debian.org/debian bookworm/main amd64 binutils-common amd64 2.40-2 [2487 kB]
2026-04-23T21:49:29.2889472Z Get:40 http://deb.debian.org/debian bookworm/main amd64 libbinutils amd64 2.40-2 [572 kB]
2026-04-23T21:49:29.2909019Z Get:41 http://deb.debian.org/debian bookworm/main amd64 libctf-nobfd0 amd64 2.40-2 [153 kB]
2026-04-23T21:49:29.2915685Z Get:42 http://deb.debian.org/debian bookworm/main amd64 libctf0 amd64 2.40-2 [89.8 kB]
2026-04-23T21:49:29.2919895Z Get:43 http://deb.debian.org/debian bookworm/main amd64 libgprofng0 amd64 2.40-2 [812 kB]
2026-04-23T21:49:29.2947301Z Get:44 http://deb.debian.org/debian bookworm/main amd64 libjansson4 amd64 2.14-2 [40.8 kB]
2026-04-23T21:49:29.2949864Z Get:45 http://deb.debian.org/debian bookworm/main amd64 binutils-x86-64-linux-gnu amd64 2.40-2 [2246 kB]
2026-04-23T21:49:29.3023652Z Get:46 http://deb.debian.org/debian bookworm/main amd64 binutils amd64 2.40-2 [65.0 kB]
2026-04-23T21:49:29.3027647Z Get:47 http://deb.debian.org/debian bookworm/main amd64 binutils-dev amd64 2.40-2 [4175 kB]
2026-04-23T21:49:29.3228063Z Get:48 http://deb.debian.org/debian bookworm/main amd64 libc-dev-bin amd64 2.36-9+deb12u13 [47.4 kB]
2026-04-23T21:49:29.3230959Z Get:49 http://deb.debian.org/debian-security bookworm-security/main amd64 linux-libc-dev amd64 6.1.164-1 [2240 kB]
2026-04-23T21:49:29.3264814Z Get:50 http://deb.debian.org/debian bookworm/main amd64 libcrypt-dev amd64 1:4.4.33-2 [118 kB]
2026-04-23T21:49:29.3270998Z Get:51 http://deb.debian.org/debian bookworm/main amd64 libtirpc-dev amd64 1.3.3+ds-1 [191 kB]
2026-04-23T21:49:29.3280025Z Get:52 http://deb.debian.org/debian bookworm/main amd64 libnsl-dev amd64 1.3.0-2 [66.4 kB]
2026-04-23T21:49:29.3283690Z Get:53 http://deb.debian.org/debian bookworm/main amd64 rpcsvc-proto amd64 1.4.3-1 [63.3 kB]
2026-04-23T21:49:29.3287376Z Get:54 http://deb.debian.org/debian bookworm/main amd64 libc6-dev amd64 2.36-9+deb12u13 [1904 kB]
2026-04-23T21:49:29.3346040Z Get:55 http://deb.debian.org/debian bookworm/main amd64 libisl23 amd64 0.25-1.1 [683 kB]
2026-04-23T21:49:29.3367608Z Get:56 http://deb.debian.org/debian bookworm/main amd64 libmpfr6 amd64 4.2.0-1 [701 kB]
2026-04-23T21:49:29.3424286Z Get:57 http://deb.debian.org/debian bookworm/main amd64 libmpc3 amd64 1.3.1-1 [51.5 kB]
2026-04-23T21:49:29.3430418Z Get:58 http://deb.debian.org/debian bookworm/main amd64 cpp-12 amd64 12.2.0-14+deb12u1 [9768 kB]
2026-04-23T21:49:29.3721020Z Get:59 http://deb.debian.org/debian bookworm/main amd64 cpp amd64 4:12.2.0-3 [6836 B]
2026-04-23T21:49:29.3722059Z Get:60 http://deb.debian.org/debian bookworm/main amd64 libcc1-0 amd64 12.2.0-14+deb12u1 [41.7 kB]
2026-04-23T21:49:29.3723068Z Get:61 http://deb.debian.org/debian bookworm/main amd64 libgomp1 amd64 12.2.0-14+deb12u1 [116 kB]
2026-04-23T21:49:29.3729982Z Get:62 http://deb.debian.org/debian bookworm/main amd64 libitm1 amd64 12.2.0-14+deb12u1 [26.1 kB]
2026-04-23T21:49:29.3731769Z Get:63 http://deb.debian.org/debian bookworm/main amd64 libatomic1 amd64 12.2.0-14+deb12u1 [9376 B]
2026-04-23T21:49:29.3734754Z Get:64 http://deb.debian.org/debian bookworm/main amd64 libasan8 amd64 12.2.0-14+deb12u1 [2193 kB]
2026-04-23T21:49:29.3802115Z Get:65 http://deb.debian.org/debian bookworm/main amd64 liblsan0 amd64 12.2.0-14+deb12u1 [969 kB]
2026-04-23T21:49:29.3833134Z Get:66 http://deb.debian.org/debian bookworm/main amd64 libtsan2 amd64 12.2.0-14+deb12u1 [2197 kB]
2026-04-23T21:49:29.3897473Z Get:67 http://deb.debian.org/debian bookworm/main amd64 libubsan1 amd64 12.2.0-14+deb12u1 [883 kB]
2026-04-23T21:49:29.3936555Z Get:68 http://deb.debian.org/debian bookworm/main amd64 libquadmath0 amd64 12.2.0-14+deb12u1 [145 kB]
2026-04-23T21:49:29.3946115Z Get:69 http://deb.debian.org/debian bookworm/main amd64 libgcc-12-dev amd64 12.2.0-14+deb12u1 [2437 kB]
2026-04-23T21:49:29.4020086Z Get:70 http://deb.debian.org/debian bookworm/main amd64 gcc-12 amd64 12.2.0-14+deb12u1 [19.3 MB]
2026-04-23T21:49:29.4579207Z Get:71 http://deb.debian.org/debian bookworm/main amd64 gcc amd64 4:12.2.0-3 [5216 B]
2026-04-23T21:49:29.4579905Z Get:72 http://deb.debian.org/debian bookworm/main amd64 libstdc++-12-dev amd64 12.2.0-14+deb12u1 [2047 kB]
2026-04-23T21:49:29.4642851Z Get:73 http://deb.debian.org/debian bookworm/main amd64 g++-12 amd64 12.2.0-14+deb12u1 [10.7 MB]
2026-04-23T21:49:29.4951309Z Get:74 http://deb.debian.org/debian bookworm/main amd64 g++ amd64 4:12.2.0-3 [1356 B]
2026-04-23T21:49:29.4952991Z Get:75 http://deb.debian.org/debian bookworm/main amd64 make amd64 4.3-4.1 [396 kB]
2026-04-23T21:49:29.4968450Z Get:76 http://deb.debian.org/debian bookworm/main amd64 libdpkg-perl all 1.21.22 [603 kB]
2026-04-23T21:49:29.4990303Z Get:77 http://deb.debian.org/debian bookworm/main amd64 dpkg-dev all 1.21.22 [1353 kB]
2026-04-23T21:49:29.5035718Z Get:78 http://deb.debian.org/debian bookworm/main amd64 build-essential amd64 12.9 [7704 B]
2026-04-23T21:49:29.5037221Z Get:79 http://deb.debian.org/debian bookworm/main amd64 libhiredis0.14 amd64 0.14.1-3 [35.9 kB]
2026-04-23T21:49:29.5047952Z Get:80 http://deb.debian.org/debian bookworm/main amd64 ccache amd64 4.8+really4.7.5-1 [644 kB]
2026-04-23T21:49:29.5062287Z Get:81 http://deb.debian.org/debian bookworm/main amd64 libicu72 amd64 72.1-3+deb12u1 [9376 kB]
2026-04-23T21:49:29.5340883Z Get:82 http://deb.debian.org/debian bookworm/main amd64 libxml2 amd64 2.9.14+dfsg-1.3~deb12u5 [688 kB]
2026-04-23T21:49:29.5363750Z Get:83 http://deb.debian.org/debian bookworm/main amd64 libarchive13 amd64 3.6.2-1+deb12u3 [343 kB]
2026-04-23T21:49:29.5376019Z Get:84 http://deb.debian.org/debian bookworm/main amd64 libcurl4 amd64 7.88.1-10+deb12u14 [392 kB]
2026-04-23T21:49:29.5389176Z Get:85 http://deb.debian.org/debian bookworm/main amd64 libjsoncpp25 amd64 1.9.5-4 [78.6 kB]
2026-04-23T21:49:29.5509104Z Get:86 http://deb.debian.org/debian bookworm/main amd64 librhash0 amd64 1.4.3-3 [134 kB]
2026-04-23T21:49:29.5515930Z Get:87 http://deb.debian.org/debian bookworm/main amd64 libuv1 amd64 1.44.2-1+deb12u1 [136 kB]
2026-04-23T21:49:29.5522595Z Get:88 http://deb.debian.org/debian bookworm/main amd64 cmake-data all 3.25.1-1 [2026 kB]
2026-04-23T21:49:29.5587389Z Get:89 http://deb.debian.org/debian bookworm/main amd64 cmake amd64 3.25.1-1 [8692 kB]
2026-04-23T21:49:29.5838426Z Get:90 http://deb.debian.org/debian bookworm/main amd64 libassuan0 amd64 2.5.5-5 [48.5 kB]
2026-04-23T21:49:29.5840396Z Get:91 http://deb.debian.org/debian bookworm/main amd64 gpgconf amd64 2.2.40-1.1+deb12u2 [565 kB]
2026-04-23T21:49:29.5914678Z Get:92 http://deb.debian.org/debian bookworm/main amd64 libksba8 amd64 1.6.3-2 [128 kB]
2026-04-23T21:49:29.5923051Z Get:93 http://deb.debian.org/debian bookworm/main amd64 libnpth0 amd64 1.6-3 [19.0 kB]
2026-04-23T21:49:29.5926065Z Get:94 http://deb.debian.org/debian bookworm/main amd64 dirmngr amd64 2.2.40-1.1+deb12u2 [793 kB]
2026-04-23T21:49:29.5949594Z Get:95 http://deb.debian.org/debian bookworm/main amd64 node-fast-deep-equal all 3.1.3-3 [5768 B]
2026-04-23T21:49:29.5952904Z Get:96 http://deb.debian.org/debian bookworm/main amd64 node-json-schema-traverse all 1.0.0-3 [6308 B]
2026-04-23T21:49:29.5954259Z Get:97 http://deb.debian.org/debian bookworm/main amd64 node-jsonify all 0.0.1-1 [8704 B]
2026-04-23T21:49:29.5954966Z Get:98 http://deb.debian.org/debian bookworm/main amd64 node-json-stable-stringify all 1.0.2+~cs5.2.34-1 [11.3 kB]
2026-04-23T21:49:29.6052556Z Get:99 http://deb.debian.org/debian bookworm/main amd64 libc-ares2 amd64 1.18.1-3 [102 kB]
2026-04-23T21:49:29.6058546Z Get:100 http://deb.debian.org/debian bookworm/main amd64 node-xtend all 4.0.2-3 [3932 B]
2026-04-23T21:49:29.6069512Z Get:101 http://deb.debian.org/debian bookworm/main amd64 node-acorn all 8.8.1+ds+~cs25.17.7-2 [128 kB]
2026-04-23T21:49:29.6262524Z Get:102 http://deb.debian.org/debian bookworm/main amd64 node-cjs-module-lexer all 1.2.2+dfsg-5 [30.1 kB]
2026-04-23T21:49:29.6266922Z Get:103 http://deb.debian.org/debian bookworm/main amd64 node-busboy all 1.6.0+~cs2.6.0-2 [16.9 kB]
2026-04-23T21:49:29.6269841Z Get:104 http://deb.debian.org/debian bookworm/main amd64 node-undici all 5.15.0+dfsg1+~cs20.10.9.3-1+deb12u4 [285 kB]
2026-04-23T21:49:29.6282055Z Get:105 http://deb.debian.org/debian bookworm/main amd64 libnode108 amd64 18.20.4+dfsg-1~deb12u1 [10.6 MB]
2026-04-23T21:49:29.6651380Z Get:106 http://deb.debian.org/debian bookworm/main amd64 nodejs amd64 18.20.4+dfsg-1~deb12u1 [319 kB]
2026-04-23T21:49:29.6664883Z Get:107 http://deb.debian.org/debian bookworm/main amd64 node-punycode all 2.1.1-6 [9444 B]
2026-04-23T21:49:29.6666308Z Get:108 http://deb.debian.org/debian bookworm/main amd64 node-uri-js all 4.4.0+dfsg-8 [47.3 kB]
2026-04-23T21:49:29.6669738Z Get:109 http://deb.debian.org/debian bookworm/main amd64 node-ajv all 6.12.6-3 [74.0 kB]
2026-04-23T21:49:29.6674163Z Get:110 http://deb.debian.org/debian bookworm/main amd64 libjs-inherits all 2.0.4-6 [3548 B]
2026-04-23T21:49:29.6676369Z Get:111 http://deb.debian.org/debian bookworm/main amd64 node-inherits all 2.0.4-6 [4548 B]
2026-04-23T21:49:29.6677359Z Get:112 http://deb.debian.org/debian bookworm/main amd64 node-core-util-is all 1.0.3-1 [4072 B]
2026-04-23T21:49:29.6682937Z Get:113 http://deb.debian.org/debian bookworm/main amd64 node-safe-buffer all 5.2.1+~cs2.1.2-3 [15.5 kB]
2026-04-23T21:49:29.6685921Z Get:114 http://deb.debian.org/debian bookworm/main amd64 node-string-decoder all 1.3.0-6 [7180 B]
2026-04-23T21:49:29.6785681Z Get:115 http://deb.debian.org/debian bookworm/main amd64 node-process-nextick-args all 2.0.1-3 [3816 B]
2026-04-23T21:49:29.6960237Z Get:116 http://deb.debian.org/debian bookworm/main amd64 node-util-deprecate all 1.0.2-3 [4436 B]
2026-04-23T21:49:29.6963839Z Get:117 http://deb.debian.org/debian bookworm/main amd64 node-isarray all 2.0.5-4 [4040 B]
2026-04-23T21:49:29.6964860Z Get:118 http://deb.debian.org/debian bookworm/main amd64 node-readable-stream all 3.6.0+~cs3.0.0-4 [32.0 kB]
2026-04-23T21:49:29.6969114Z Get:119 http://deb.debian.org/debian bookworm/main amd64 node-typedarray all 0.0.7-1 [11.4 kB]
2026-04-23T21:49:29.6972560Z Get:120 http://deb.debian.org/debian bookworm/main amd64 node-concat-stream all 2.0.0+~2.0.0-2 [6388 B]
2026-04-23T21:49:29.6977354Z Get:121 http://deb.debian.org/debian bookworm/main amd64 node-ms all 2.1.3+~cs0.7.31-3 [5648 B]
2026-04-23T21:49:29.6980859Z Get:122 http://deb.debian.org/debian bookworm/main amd64 node-debug all 4.3.4+~cs4.1.7-1 [18.1 kB]
2026-04-23T21:49:29.6986354Z Get:123 http://deb.debian.org/debian bookworm/main amd64 node-esutils all 2.0.3+~2.0.0-1 [12.4 kB]
2026-04-23T21:49:29.6989476Z Get:124 http://deb.debian.org/debian bookworm/main amd64 node-doctrine all 3.0.0-4 [19.9 kB]
2026-04-23T21:49:29.7138290Z Get:125 http://deb.debian.org/debian bookworm/main amd64 node-eslint-visitor-keys all 3.3.0+~1.0.0-1 [17.1 kB]
2026-04-23T21:49:29.7311551Z Get:126 http://deb.debian.org/debian bookworm/main amd64 node-estraverse all 5.3.0+ds+~5.1.1-1 [11.6 kB]
2026-04-23T21:49:29.7314083Z Get:127 http://deb.debian.org/debian bookworm/main amd64 node-object-assign all 4.1.1-7 [4684 B]
2026-04-23T21:49:29.7316044Z Get:128 http://deb.debian.org/debian bookworm/main amd64 node-esrecurse all 4.3.0-2 [6048 B]
2026-04-23T21:49:29.7320211Z Get:129 http://deb.debian.org/debian bookworm/main amd64 node-eslint-scope all 7.1.1+~3.7.4-1 [35.6 kB]
2026-04-23T21:49:29.7326625Z Get:130 http://deb.debian.org/debian bookworm/main amd64 node-espree all 9.4.1~dfsg-1 [41.0 kB]
2026-04-23T21:49:29.7332513Z Get:131 http://deb.debian.org/debian bookworm/main amd64 node-esquery all 1.4.2~ds-1 [24.9 kB]
2026-04-23T21:49:29.7337441Z Get:132 http://deb.debian.org/debian bookworm/main amd64 node-eslint-utils all 3.0.0-3 [15.5 kB]
2026-04-23T21:49:29.7341848Z Get:133 http://deb.debian.org/debian bookworm/main amd64 node-flatted all 3.2.7~ds-1 [10.3 kB]
2026-04-23T21:49:29.7346335Z Get:134 http://deb.debian.org/debian bookworm/main amd64 node-fs.realpath all 1.0.0-3 [6172 B]
2026-04-23T21:49:29.7475966Z Get:135 http://deb.debian.org/debian bookworm/main amd64 node-wrappy all 1.0.2-3 [3776 B]
2026-04-23T21:49:29.7649309Z Get:136 http://deb.debian.org/debian bookworm/main amd64 node-once all 1.4.0-7 [4492 B]
2026-04-23T21:49:29.7654303Z Get:137 http://deb.debian.org/debian bookworm/main amd64 node-inflight all 1.0.6-2 [3952 B]
2026-04-23T21:49:29.7659035Z Get:138 http://deb.debian.org/debian bookworm/main amd64 node-balanced-match all 2.0.0-1 [4872 B]
2026-04-23T21:49:29.7662589Z Get:139 http://deb.debian.org/debian bookworm/main amd64 node-brace-expansion all 2.0.1-2 [7320 B]
2026-04-23T21:49:29.7666534Z Get:140 http://deb.debian.org/debian bookworm/main amd64 node-minimatch all 5.1.1+~5.1.2-1 [18.6 kB]
2026-04-23T21:49:29.7675718Z Get:141 http://deb.debian.org/debian bookworm/main amd64 node-glob all 8.0.3+~cs8.4.15-1 [133 kB]
2026-04-23T21:49:29.7679259Z Get:142 http://deb.debian.org/debian bookworm/main amd64 node-rimraf all 3.0.2-2 [11.1 kB]
2026-04-23T21:49:29.7685474Z Get:143 http://deb.debian.org/debian bookworm/main amd64 node-write all 2.0.0~6.0.0+~3.0.4+~2.0.0+~1.0.0+~2.0.1-5 [17.8 kB]
2026-04-23T21:49:29.7687751Z Get:144 http://deb.debian.org/debian bookworm/main amd64 node-flat-cache all 3.0.4~6.0.0+~3.0.4+~2.0.0+~1.0.0+~2.0.1-5 [20.1 kB]
2026-04-23T21:49:29.7824880Z Get:145 http://deb.debian.org/debian bookworm/main amd64 node-file-entry-cache all 6.0.0+~3.0.4+~2.0.0+~1.0.0+~2.0.1-5 [15.0 kB]
2026-04-23T21:49:29.7993645Z Get:146 http://deb.debian.org/debian bookworm/main amd64 node-functional-red-black-tree all 1.0.1+20181105-7 [14.1 kB]
2026-04-23T21:49:29.7997580Z Get:147 http://deb.debian.org/debian bookworm/main amd64 node-is-extglob all 2.1.1-5 [4612 B]
2026-04-23T21:49:29.8000370Z Get:148 http://deb.debian.org/debian bookworm/main amd64 node-is-glob all 4.0.3-2 [6620 B]
2026-04-23T21:49:29.8005671Z Get:149 http://deb.debian.org/debian bookworm/main amd64 node-path-dirname all 1.0.2-2 [4312 B]
2026-04-23T21:49:29.8007169Z Get:150 http://deb.debian.org/debian bookworm/main amd64 node-glob-parent all 6.0.2+~5.1.1-2 [8784 B]
2026-04-23T21:49:29.8011220Z Get:151 http://deb.debian.org/debian bookworm/main amd64 node-globals all 13.18.0-1 [11.1 kB]
2026-04-23T21:49:29.8014718Z Get:152 http://deb.debian.org/debian bookworm/main amd64 node-resolve-from all 5.0.0+~3.1.0+~3.3.0+~2.0.0-1 [7292 B]
2026-04-23T21:49:29.8017520Z Get:153 http://deb.debian.org/debian bookworm/main amd64 node-imurmurhash all 0.1.4+dfsg+~0.1.1-2 [8412 B]
2026-04-23T21:49:29.8023355Z Get:154 http://deb.debian.org/debian bookworm/main amd64 node-ignore all 5.2.1-1 [26.4 kB]
2026-04-23T21:49:29.8175141Z Get:155 http://deb.debian.org/debian bookworm/main amd64 node-prelude-ls all 1.2.1+dfsg-3 [11.3 kB]
2026-04-23T21:49:29.8335037Z Get:156 http://deb.debian.org/debian bookworm/main amd64 node-type-check all 0.4.0+dfsg-3 [9184 B]
2026-04-23T21:49:29.8338443Z Get:157 http://deb.debian.org/debian bookworm/main amd64 node-levn all 0.4.1+dfsg-2 [10.2 kB]
2026-04-23T21:49:29.8342718Z Get:158 http://deb.debian.org/debian bookworm/main amd64 node-lodash all 4.17.21+dfsg+~cs8.31.198.20210220-9 [462 kB]
2026-04-23T21:49:29.8362190Z Get:159 http://deb.debian.org/debian bookworm/main amd64 node-memfs all 3.4.12+~cs1.0.3-1 [46.8 kB]
2026-04-23T21:49:29.8367508Z Get:160 http://deb.debian.org/debian bookworm/main amd64 node-mkdirp all 1.0.4+~1.0.2-4 [11.6 kB]
2026-04-23T21:49:29.8368419Z Get:161 http://deb.debian.org/debian bookworm/main amd64 node-deep-is all 0.1.4-1 [5136 B]
2026-04-23T21:49:29.8370787Z Get:162 http://deb.debian.org/debian bookworm/main amd64 node-fast-levenshtein all 2.0.6+ds-3 [6040 B]
2026-04-23T21:49:29.8372139Z Get:163 http://deb.debian.org/debian bookworm/main amd64 node-optionator all 0.9.1+dfsg+~cs1.2.3-1 [17.6 kB]
2026-04-23T21:49:29.8375964Z Get:164 http://deb.debian.org/debian bookworm/main amd64 node-progress all 2.0.3-2 [8256 B]
2026-04-23T21:49:29.8507674Z Get:165 http://deb.debian.org/debian bookworm/main amd64 libjs-regenerate all 1.4.2-3 [14.3 kB]
2026-04-23T21:49:29.8680780Z Get:166 http://deb.debian.org/debian bookworm/main amd64 node-regenerate all 1.4.2-3 [7388 B]
2026-04-23T21:49:29.8683725Z Get:167 http://deb.debian.org/debian bookworm/main amd64 node-regenerate-unicode-properties all 10.1.0+ds-1 [50.7 kB]
2026-04-23T21:49:29.8686910Z Get:168 http://deb.debian.org/debian bookworm/main amd64 node-regexpp all 3.2.0-4 [27.0 kB]
2026-04-23T21:49:29.8690851Z Get:169 http://deb.debian.org/debian bookworm/main amd64 node-yallist all 4.0.0+~4.0.1-1 [8172 B]
2026-04-23T21:49:29.8692298Z Get:170 http://deb.debian.org/debian bookworm/main amd64 node-lru-cache all 7.14.1-1 [26.3 kB]
2026-04-23T21:49:29.8697440Z Get:171 http://deb.debian.org/debian bookworm/main amd64 node-semver all 7.3.5+~7.3.9-2 [42.1 kB]
2026-04-23T21:49:29.8704954Z Get:172 http://deb.debian.org/debian bookworm/main amd64 node-strip-json-comments all 4.0.0-4 [5668 B]
2026-04-23T21:49:29.8709192Z Get:173 http://deb.debian.org/debian bookworm/main amd64 node-json-schema all 0.4.0+~7.0.11-1 [13.1 kB]
2026-04-23T21:49:29.8714262Z Get:174 http://deb.debian.org/debian bookworm/main amd64 node-v8-compile-cache all 2.3.0-3+deb12u1 [8464 B]
2026-04-23T21:49:29.8846014Z Get:175 http://deb.debian.org/debian bookworm/main amd64 eslint all 6.4.0~dfsg+~6.1.9-7 [606 kB]
2026-04-23T21:49:29.9033202Z Get:176 http://deb.debian.org/debian bookworm/main amd64 libfakeroot amd64 1.31-1.2 [28.3 kB]
2026-04-23T21:49:29.9036085Z Get:177 http://deb.debian.org/debian bookworm/main amd64 fakeroot amd64 1.31-1.2 [66.9 kB]
2026-04-23T21:49:29.9040185Z Get:178 http://deb.debian.org/debian bookworm/main amd64 fonts-dejavu-core all 2.37-6 [1068 kB]
2026-04-23T21:49:29.9077356Z Get:179 http://deb.debian.org/debian bookworm/main amd64 fontconfig-config amd64 2.14.1-4 [315 kB]
2026-04-23T21:49:29.9087973Z Get:180 http://deb.debian.org/debian bookworm/main amd64 libelf1 amd64 0.188-2.1 [174 kB]
2026-04-23T21:49:29.9094674Z Get:181 http://deb.debian.org/debian bookworm/main amd64 libdw1 amd64 0.188-2.1 [235 kB]
2026-04-23T21:49:29.9106662Z Get:182 http://deb.debian.org/debian bookworm/main amd64 libglib2.0-0 amd64 2.74.6-2+deb12u8 [1402 kB]
2026-04-23T21:49:29.9325290Z Get:183 http://deb.debian.org/debian bookworm/main amd64 libbabeltrace1 amd64 1.5.11-1+b2 [172 kB]
2026-04-23T21:49:29.9333366Z Get:184 http://deb.debian.org/debian bookworm/main amd64 libdebuginfod1 amd64 0.188-2.1 [27.3 kB]
2026-04-23T21:49:29.9334825Z Get:185 http://deb.debian.org/debian bookworm/main amd64 libipt2 amd64 2.0.5-1 [43.9 kB]
2026-04-23T21:49:29.9356795Z Get:186 http://deb.debian.org/debian bookworm/main amd64 libpython3.11 amd64 3.11.2-6+deb12u6 [1987 kB]
2026-04-23T21:49:29.9419155Z Get:187 http://deb.debian.org/debian bookworm/main amd64 libsource-highlight-common all 3.1.9-4.2 [77.4 kB]
2026-04-23T21:49:29.9565932Z Get:188 http://deb.debian.org/debian bookworm/main amd64 libboost-regex1.74.0 amd64 1.74.0+ds1-21 [487 kB]
2026-04-23T21:49:29.9586017Z Get:189 http://deb.debian.org/debian bookworm/main amd64 libsource-highlight4v5 amd64 3.1.9-4.2+b3 [257 kB]
2026-04-23T21:49:29.9597948Z Get:190 http://deb.debian.org/debian bookworm/main amd64 gdb amd64 13.1-3 [3962 kB]
2026-04-23T21:49:29.9725633Z Get:191 http://deb.debian.org/debian bookworm/main amd64 gnupg-l10n all 2.2.40-1.1+deb12u2 [1093 kB]
2026-04-23T21:49:29.9761185Z Get:192 http://deb.debian.org/debian bookworm/main amd64 gnupg-utils amd64 2.2.40-1.1+deb12u2 [927 kB]
2026-04-23T21:49:29.9792041Z Get:193 http://deb.debian.org/debian bookworm/main amd64 gpg amd64 2.2.40-1.1+deb12u2 [950 kB]
2026-04-23T21:49:29.9822056Z Get:194 http://deb.debian.org/debian bookworm/main amd64 pinentry-curses amd64 1.2.1-1 [77.4 kB]
2026-04-23T21:49:29.9825843Z Get:195 http://deb.debian.org/debian bookworm/main amd64 gpg-agent amd64 2.2.40-1.1+deb12u2 [695 kB]
2026-04-23T21:49:29.9849390Z Get:196 http://deb.debian.org/debian bookworm/main amd64 gpg-wks-client amd64 2.2.40-1.1+deb12u2 [541 kB]
2026-04-23T21:49:29.9867788Z Get:197 http://deb.debian.org/debian bookworm/main amd64 gpg-wks-server amd64 2.2.40-1.1+deb12u2 [531 kB]
2026-04-23T21:49:29.9886701Z Get:198 http://deb.debian.org/debian bookworm/main amd64 gpgsm amd64 2.2.40-1.1+deb12u2 [671 kB]
2026-04-23T21:49:29.9911222Z Get:199 http://deb.debian.org/debian bookworm/main amd64 gnupg all 2.2.40-1.1+deb12u2 [846 kB]
2026-04-23T21:49:30.0060354Z Get:200 http://deb.debian.org/debian bookworm/main amd64 python3-pkg-resources all 66.1.1-1+deb12u2 [297 kB]
2026-04-23T21:49:30.0073293Z Get:201 http://deb.debian.org/debian bookworm/main amd64 python3-six all 1.16.0-4 [17.5 kB]
2026-04-23T21:49:30.0099965Z Get:202 http://deb.debian.org/debian bookworm/main amd64 gyp all 0.1+20220404git9ecf45e-2 [237 kB]
2026-04-23T21:49:30.0127573Z Get:203 http://deb.debian.org/debian bookworm/main amd64 node-neo-async all 2.6.2+~cs3.0.0-2 [35.2 kB]
2026-04-23T21:49:30.0136372Z Get:204 http://deb.debian.org/debian bookworm/main amd64 node-arrify all 2.0.1-3 [3700 B]
2026-04-23T21:49:30.0235581Z Get:205 http://deb.debian.org/debian bookworm/main amd64 node-is-plain-obj all 3.0.0-2 [3972 B]
2026-04-23T21:49:30.0245763Z Get:206 http://deb.debian.org/debian bookworm/main amd64 node-is-buffer all 2.0.5-2 [4112 B]
2026-04-23T21:49:30.0267294Z Get:207 http://deb.debian.org/debian bookworm/main amd64 node-kind-of all 6.0.3+dfsg-2 [10.2 kB]
2026-04-23T21:49:30.0280421Z Get:208 http://deb.debian.org/debian bookworm/main amd64 node-minimist all 1.2.7+~cs5.3.2-2 [14.7 kB]
2026-04-23T21:49:30.0292952Z Get:209 http://deb.debian.org/debian bookworm/main amd64 node-wordwrap all 1.0.0-4 [4628 B]
2026-04-23T21:49:30.0424505Z Get:210 http://deb.debian.org/debian bookworm/main amd64 node-optimist all 0.6.1+~0.0.30-2 [13.5 kB]
2026-04-23T21:49:30.0441797Z Get:211 http://deb.debian.org/debian bookworm/main amd64 libjs-source-map all 0.7.0++dfsg2+really.0.6.1-15 [29.6 kB]
2026-04-23T21:49:30.0458683Z Get:212 http://deb.debian.org/debian bookworm/main amd64 node-source-map all 0.7.0++dfsg2+really.0.6.1-15 [41.7 kB]
2026-04-23T21:49:30.0484803Z Get:213 http://deb.debian.org/debian bookworm/main amd64 handlebars all 3:4.7.7+~4.1.0-1 [199 kB]
2026-04-23T21:49:30.0505397Z Get:214 http://deb.debian.org/debian bookworm/main amd64 javascript-common all 11+nmu1 [6260 B]
2026-04-23T21:49:30.0593747Z Get:215 http://deb.debian.org/debian bookworm/main amd64 libabsl20220623 amd64 20220623.1-1+deb12u2 [391 kB]
2026-04-23T21:49:30.0632859Z Get:216 http://deb.debian.org/debian bookworm/main amd64 libalgorithm-diff-perl all 1.201-1 [43.3 kB]
2026-04-23T21:49:30.0643738Z Get:217 http://deb.debian.org/debian bookworm/main amd64 libalgorithm-diff-xs-perl amd64 0.04-8+b1 [11.4 kB]
2026-04-23T21:49:30.0649212Z Get:218 http://deb.debian.org/debian bookworm/main amd64 libalgorithm-merge-perl all 0.08-5 [11.8 kB]
2026-04-23T21:49:30.0707975Z Get:219 http://deb.debian.org/debian bookworm/main amd64 libaom3 amd64 3.6.0-1+deb12u2 [1850 kB]
2026-04-23T21:49:30.0779052Z Get:220 http://deb.debian.org/debian bookworm/main amd64 libasound2-dev amd64 1.2.8-1+b1 [110 kB]
2026-04-23T21:49:30.0809140Z Get:221 http://deb.debian.org/debian bookworm/main amd64 libauthen-sasl-perl all 2.1600-3 [43.9 kB]
2026-04-23T21:49:30.1010858Z Get:222 http://deb.debian.org/debian bookworm/main amd64 libdav1d6 amd64 1.0.0-2+deb12u1 [513 kB]
2026-04-23T21:49:30.1031693Z Get:223 http://deb.debian.org/debian bookworm/main amd64 libgav1-1 amd64 0.18.0-1+b1 [332 kB]
2026-04-23T21:49:30.1045457Z Get:224 http://deb.debian.org/debian bookworm/main amd64 librav1e0 amd64 0.5.1-6 [763 kB]
2026-04-23T21:49:30.1073387Z Get:225 http://deb.debian.org/debian bookworm/main amd64 libsvtav1enc1 amd64 1.4.1+dfsg-1 [2121 kB]
2026-04-23T21:49:30.1137636Z Get:226 http://deb.debian.org/debian bookworm/main amd64 libjpeg62-turbo amd64 1:2.1.5-2 [166 kB]
2026-04-23T21:49:30.1145270Z Get:227 http://deb.debian.org/debian bookworm/main amd64 libyuv0 amd64 0.0~git20230123.b2528b0-1 [168 kB]
2026-04-23T21:49:30.1152153Z Get:228 http://deb.debian.org/debian bookworm/main amd64 libavif15 amd64 0.11.1-1+deb12u1 [94.4 kB]
2026-04-23T21:49:30.1156855Z Get:229 http://deb.debian.org/debian-security bookworm-security/main amd64 libpng16-16 amd64 1.6.39-2+deb12u4 [276 kB]
2026-04-23T21:49:30.1162931Z Get:230 http://deb.debian.org/debian bookworm/main amd64 libfreetype6 amd64 2.12.1+dfsg-5+deb12u4 [398 kB]
2026-04-23T21:49:30.1354389Z Get:231 http://deb.debian.org/debian bookworm/main amd64 libfontconfig1 amd64 2.14.1-4 [386 kB]
2026-04-23T21:49:30.1370464Z Get:232 http://deb.debian.org/debian bookworm/main amd64 libde265-0 amd64 1.0.11-1+deb12u2 [185 kB]
2026-04-23T21:49:30.1379241Z Get:233 http://deb.debian.org/debian bookworm/main amd64 libnuma1 amd64 2.0.16-1 [21.0 kB]
2026-04-23T21:49:30.1382027Z Get:234 http://deb.debian.org/debian bookworm/main amd64 libx265-199 amd64 3.5-2+b1 [1150 kB]
2026-04-23T21:49:30.1441740Z Get:235 http://deb.debian.org/debian bookworm/main amd64 libheif1 amd64 1.15.1-1+deb12u1 [215 kB]
2026-04-23T21:49:30.1451842Z Get:236 http://deb.debian.org/debian bookworm/main amd64 libdeflate0 amd64 1.14-1 [61.4 kB]
2026-04-23T21:49:30.1455463Z Get:237 http://deb.debian.org/debian bookworm/main amd64 libjbig0 amd64 2.1-6.1 [31.7 kB]
2026-04-23T21:49:30.1459300Z Get:238 http://deb.debian.org/debian bookworm/main amd64 liblerc4 amd64 4.0.0+ds-2 [170 kB]
2026-04-23T21:49:30.1468110Z Get:239 http://deb.debian.org/debian bookworm/main amd64 libwebp7 amd64 1.2.4-0.2+deb12u1 [286 kB]
2026-04-23T21:49:30.1480493Z Get:240 http://deb.debian.org/debian-security bookworm-security/main amd64 libtiff6 amd64 4.5.0-6+deb12u4 [316 kB]
2026-04-23T21:49:30.1612229Z Get:241 http://deb.debian.org/debian bookworm/main amd64 libxpm4 amd64 1:3.5.12-1.1+deb12u1 [48.6 kB]
2026-04-23T21:49:30.1617950Z Get:242 http://deb.debian.org/debian bookworm/main amd64 libgd3 amd64 2.3.3-9 [124 kB]
2026-04-23T21:49:30.1623805Z Get:243 http://deb.debian.org/debian bookworm/main amd64 libc-devtools amd64 2.36-9+deb12u13 [55.0 kB]
2026-04-23T21:49:30.1806792Z Get:244 http://deb.debian.org/debian bookworm/main amd64 libc6-dbg amd64 2.36-9+deb12u13 [7375 kB]
2026-04-23T21:49:30.2022905Z Get:245 http://deb.debian.org/debian bookworm/main amd64 libclone-perl amd64 0.46-1 [13.7 kB]
2026-04-23T21:49:30.2023930Z Get:246 http://deb.debian.org/debian bookworm/main amd64 libcurl4-openssl-dev amd64 7.88.1-10+deb12u14 [492 kB]
2026-04-23T21:49:30.2041405Z Get:247 http://deb.debian.org/debian bookworm/main amd64 libdata-dump-perl all 1.25-1 [28.4 kB]
2026-04-23T21:49:30.2043053Z Get:248 http://deb.debian.org/debian bookworm/main amd64 libdrm-common all 2.4.114-1 [7112 B]
2026-04-23T21:49:30.2047121Z Get:249 http://deb.debian.org/debian bookworm/main amd64 libdrm2 amd64 2.4.114-1+b1 [37.5 kB]
2026-04-23T21:49:30.2050835Z Get:250 http://deb.debian.org/debian bookworm/main amd64 libdrm-amdgpu1 amd64 2.4.114-1+b1 [20.9 kB]
2026-04-23T21:49:30.2143020Z Get:251 http://deb.debian.org/debian bookworm/main amd64 libpciaccess0 amd64 0.17-2 [51.4 kB]
2026-04-23T21:49:30.2146864Z Get:252 http://deb.debian.org/debian bookworm/main amd64 libdrm-intel1 amd64 2.4.114-1+b1 [64.0 kB]
2026-04-23T21:49:30.2151127Z Get:253 http://deb.debian.org/debian bookworm/main amd64 libdrm-nouveau2 amd64 2.4.114-1+b1 [19.1 kB]
2026-04-23T21:49:30.2212070Z Get:254 http://deb.debian.org/debian bookworm/main amd64 libdrm-radeon1 amd64 2.4.114-1+b1 [21.8 kB]
2026-04-23T21:49:30.2215534Z Get:255 http://deb.debian.org/debian bookworm/main amd64 libglvnd0 amd64 1.6.0-1 [51.8 kB]
2026-04-23T21:49:30.2388894Z Get:256 http://deb.debian.org/debian bookworm/main amd64 libwayland-server0 amd64 1.21.0-1 [35.9 kB]
2026-04-23T21:49:30.2396479Z Get:257 http://deb.debian.org/debian bookworm/main amd64 libgbm1 amd64 22.3.6-1+deb12u1 [38.0 kB]
2026-04-23T21:49:30.2400353Z Get:258 http://deb.debian.org/debian bookworm/main amd64 libglapi-mesa amd64 22.3.6-1+deb12u1 [35.7 kB]
2026-04-23T21:49:30.2404273Z Get:259 http://deb.debian.org/debian bookworm/main amd64 libwayland-client0 amd64 1.21.0-1 [28.3 kB]
2026-04-23T21:49:30.2411388Z Get:260 http://deb.debian.org/debian bookworm/main amd64 libx11-xcb1 amd64 2:1.8.4-2+deb12u2 [192 kB]
2026-04-23T21:49:30.2420793Z Get:261 http://deb.debian.org/debian bookworm/main amd64 libxcb-dri2-0 amd64 1.15-1 [107 kB]
2026-04-23T21:49:30.2426095Z Get:262 http://deb.debian.org/debian bookworm/main amd64 libxcb-dri3-0 amd64 1.15-1 [107 kB]
2026-04-23T21:49:30.2430898Z Get:263 http://deb.debian.org/debian bookworm/main amd64 libxcb-present0 amd64 1.15-1 [105 kB]
2026-04-23T21:49:30.2561428Z Get:264 http://deb.debian.org/debian bookworm/main amd64 libxcb-randr0 amd64 1.15-1 [117 kB]
2026-04-23T21:49:30.2569938Z Get:265 http://deb.debian.org/debian bookworm/main amd64 libxcb-sync1 amd64 1.15-1 [109 kB]
2026-04-23T21:49:30.2737722Z Get:266 http://deb.debian.org/debian bookworm/main amd64 libxcb-xfixes0 amd64 1.15-1 [109 kB]
2026-04-23T21:49:30.2743012Z Get:267 http://deb.debian.org/debian bookworm/main amd64 libxshmfence1 amd64 1.3-1 [8820 B]
2026-04-23T21:49:30.2751709Z Get:268 http://deb.debian.org/debian bookworm/main amd64 libegl-mesa0 amd64 22.3.6-1+deb12u1 [114 kB]
2026-04-23T21:49:30.2758331Z Get:269 http://deb.debian.org/debian bookworm/main amd64 libegl1 amd64 1.6.0-1 [33.7 kB]
2026-04-23T21:49:30.2768646Z Get:270 http://deb.debian.org/debian bookworm/main amd64 libxcb-glx0 amd64 1.15-1 [122 kB]
2026-04-23T21:49:30.2776971Z Get:271 http://deb.debian.org/debian bookworm/main amd64 libxcb-shm0 amd64 1.15-1 [105 kB]
2026-04-23T21:49:30.2781262Z Get:272 http://deb.debian.org/debian bookworm/main amd64 libxfixes3 amd64 1:6.0.0-2 [22.7 kB]
2026-04-23T21:49:30.2784443Z Get:273 http://deb.debian.org/debian bookworm/main amd64 libxxf86vm1 amd64 1:1.1.4-1+b2 [20.8 kB]
2026-04-23T21:49:30.2900431Z Get:274 http://deb.debian.org/debian bookworm/main amd64 libz3-4 amd64 4.8.12-3.1 [7216 kB]
2026-04-23T21:49:30.3144216Z Get:275 http://deb.debian.org/debian bookworm/main amd64 libllvm15 amd64 1:15.0.6-4+b1 [23.1 MB]
2026-04-23T21:49:30.3874197Z Get:276 http://deb.debian.org/debian bookworm/main amd64 libsensors-config all 1:3.6.0-7.1 [14.3 kB]
2026-04-23T21:49:30.3875286Z Get:277 http://deb.debian.org/debian bookworm/main amd64 libsensors5 amd64 1:3.6.0-7.1 [34.2 kB]
2026-04-23T21:49:30.3880749Z Get:278 http://deb.debian.org/debian bookworm/main amd64 libgl1-mesa-dri amd64 22.3.6-1+deb12u1 [7239 kB]
2026-04-23T21:49:30.4094797Z Get:279 http://deb.debian.org/debian bookworm/main amd64 libglx-mesa0 amd64 22.3.6-1+deb12u1 [147 kB]
2026-04-23T21:49:30.4101485Z Get:280 http://deb.debian.org/debian bookworm/main amd64 libglx0 amd64 1.6.0-1 [34.4 kB]
2026-04-23T21:49:30.4104280Z Get:281 http://deb.debian.org/debian bookworm/main amd64 libgl1 amd64 1.6.0-1 [88.4 kB]
2026-04-23T21:49:30.4170677Z Get:282 http://deb.debian.org/debian bookworm/main amd64 xorg-sgml-doctools all 1:1.11-1.1 [22.1 kB]
2026-04-23T21:49:30.4174574Z Get:283 http://deb.debian.org/debian bookworm/main amd64 x11proto-dev all 2022.1-1 [599 kB]
2026-04-23T21:49:30.4194273Z Get:284 http://deb.debian.org/debian bookworm/main amd64 libxau-dev amd64 1:1.0.9-1 [22.9 kB]
2026-04-23T21:49:30.4195887Z Get:285 http://deb.debian.org/debian bookworm/main amd64 libxdmcp-dev amd64 1:1.1.2-3 [42.2 kB]
2026-04-23T21:49:30.4200024Z Get:286 http://deb.debian.org/debian bookworm/main amd64 xtrans-dev all 1.4.0-1 [98.7 kB]
2026-04-23T21:49:30.4272386Z Get:287 http://deb.debian.org/debian bookworm/main amd64 libpthread-stubs0-dev amd64 0.4-1 [5344 B]
2026-04-23T21:49:30.4468695Z Get:288 http://deb.debian.org/debian bookworm/main amd64 libxcb1-dev amd64 1.15-1 [181 kB]
2026-04-23T21:49:30.4524708Z Get:289 http://deb.debian.org/debian bookworm/main amd64 libx11-dev amd64 2:1.8.4-2+deb12u2 [837 kB]
2026-04-23T21:49:30.4556344Z Get:290 http://deb.debian.org/debian bookworm/main amd64 libglx-dev amd64 1.6.0-1 [15.3 kB]
2026-04-23T21:49:30.4559503Z Get:291 http://deb.debian.org/debian bookworm/main amd64 libgl-dev amd64 1.6.0-1 [100 kB]
2026-04-23T21:49:30.4579281Z Get:292 http://deb.debian.org/debian bookworm/main amd64 libegl-dev amd64 1.6.0-1 [19.1 kB]
2026-04-23T21:49:30.4595682Z Get:293 http://deb.debian.org/debian bookworm/main amd64 libencode-locale-perl all 1.05-3 [12.9 kB]
2026-04-23T21:49:30.4860830Z Get:294 http://deb.debian.org/debian bookworm/main amd64 libipc-system-simple-perl all 1.30-2 [26.8 kB]
2026-04-23T21:49:30.4867279Z Get:295 http://deb.debian.org/debian bookworm/main amd64 libfile-basedir-perl all 0.09-2 [15.1 kB]
2026-04-23T21:49:30.4871999Z Get:296 http://deb.debian.org/debian bookworm/main amd64 libregexp-ipv6-perl all 0.03-3 [5212 B]
2026-04-23T21:49:30.4875996Z Get:297 http://deb.debian.org/debian bookworm/main amd64 liburi-perl all 5.17-1 [90.4 kB]
2026-04-23T21:49:30.4881724Z Get:298 http://deb.debian.org/debian bookworm/main amd64 libfile-desktopentry-perl all 0.22-3 [17.6 kB]
2026-04-23T21:49:30.4891976Z Get:299 http://deb.debian.org/debian bookworm/main amd64 libfile-fcntllock-perl amd64 0.22-4+b1 [34.8 kB]
2026-04-23T21:49:30.4896259Z Get:300 http://deb.debian.org/debian bookworm/main amd64 libtimedate-perl all 2.3300-2 [39.3 kB]
2026-04-23T21:49:30.4900759Z Get:301 http://deb.debian.org/debian bookworm/main amd64 libhttp-date-perl all 6.05-2 [10.5 kB]
2026-04-23T21:49:30.4904936Z Get:302 http://deb.debian.org/debian bookworm/main amd64 libfile-listing-perl all 6.15-1 [12.6 kB]
2026-04-23T21:49:30.4908635Z Get:303 http://deb.debian.org/debian bookworm/main amd64 shared-mime-info amd64 2.2-1 [729 kB]
2026-04-23T21:49:30.5043438Z Get:304 http://deb.debian.org/debian bookworm/main amd64 libfile-mimeinfo-perl all 0.33-1 [48.3 kB]
2026-04-23T21:49:30.5212398Z Get:305 http://deb.debian.org/debian bookworm/main amd64 libfont-afm-perl all 1.20-4 [13.1 kB]
2026-04-23T21:49:30.5214401Z Get:306 http://deb.debian.org/debian bookworm/main amd64 libfontenc1 amd64 1:1.1.4-1 [24.3 kB]
2026-04-23T21:49:30.5401746Z Get:307 http://deb.debian.org/debian-security bookworm-security/main amd64 libgdk-pixbuf2.0-common all 2.42.10+dfsg-1+deb12u4 [307 kB]
2026-04-23T21:49:30.5412811Z Get:308 http://deb.debian.org/debian-security bookworm-security/main amd64 libgdk-pixbuf-2.0-0 amd64 2.42.10+dfsg-1+deb12u4 [139 kB]
2026-04-23T21:49:30.5417104Z Get:309 http://deb.debian.org/debian-security bookworm-security/main amd64 libgdk-pixbuf2.0-bin amd64 2.42.10+dfsg-1+deb12u4 [18.2 kB]
2026-04-23T21:49:30.5434629Z Get:310 http://deb.debian.org/debian bookworm/main amd64 libglvnd-core-dev amd64 1.6.0-1 [12.9 kB]
2026-04-23T21:49:30.5452068Z Get:311 http://deb.debian.org/debian bookworm/main amd64 libgles1 amd64 1.6.0-1 [11.7 kB]
2026-04-23T21:49:30.5458304Z Get:312 http://deb.debian.org/debian bookworm/main amd64 libgles2 amd64 1.6.0-1 [16.8 kB]
2026-04-23T21:49:30.5479098Z Get:313 http://deb.debian.org/debian bookworm/main amd64 libgles-dev amd64 1.6.0-1 [50.4 kB]
2026-04-23T21:49:30.5670856Z Get:314 http://deb.debian.org/debian bookworm/main amd64 libopengl0 amd64 1.6.0-1 [30.6 kB]
2026-04-23T21:49:30.5676976Z Get:315 http://deb.debian.org/debian bookworm/main amd64 libopengl-dev amd64 1.6.0-1 [4936 B]
2026-04-23T21:49:30.5682232Z Get:316 http://deb.debian.org/debian bookworm/main amd64 libglvnd-dev amd64 1.6.0-1 [4692 B]
2026-04-23T21:49:30.5747856Z Get:317 http://deb.debian.org/debian bookworm/main amd64 libgl1-mesa-dev amd64 22.3.6-1+deb12u1 [14.5 kB]
2026-04-23T21:49:30.5750924Z Get:318 http://deb.debian.org/debian bookworm/main amd64 libglib2.0-data all 2.74.6-2+deb12u8 [1210 kB]
2026-04-23T21:49:30.5986808Z Get:319 http://deb.debian.org/debian bookworm/main amd64 libglu1-mesa amd64 9.0.2-1.1 [178 kB]
2026-04-23T21:49:30.6004753Z Get:320 http://deb.debian.org/debian bookworm/main amd64 libglu1-mesa-dev amd64 9.0.2-1.1 [216 kB]
2026-04-23T21:49:30.6208618Z Get:321 http://deb.debian.org/debian bookworm/main amd64 libgmpxx4ldbl amd64 2:6.2.1+dfsg1-1.1 [338 kB]
2026-04-23T21:49:30.6403260Z Get:322 http://deb.debian.org/debian bookworm/main amd64 libgmp-dev amd64 2:6.2.1+dfsg1-1.1 [641 kB]
2026-04-23T21:49:30.6423238Z Get:323 http://deb.debian.org/debian bookworm/main amd64 libgpm2 amd64 1.20.7-10+b1 [14.2 kB]
2026-04-23T21:49:30.6430809Z Get:324 http://deb.debian.org/debian bookworm/main amd64 libhtml-tagset-perl all 3.20-6 [11.7 kB]
2026-04-23T21:49:30.6454488Z Get:325 http://deb.debian.org/debian bookworm/main amd64 libhtml-parser-perl amd64 3.81-1 [101 kB]
2026-04-23T21:49:30.6466762Z Get:326 http://deb.debian.org/debian bookworm/main amd64 libio-html-perl all 1.004-3 [16.2 kB]
2026-04-23T21:49:30.6490559Z Get:327 http://deb.debian.org/debian bookworm/main amd64 liblwp-mediatypes-perl all 6.04-2 [20.2 kB]
2026-04-23T21:49:30.6509644Z Get:328 http://deb.debian.org/debian bookworm/main amd64 libhttp-message-perl all 6.44-1 [81.7 kB]
2026-04-23T21:49:30.6515560Z Get:329 http://deb.debian.org/debian bookworm/main amd64 libhtml-form-perl all 6.11-1 [33.1 kB]
2026-04-23T21:49:30.6708408Z Get:330 http://deb.debian.org/debian bookworm/main amd64 libhtml-tree-perl all 5.07-3 [211 kB]
2026-04-23T21:49:30.6717682Z Get:331 http://deb.debian.org/debian bookworm/main amd64 libhtml-format-perl all 2.16-2 [38.8 kB]
2026-04-23T21:49:30.6769075Z Get:332 http://deb.debian.org/debian bookworm/main amd64 libhttp-cookies-perl all 6.10-1 [19.6 kB]
2026-04-23T21:49:30.6773467Z Get:333 http://deb.debian.org/debian bookworm/main amd64 libhttp-daemon-perl all 6.16-1 [23.5 kB]
2026-04-23T21:49:30.6780740Z Get:334 http://deb.debian.org/debian bookworm/main amd64 libhttp-negotiate-perl all 6.01-2 [13.1 kB]
2026-04-23T21:49:30.7129670Z Get:335 http://deb.debian.org/debian bookworm/main amd64 libiberty-dev amd64 20230104-1 [152 kB]
2026-04-23T21:49:30.7160907Z Get:336 http://deb.debian.org/debian bookworm/main amd64 x11-common all 1:7.7+23 [252 kB]
2026-04-23T21:49:30.7171431Z Get:337 http://deb.debian.org/debian bookworm/main amd64 libice6 amd64 2:1.0.10-1 [58.5 kB]
2026-04-23T21:49:30.7175234Z Get:338 http://deb.debian.org/debian bookworm/main amd64 perl-openssl-defaults amd64 7+b1 [7924 B]
2026-04-23T21:49:30.7197613Z Get:339 http://deb.debian.org/debian bookworm/main amd64 libnet-ssleay-perl amd64 1.92-2+b1 [317 kB]
2026-04-23T21:49:30.7228699Z Get:340 http://deb.debian.org/debian bookworm/main amd64 libio-socket-ssl-perl all 2.081-2 [219 kB]
2026-04-23T21:49:30.7238104Z Get:341 http://deb.debian.org/debian bookworm/main amd64 libio-stringy-perl all 2.111-3 [56.5 kB]
2026-04-23T21:49:30.7259137Z Get:342 http://deb.debian.org/debian bookworm/main amd64 libjs-async all 0.8.0-6 [24.2 kB]
2026-04-23T21:49:30.7291008Z Get:343 http://deb.debian.org/debian bookworm/main amd64 libjs-events all 3.3.0+~3.0.0-3 [11.3 kB]
2026-04-23T21:49:30.7299721Z Get:344 http://deb.debian.org/debian bookworm/main amd64 libjs-is-typedarray all 1.0.0-4 [3816 B]
2026-04-23T21:49:30.7322212Z Get:345 http://deb.debian.org/debian bookworm/main amd64 libjs-prettify all 2015.12.04+dfsg-1.1 [41.7 kB]
2026-04-23T21:49:30.7487005Z Get:346 http://deb.debian.org/debian bookworm/main amd64 libjs-sprintf-js all 1.1.2+ds1+~1.1.2-1 [12.8 kB]
2026-04-23T21:49:30.7489805Z Get:347 http://deb.debian.org/debian bookworm/main amd64 libjs-typedarray-to-buffer all 4.0.0-2 [4668 B]
2026-04-23T21:49:30.7509957Z Get:348 http://deb.debian.org/debian bookworm/main amd64 node-lodash-packages all 4.17.21+dfsg+~cs8.31.198.20210220-9 [179 kB]
2026-04-23T21:49:30.7518275Z Get:349 http://deb.debian.org/debian bookworm/main amd64 node-function-bind all 1.1.1+repacked+~1.0.3-2 [5252 B]
2026-04-23T21:49:30.7521164Z Get:350 http://deb.debian.org/debian bookworm/main amd64 node-object-inspect all 1.12.2+~cs1.8.1-1 [20.8 kB]
2026-04-23T21:49:30.7539971Z Get:351 http://deb.debian.org/debian bookworm/main amd64 node-es-abstract all 1.20.4+~cs26.27.47-1 [137 kB]
2026-04-23T21:49:30.7549458Z Get:352 http://deb.debian.org/debian bookworm/main amd64 node-resolve all 1.22.1+~cs5.31.10-1 [28.1 kB]
2026-04-23T21:49:30.7555914Z Get:353 http://deb.debian.org/debian bookworm/main amd64 node-define-properties all 1.1.4+~1.1.3-1 [6828 B]
2026-04-23T21:49:30.7559944Z Get:354 http://deb.debian.org/debian bookworm/main amd64 node-debbundle-es-to-primitive all 1.2.1+~cs9.7.25-2 [39.9 kB]
2026-04-23T21:49:30.7666197Z Get:355 http://deb.debian.org/debian bookworm/main amd64 node-defined all 1.0.1+~1.0.0-1 [6776 B]
2026-04-23T21:49:30.7835572Z Get:356 http://deb.debian.org/debian bookworm/main amd64 node-abbrev all 1.1.1+~1.1.2-1 [5692 B]
2026-04-23T21:49:30.7840078Z Get:357 http://deb.debian.org/debian bookworm/main amd64 node-archy all 1.0.0-6 [4556 B]
2026-04-23T21:49:30.7843640Z Get:358 http://deb.debian.org/debian bookworm/main amd64 node-async all 0.8.0-6 [3748 B]
2026-04-23T21:49:30.7847459Z Get:359 http://deb.debian.org/debian bookworm/main amd64 node-convert-source-map all 1.9.0+~1.5.2-1 [8176 B]
2026-04-23T21:49:30.7855278Z Get:360 http://deb.debian.org/debian bookworm/main amd64 node-decamelize all 4.0.0-2 [4080 B]
2026-04-23T21:49:30.7859390Z Get:361 http://deb.debian.org/debian bookworm/main amd64 node-es6-error all 4.1.1-5 [6148 B]
2026-04-23T21:49:30.7865054Z Get:362 http://deb.debian.org/debian bookworm/main amd64 node-esprima all 4.0.1+ds+~4.0.3-2 [69.3 kB]
2026-04-23T21:49:30.7870431Z Get:363 http://deb.debian.org/debian bookworm/main amd64 node-escodegen all 2.0.0+dfsg+~0.0.7-2 [23.0 kB]
2026-04-23T21:49:30.7874265Z Get:364 http://deb.debian.org/debian bookworm/main amd64 node-commondir all 1.0.1+~1.0.0-1 [4388 B]
2026-04-23T21:49:30.7993584Z Get:365 http://deb.debian.org/debian bookworm/main amd64 node-is-number all 7.0.0-4 [6020 B]
2026-04-23T21:49:30.8165475Z Get:366 http://deb.debian.org/debian bookworm/main amd64 node-repeat-string all 1.6.1+repack-1 [5600 B]
2026-04-23T21:49:30.8169383Z Get:367 http://deb.debian.org/debian bookworm/main amd64 node-to-regex-range all 5.0.1-4 [10.5 kB]
2026-04-23T21:49:30.8173336Z Get:368 http://deb.debian.org/debian bookworm/main amd64 node-fill-range all 7.0.1+~7.0.0-1 [8952 B]
2026-04-23T21:49:30.8175251Z Get:369 http://deb.debian.org/debian bookworm/main amd64 node-braces all 3.0.2+~3.0.1-1 [20.8 kB]
2026-04-23T21:49:30.8179727Z Get:370 http://deb.debian.org/debian bookworm/main amd64 node-normalize-path all 3.0.0+~3.0.0-1 [6608 B]
2026-04-23T21:49:30.8364892Z Get:371 http://deb.debian.org/debian bookworm/main amd64 node-anymatch all 3.1.3+~cs4.6.1-2 [33.4 kB]
2026-04-23T21:49:30.8373362Z Get:372 http://deb.debian.org/debian bookworm/main amd64 node-micromatch all 4.0.5+~4.0.2-1 [25.8 kB]
2026-04-23T21:49:30.8376479Z Get:373 http://deb.debian.org/debian bookworm/main amd64 node-pify all 5.0.0+~cs5.0.1-1 [7072 B]
2026-04-23T21:49:30.8380780Z Get:374 http://deb.debian.org/debian bookworm/main amd64 node-path-type all 4.0.0-3 [3944 B]
2026-04-23T21:49:30.8563655Z Get:375 http://deb.debian.org/debian bookworm/main amd64 node-n3 all 1.16.3+~1.2.3+~1.10.4-1 [37.0 kB]
2026-04-23T21:49:30.8567828Z Get:376 http://deb.debian.org/debian bookworm/main amd64 node-slash all 4.0.0-3 [4292 B]
2026-04-23T21:49:30.8571972Z Get:377 http://deb.debian.org/debian bookworm/main amd64 node-globby all 13.1.3+~cs16.25.40-1+deb12u1 [40.5 kB]
2026-04-23T21:49:30.8575231Z Get:378 http://deb.debian.org/debian bookworm/main amd64 node-graceful-fs all 4.2.10-1 [14.4 kB]
2026-04-23T21:49:30.8581837Z Get:379 http://deb.debian.org/debian bookworm/main amd64 node-is-path-cwd all 2.2.0-2 [3672 B]
2026-04-23T21:49:30.8585583Z Get:380 http://deb.debian.org/debian bookworm/main amd64 node-path-is-inside all 1.0.2+~1.0.0-1 [5072 B]
2026-04-23T21:49:30.8674403Z Get:381 http://deb.debian.org/debian bookworm/main amd64 node-is-path-inside all 3.0.3-2 [3980 B]
2026-04-23T21:49:30.8676921Z Get:382 http://deb.debian.org/debian bookworm/main amd64 node-escape-string-regexp all 4.0.0-2 [4296 B]
2026-04-23T21:49:30.8681296Z Get:383 http://deb.debian.org/debian bookworm/main amd64 node-indent-string all 4.0.0-2 [4144 B]
2026-04-23T21:49:30.8685680Z Get:384 http://deb.debian.org/debian bookworm/main amd64 node-p-map all 4.0.0+~3.1.0+~3.0.1-1 [7912 B]
2026-04-23T21:49:30.8846558Z Get:385 http://deb.debian.org/debian bookworm/main amd64 node-del all 7.0.0-5 [6804 B]
2026-04-23T21:49:30.8848344Z Get:386 http://deb.debian.org/debian bookworm/main amd64 node-make-dir all 3.1.0-3 [6040 B]
2026-04-23T21:49:30.8853005Z Get:387 http://deb.debian.org/debian bookworm/main amd64 node-p-limit all 4.0.0+~cs4.0.0-5 [7576 B]
2026-04-23T21:49:30.8858134Z Get:388 http://deb.debian.org/debian bookworm/main amd64 node-p-locate all 6.0.0-12 [5752 B]
2026-04-23T21:49:30.8862782Z Get:389 http://deb.debian.org/debian bookworm/main amd64 node-locate-path all 7.1.1-2 [5584 B]
2026-04-23T21:49:30.8867160Z Get:390 http://deb.debian.org/debian bookworm/main amd64 node-path-exists all 5.0.0-8 [4732 B]
2026-04-23T21:49:30.9025099Z Get:391 http://deb.debian.org/debian bookworm/main amd64 node-find-up all 6.3.0-7 [9388 B]
2026-04-23T21:49:30.9028681Z Get:392 http://deb.debian.org/debian bookworm/main amd64 node-pkg-dir all 5.0.0-2 [4260 B]
2026-04-23T21:49:30.9030501Z Get:393 http://deb.debian.org/debian bookworm/main amd64 node-find-cache-dir all 3.3.2+~3.2.1-1 [6152 B]
2026-04-23T21:49:30.9031516Z Get:394 http://deb.debian.org/debian bookworm/main amd64 node-signal-exit all 3.0.7+~3.0.1-1 [7600 B]
2026-04-23T21:49:30.9190376Z Get:395 http://deb.debian.org/debian bookworm/main amd64 node-foreground-child all 2.0.0-5 [6384 B]
2026-04-23T21:49:30.9195503Z Get:396 http://deb.debian.org/debian bookworm/main amd64 node-is-stream all 3.0.0-4 [5076 B]
2026-04-23T21:49:30.9212696Z Get:397 http://deb.debian.org/debian bookworm/main amd64 node-is-windows all 1.0.2+~cs1.0.0-1 [5936 B]
2026-04-23T21:49:30.9216478Z Get:398 http://deb.debian.org/debian bookworm/main amd64 node-sprintf-js all 1.1.2+ds1+~1.1.2-1 [4024 B]
2026-04-23T21:49:30.9221199Z Get:399 http://deb.debian.org/debian bookworm/main amd64 node-argparse all 2.0.1-2 [34.6 kB]
2026-04-23T21:49:30.9227634Z Get:400 http://deb.debian.org/debian bookworm/main amd64 node-js-yaml all 4.1.0+dfsg+~4.0.5-7 [66.6 kB]
2026-04-23T21:49:30.9372857Z Get:401 http://deb.debian.org/debian bookworm/main amd64 node-nopt all 5.0.0-4 [12.1 kB]
2026-04-23T21:49:30.9385816Z Get:402 http://deb.debian.org/debian bookworm/main amd64 node-npm-run-path all 5.1.0+~4.0.0-8 [6276 B]
2026-04-23T21:49:30.9386722Z Get:403 http://deb.debian.org/debian bookworm/main amd64 node-shebang-regex all 3.0.0-2 [3528 B]
2026-04-23T21:49:30.9387303Z Get:404 http://deb.debian.org/debian bookworm/main amd64 node-shebang-command all 2.0.0-1 [3500 B]
2026-04-23T21:49:30.9539349Z Get:405 http://deb.debian.org/debian bookworm/main amd64 node-strip-bom all 4.0.0-2 [4144 B]
2026-04-23T21:49:30.9541896Z Get:406 http://deb.debian.org/debian bookworm/main amd64 node-has-flag all 4.0.0-3 [4304 B]
2026-04-23T21:49:30.9544841Z Get:407 http://deb.debian.org/debian bookworm/main amd64 node-supports-color all 8.1.1+~8.1.1-1 [6920 B]
2026-04-23T21:49:30.9547255Z Get:408 http://deb.debian.org/debian bookworm/main amd64 node-util all 0.12.5+~1.0.10-1 [5700 B]
2026-04-23T21:49:30.9551311Z Get:409 http://deb.debian.org/debian bookworm/main amd64 node-assert all 2.0.0+~cs3.9.8-2 [26.8 kB]
2026-04-23T21:49:30.9554953Z Get:410 http://deb.debian.org/debian bookworm/main amd64 node-ampproject-remapping all 2.2.0+~cs5.15.37-1 [59.4 kB]
2026-04-23T21:49:30.9712413Z Get:411 http://deb.debian.org/debian bookworm/main amd64 node-babel-plugin-add-module-exports all 1.0.4+dfsg1~cs5.8.0-4 [8672 B]
2026-04-23T21:49:30.9714939Z Get:412 http://deb.debian.org/debian bookworm/main amd64 node-regenerator-runtime all 0.15.1+~0.10.8-1 [10.6 kB]
2026-04-23T21:49:30.9718849Z Get:413 http://deb.debian.org/debian bookworm/main amd64 node-babel7-runtime all 7.20.15+ds1+~cs214.269.168-3+deb12u2 [116 kB]
2026-04-23T21:49:30.9725731Z Get:414 http://deb.debian.org/debian bookworm/main amd64 node-babel-helper-define-polyfill-provider all 0.3.3~0~20220913+ds1-1 [27.4 kB]
2026-04-23T21:49:30.9881040Z Get:415 http://deb.debian.org/debian bookworm/main amd64 node-babel-plugin-polyfill-corejs2 all 0.3.3~0~20220913+ds1-1 [17.1 kB]
2026-04-23T21:49:31.0126187Z Get:416 http://deb.debian.org/debian bookworm/main amd64 node-caniuse-lite all 1.0.30001436+dfsg+~1.0.1-1 [208 kB]
2026-04-23T21:49:31.0137763Z Get:417 http://deb.debian.org/debian bookworm/main amd64 node-electron-to-chromium all 1.4.284-1 [20.6 kB]
2026-04-23T21:49:31.0140065Z Get:418 http://deb.debian.org/debian bookworm/main amd64 node-picocolors all 1.0.0-4 [6652 B]
2026-04-23T21:49:31.0142544Z Get:419 http://deb.debian.org/debian bookworm/main amd64 node-browserslist all 4.21.4+~cs6.1.17-2 [63.5 kB]
2026-04-23T21:49:31.0147383Z Get:420 http://deb.debian.org/debian bookworm/main amd64 node-core-js-compat all 3.26.1-3 [66.1 kB]
2026-04-23T21:49:31.0153093Z Get:421 http://deb.debian.org/debian bookworm/main amd64 node-babel-plugin-polyfill-corejs3 all 0.6.0~0~20220913+ds1-1 [29.5 kB]
2026-04-23T21:49:31.0214366Z Get:422 http://deb.debian.org/debian bookworm/main amd64 node-babel-plugin-polyfill-regenerator all 0.4.1~0~20220913+ds1-1 [5036 B]
2026-04-23T21:49:31.0223159Z Get:423 http://deb.debian.org/debian bookworm/main amd64 node-color-name all 1.1.4+~1.1.1-2 [5920 B]
2026-04-23T21:49:31.0242049Z Get:424 http://deb.debian.org/debian bookworm/main amd64 node-color-convert all 2.0.1+~cs2.0.0-2 [13.1 kB]
2026-04-23T21:49:31.0246655Z Get:425 http://deb.debian.org/debian bookworm/main amd64 node-ansi-styles all 6.2.1-2 [8640 B]
2026-04-23T21:49:31.0410158Z Get:426 http://deb.debian.org/debian bookworm/main amd64 node-chalk all 5.2.0-1 [18.0 kB]
2026-04-23T21:49:31.0415848Z Get:427 http://deb.debian.org/debian bookworm/main amd64 node-for-in all 1.0.2-4 [4840 B]
2026-04-23T21:49:31.0421201Z Get:428 http://deb.debian.org/debian bookworm/main amd64 node-for-own all 1.0.0-3 [4800 B]
2026-04-23T21:49:31.0426981Z Get:429 http://deb.debian.org/debian bookworm/main amd64 node-is-plain-object all 5.0.0-7 [6108 B]
2026-04-23T21:49:31.0432945Z Get:430 http://deb.debian.org/debian bookworm/main amd64 node-is-extendable all 1.0.1-3 [5228 B]
2026-04-23T21:49:31.0448584Z Get:431 http://deb.debian.org/debian bookworm/main amd64 node-clone-deep all 4.0.1+~cs7.0.2-1 [6720 B]
2026-04-23T21:49:31.0452574Z Get:432 http://deb.debian.org/debian bookworm/main amd64 node-commander all 9.4.1-1 [65.3 kB]
2026-04-23T21:49:31.0585017Z Get:433 http://deb.debian.org/debian bookworm/main amd64 node-core-js all 3.26.1-3 [268 kB]
2026-04-23T21:49:31.0776976Z Get:434 http://deb.debian.org/debian bookworm/main amd64 node-core-js-pure all 3.26.1-3 [250 kB]
2026-04-23T21:49:31.0787777Z Get:435 http://deb.debian.org/debian bookworm/main amd64 node-fs-readdir-recursive all 1.1.0+~1.1.0-1 [4540 B]
2026-04-23T21:49:31.0790227Z Get:436 http://deb.debian.org/debian bookworm/main amd64 node-js-tokens all 8.0.0-2 [14.9 kB]
2026-04-23T21:49:31.0791213Z Get:437 http://deb.debian.org/debian bookworm/main amd64 node-jsesc all 3.0.2+~3.0.1-1 [17.6 kB]
2026-04-23T21:49:31.0793676Z Get:438 http://deb.debian.org/debian bookworm/main amd64 node-json5 all 2.2.3+dfsg-1 [25.6 kB]
2026-04-23T21:49:31.0797336Z Get:439 http://deb.debian.org/debian bookworm/main amd64 node-quick-lru all 6.1.1-4 [8076 B]
2026-04-23T21:49:31.0801625Z Get:440 http://deb.debian.org/debian bookworm/main amd64 node-regenerator-transform all 0.15.1+~0.10.8-1 [24.6 kB]
2026-04-23T21:49:31.0806139Z Get:441 http://deb.debian.org/debian bookworm/main amd64 node-regjsgen all 0.7.1+ds-1 [6968 B]
2026-04-23T21:49:31.0809309Z Get:442 http://deb.debian.org/debian bookworm/main amd64 node-regjsparser all 0.9.1+ds-2 [22.1 kB]
2026-04-23T21:49:31.0952308Z Get:443 http://deb.debian.org/debian bookworm/main amd64 node-unicode-canonical-property-names-ecmascript all 2.0.0-2 [4540 B]
2026-04-23T21:49:31.0987446Z Get:444 http://deb.debian.org/debian bookworm/main amd64 node-unicode-property-aliases-ecmascript all 2.1.0+ds-1 [5256 B]
2026-04-23T21:49:31.0991248Z Get:445 http://deb.debian.org/debian bookworm/main amd64 node-unicode-match-property-ecmascript all 2.0.0-2 [4440 B]
2026-04-23T21:49:31.0995741Z Get:446 http://deb.debian.org/debian bookworm/main amd64 node-unicode-match-property-value-ecmascript all 2.1.0+ds-1 [7272 B]
2026-04-23T21:49:31.0999265Z Get:447 http://deb.debian.org/debian bookworm/main amd64 node-regexpu-core all 5.2.2-3 [13.9 kB]
2026-04-23T21:49:31.1002518Z Get:448 http://deb.debian.org/debian bookworm/main amd64 node-source-map-support all 0.5.21+ds+~0.5.4-1 [14.5 kB]
2026-04-23T21:49:31.1008377Z Get:449 http://deb.debian.org/debian bookworm/main amd64 node-to-fast-properties all 3.0.1-3 [4332 B]
2026-04-23T21:49:31.1012753Z Get:450 http://deb.debian.org/debian bookworm/main amd64 node-v8flags all 3.2.0+~3.1.1-1 [7612 B]
2026-04-23T21:49:31.1016995Z Get:451 http://deb.debian.org/debian bookworm/main amd64 node-babel7 all 7.20.15+ds1+~cs214.269.168-3+deb12u2 [712 kB]
2026-04-23T21:49:31.1117979Z Get:452 http://deb.debian.org/debian bookworm/main amd64 node-is-arrayish all 0.3.2-3 [3960 B]
2026-04-23T21:49:31.1226865Z Get:453 http://deb.debian.org/debian bookworm/main amd64 node-error-ex all 1.3.2-4 [5656 B]
2026-04-23T21:49:31.1230001Z Get:454 http://deb.debian.org/debian bookworm/main amd64 node-json-parse-better-errors all 1.0.2+~cs3.3.1-2 [7800 B]
2026-04-23T21:49:31.1233088Z Get:455 http://deb.debian.org/debian bookworm/main amd64 node-parse-json all 5.2.0+~cs5.1.7-1 [7356 B]
2026-04-23T21:49:31.1236400Z Get:456 http://deb.debian.org/debian bookworm/main amd64 node-hosted-git-info all 6.1.1-2 [12.6 kB]
2026-04-23T21:49:31.1239606Z Get:457 http://deb.debian.org/debian bookworm/main amd64 node-spdx-license-ids all 3.0.12-1 [6276 B]
2026-04-23T21:49:31.1244513Z Get:458 http://deb.debian.org/debian bookworm/main amd64 node-spdx-exceptions all 2.3.0-2 [3992 B]
2026-04-23T21:49:31.1248572Z Get:459 http://deb.debian.org/debian bookworm/main amd64 node-spdx-expression-parse all 3.0.1+~3.0.1-1 [7532 B]
2026-04-23T21:49:31.1255578Z Get:460 http://deb.debian.org/debian bookworm/main amd64 node-spdx-correct all 3.1.1-2 [5464 B]
2026-04-23T21:49:31.1293338Z Get:461 http://deb.debian.org/debian bookworm/main amd64 node-validate-npm-package-license all 3.0.4-2 [4280 B]
2026-04-23T21:49:31.1462482Z Get:462 http://deb.debian.org/debian bookworm/main amd64 node-normalize-package-data all 4.0.1+~2.4.1-1 [13.6 kB]
2026-04-23T21:49:31.1463572Z Get:463 http://deb.debian.org/debian bookworm/main amd64 node-read-pkg all 5.2.0-2 [24.0 kB]
2026-04-23T21:49:31.1468035Z Get:464 http://deb.debian.org/debian bookworm/main amd64 node-uuid all 8.3.2+~8.3.3-3 [44.0 kB]
2026-04-23T21:49:31.1472991Z Get:465 http://deb.debian.org/debian bookworm/main amd64 node-isexe all 2.0.0+~2.0.1-5 [6084 B]
2026-04-23T21:49:31.1477433Z Get:466 http://deb.debian.org/debian bookworm/main amd64 node-which all 2.0.2+~cs1.3.2-3 [8368 B]
2026-04-23T21:49:31.1482919Z Get:467 http://deb.debian.org/debian bookworm/main amd64 node-is-typedarray all 1.0.0-4 [3292 B]
2026-04-23T21:49:31.1487099Z Get:468 http://deb.debian.org/debian bookworm/main amd64 node-typedarray-to-buffer all 4.0.0-2 [3380 B]
2026-04-23T21:49:31.1491031Z Get:469 http://deb.debian.org/debian bookworm/main amd64 node-write-file-atomic all 4.0.2+~4.0.0-1 [9284 B]
2026-04-23T21:49:31.1494553Z Get:470 http://deb.debian.org/debian bookworm/main amd64 node-slice-ansi all 5.0.0+~cs9.0.0-5 [8788 B]
2026-04-23T21:49:31.1635594Z Get:471 http://deb.debian.org/debian bookworm/main amd64 node-ansi-regex all 5.0.1-1 [4912 B]
2026-04-23T21:49:31.1810864Z Get:472 http://deb.debian.org/debian bookworm/main amd64 node-strip-ansi all 6.0.1-2 [4120 B]
2026-04-23T21:49:31.1811999Z Get:473 http://deb.debian.org/debian bookworm/main amd64 node-clone all 2.1.2-4 [8280 B]
2026-04-23T21:49:31.1817041Z Get:474 http://deb.debian.org/debian bookworm/main amd64 node-defaults all 1.0.4+~1.0.3-1 [4400 B]
2026-04-23T21:49:31.1822684Z Get:475 http://deb.debian.org/debian bookworm/main amd64 node-wcwidth.js all 1.0.2-2 [7088 B]
2026-04-23T21:49:31.1823774Z Get:476 http://deb.debian.org/debian bookworm/main amd64 node-string-width all 4.2.3+~cs13.2.3-1 [10.7 kB]
2026-04-23T21:49:31.1825028Z Get:477 http://deb.debian.org/debian bookworm/main amd64 node-wrap-ansi all 8.0.1+~8.0.1-3 [11.8 kB]
2026-04-23T21:49:31.1829330Z Get:478 http://deb.debian.org/debian bookworm/main amd64 node-cliui all 7.0.4+repack+~cs3.1.0-4 [11.5 kB]
2026-04-23T21:49:31.1833176Z Get:479 http://deb.debian.org/debian bookworm/main amd64 node-get-caller-file all 2.0.5+~cs1.1.1-4 [5728 B]
2026-04-23T21:49:31.1836826Z Get:480 http://deb.debian.org/debian bookworm/main amd64 node-require-directory all 2.1.1+~2.1.2-1 [7092 B]
2026-04-23T21:49:31.1976104Z Get:481 http://deb.debian.org/debian bookworm/main amd64 node-y18n all 5.0.8+~5.0.0-3 [10.2 kB]
2026-04-23T21:49:31.2142679Z Get:482 http://deb.debian.org/debian bookworm/main amd64 node-camelcase all 7.0.0-3 [6032 B]
2026-04-23T21:49:31.2145838Z Get:483 http://deb.debian.org/debian bookworm/main amd64 node-yargs-parser all 21.1.1+~21.0.0-4 [28.4 kB]
2026-04-23T21:49:31.2152238Z Get:484 http://deb.debian.org/debian bookworm/main amd64 node-yargs all 16.2.0+~16.0.4-7 [128 kB]
2026-04-23T21:49:31.2159989Z Get:485 http://deb.debian.org/debian bookworm/main amd64 node-istanbul all 0.4.5+repack10+~cs97.25.57-3 [207 kB]
2026-04-23T21:49:31.2168783Z Get:486 http://deb.debian.org/debian bookworm/main amd64 node-through all 2.3.8+~cs0.0.30-1 [5452 B]
2026-04-23T21:49:31.2170982Z Get:487 http://deb.debian.org/debian bookworm/main amd64 node-resumer all 0.0.0-6 [4144 B]
2026-04-23T21:49:31.2172930Z Get:488 http://deb.debian.org/debian bookworm/main amd64 node-tape all 5.6.1+~cs8.20.19-1 [70.9 kB]
2026-04-23T21:49:31.2177107Z Get:489 http://deb.debian.org/debian bookworm/main amd64 node-deep-equal all 2.1.0+~cs31.12.80-1 [34.5 kB]
2026-04-23T21:49:31.2180478Z Get:490 http://deb.debian.org/debian bookworm/main amd64 libjs-util all 0.12.5+~1.0.10-1 [16.0 kB]
2026-04-23T21:49:31.2307381Z Get:491 http://deb.debian.org/debian bookworm/main amd64 libnet-http-perl all 6.22-1 [25.3 kB]
2026-04-23T21:49:31.2482043Z Get:492 http://deb.debian.org/debian bookworm/main amd64 libtry-tiny-perl all 0.31-2 [22.6 kB]
2026-04-23T21:49:31.2486737Z Get:493 http://deb.debian.org/debian bookworm/main amd64 libwww-robotrules-perl all 6.02-1 [12.9 kB]
2026-04-23T21:49:31.2487955Z Get:494 http://deb.debian.org/debian bookworm/main amd64 libwww-perl all 6.68-1 [186 kB]
2026-04-23T21:49:31.2496281Z Get:495 http://deb.debian.org/debian bookworm/main amd64 liblwp-protocol-https-perl all 6.10-1 [12.2 kB]
2026-04-23T21:49:31.2497784Z Get:496 http://deb.debian.org/debian bookworm/main amd64 libnet-smtp-ssl-perl all 1.04-2 [6548 B]
2026-04-23T21:49:31.2507388Z Get:497 http://deb.debian.org/debian bookworm/main amd64 libmailtools-perl all 2.21-2 [95.6 kB]
2026-04-23T21:49:31.2509538Z Get:498 http://deb.debian.org/debian-security bookworm-security/main amd64 libxml-parser-perl amd64 2.46-4+deb12u1 [201 kB]
2026-04-23T21:49:31.2516143Z Get:499 http://deb.debian.org/debian bookworm/main amd64 libxml-twig-perl all 1:3.52-2 [181 kB]
2026-04-23T21:49:31.2691673Z Get:500 http://deb.debian.org/debian bookworm/main amd64 libnet-dbus-perl amd64 1.2.0-2 [177 kB]
2026-04-23T21:49:31.2701023Z Get:501 http://deb.debian.org/debian-security bookworm-security/main amd64 libssl-dev amd64 3.0.19-1~deb12u2 [2441 kB]
2026-04-23T21:49:31.2823204Z Get:502 http://deb.debian.org/debian bookworm/main amd64 libuv1-dev amd64 1.44.2-1+deb12u1 [172 kB]
2026-04-23T21:49:31.2840271Z Get:503 http://deb.debian.org/debian bookworm/main amd64 libnode-dev amd64 18.20.4+dfsg-1~deb12u1 [511 kB]
2026-04-23T21:49:31.2870513Z Get:504 http://deb.debian.org/debian bookworm/main amd64 libnotify4 amd64 0.8.1-1 [30.1 kB]
2026-04-23T21:49:31.2879292Z Get:505 http://deb.debian.org/debian bookworm/main amd64 libnotify-bin amd64 0.8.1-1 [17.3 kB]
2026-04-23T21:49:31.2884445Z Get:506 http://deb.debian.org/debian bookworm/main amd64 libpkgconf3 amd64 1.8.1-1 [36.1 kB]
2026-04-23T21:49:31.2910852Z Get:507 http://deb.debian.org/debian bookworm/main amd64 libsasl2-dev amd64 2.1.28+dfsg-10 [235 kB]
2026-04-23T21:49:31.2919952Z Get:508 http://deb.debian.org/debian bookworm/main amd64 libsm6 amd64 2:1.2.3-1 [35.1 kB]
2026-04-23T21:49:31.2922472Z Get:509 http://deb.debian.org/debian bookworm/main amd64 libtext-iconv-perl amd64 1.7-8 [14.5 kB]
2026-04-23T21:49:31.2982492Z Get:510 http://deb.debian.org/debian bookworm/main amd64 libtie-ixhash-perl all 1.23-4 [11.7 kB]
2026-04-23T21:49:31.2987063Z Get:511 http://deb.debian.org/debian bookworm/main amd64 libx11-protocol-perl all 0.56-9 [120 kB]
2026-04-23T21:49:31.3155082Z Get:512 http://deb.debian.org/debian bookworm/main amd64 libxt6 amd64 1:1.2.1-1.1 [186 kB]
2026-04-23T21:49:31.3162930Z Get:513 http://deb.debian.org/debian bookworm/main amd64 libxmu6 amd64 2:1.1.3-3 [60.1 kB]
2026-04-23T21:49:31.3166956Z Get:514 http://deb.debian.org/debian bookworm/main amd64 libxaw7 amd64 2:1.0.14-1 [201 kB]
2026-04-23T21:49:31.3176011Z Get:515 http://deb.debian.org/debian bookworm/main amd64 libxcb-shape0 amd64 1.15-1 [106 kB]
2026-04-23T21:49:31.3180976Z Get:516 http://deb.debian.org/debian bookworm/main amd64 libxcomposite1 amd64 1:0.4.5-1 [16.6 kB]
2026-04-23T21:49:31.3187817Z Get:517 http://deb.debian.org/debian bookworm/main amd64 libxrender1 amd64 1:0.9.10-1.1 [33.2 kB]
2026-04-23T21:49:31.3188857Z Get:518 http://deb.debian.org/debian bookworm/main amd64 libxcursor1 amd64 1:1.2.1-1 [40.9 kB]
2026-04-23T21:49:31.3215975Z Get:519 http://deb.debian.org/debian bookworm/main amd64 libxrender-dev amd64 1:0.9.10-1.1 [41.1 kB]
2026-04-23T21:49:31.3409931Z Get:520 http://deb.debian.org/debian bookworm/main amd64 libxfixes-dev amd64 1:6.0.0-2 [24.7 kB]
2026-04-23T21:49:31.3413825Z Get:521 http://deb.debian.org/debian bookworm/main amd64 libxcursor-dev amd64 1:1.2.1-1 [51.8 kB]
2026-04-23T21:49:31.3596938Z Get:522 http://deb.debian.org/debian bookworm/main amd64 libxext-dev amd64 2:1.3.4-1+b1 [107 kB]
2026-04-23T21:49:31.3795349Z Get:523 http://deb.debian.org/debian bookworm/main amd64 libxft2 amd64 2.3.6-1 [61.8 kB]
2026-04-23T21:49:31.3978326Z Get:524 http://deb.debian.org/debian bookworm/main amd64 libxi6 amd64 2:1.8-1+b1 [84.2 kB]
2026-04-23T21:49:31.3996681Z Get:525 http://deb.debian.org/debian bookworm/main amd64 libxi-dev amd64 2:1.8-1+b1 [246 kB]
2026-04-23T21:49:31.4009701Z Get:526 http://deb.debian.org/debian bookworm/main amd64 libxinerama1 amd64 2:1.1.4-3 [17.8 kB]
2026-04-23T21:49:31.4192455Z Get:527 http://deb.debian.org/debian bookworm/main amd64 libxinerama-dev amd64 2:1.1.4-3 [20.1 kB]
2026-04-23T21:49:31.4193295Z Get:528 http://deb.debian.org/debian bookworm/main amd64 libxkbfile1 amd64 1:1.1.0-1 [75.2 kB]
2026-04-23T21:49:31.4199922Z Get:529 http://deb.debian.org/debian bookworm/main amd64 libxml-xpathengine-perl all 0.14-2 [33.5 kB]
2026-04-23T21:49:31.4202924Z Get:530 http://deb.debian.org/debian bookworm/main amd64 libxrandr2 amd64 2:1.5.2-2+b1 [39.2 kB]
2026-04-23T21:49:31.4220569Z Get:531 http://deb.debian.org/debian bookworm/main amd64 libxrandr-dev amd64 2:1.5.2-2+b1 [47.1 kB]
2026-04-23T21:49:31.4224332Z Get:532 http://deb.debian.org/debian bookworm/main amd64 libxtst6 amd64 2:1.2.3-1.1 [28.0 kB]
2026-04-23T21:49:31.4247855Z Get:533 http://deb.debian.org/debian bookworm/main amd64 libxv1 amd64 2:1.0.11-1.1 [24.8 kB]
2026-04-23T21:49:31.4267209Z Get:534 http://deb.debian.org/debian bookworm/main amd64 libxxf86dga1 amd64 2:1.1.5-1 [22.1 kB]
2026-04-23T21:49:31.4454791Z Get:535 http://deb.debian.org/debian bookworm/main amd64 libzstd-dev amd64 1.5.4+dfsg2-5 [354 kB]
2026-04-23T21:49:31.4485799Z Get:536 http://deb.debian.org/debian-security bookworm-security/main amd64 linux-compiler-gcc-12-x86 amd64 6.1.164-1 [1094 kB]
2026-04-23T21:49:31.4683058Z Get:537 http://deb.debian.org/debian-security bookworm-security/main amd64 linux-headers-6.1.0-44-common all 6.1.164-1 [10.3 MB]
2026-04-23T21:49:31.5182830Z Get:538 http://deb.debian.org/debian-security bookworm-security/main amd64 linux-kbuild-6.1 amd64 6.1.164-1 [1351 kB]
2026-04-23T21:49:31.5252306Z Get:539 http://deb.debian.org/debian-security bookworm-security/main amd64 linux-headers-6.1.0-44-amd64 amd64 6.1.164-1 [1625 kB]
2026-04-23T21:49:31.5349929Z Get:540 http://deb.debian.org/debian-security bookworm-security/main amd64 linux-headers-amd64 amd64 6.1.164-1 [1412 B]
2026-04-23T21:49:31.5352881Z Get:541 http://deb.debian.org/debian bookworm/main amd64 manpages-dev all 6.03-2 [2030 kB]
2026-04-23T21:49:31.5416671Z Get:542 http://deb.debian.org/debian bookworm/main amd64 node-agent-base all 6.0.2+~cs5.4.2-2 [17.3 kB]
2026-04-23T21:49:31.5419036Z Get:543 http://deb.debian.org/debian bookworm/main amd64 node-ajv-keywords all 3.5.2-2 [20.3 kB]
2026-04-23T21:49:31.5423234Z Get:544 http://deb.debian.org/debian bookworm/main amd64 node-ansi-escapes all 5.0.0+really.4.3.1-1 [8896 B]
2026-04-23T21:49:31.5441187Z Get:545 http://deb.debian.org/debian bookworm/main amd64 node-aproba all 2.0.0-3 [5844 B]
2026-04-23T21:49:31.5458802Z Get:546 http://deb.debian.org/debian bookworm/main amd64 node-delegates all 1.0.0-3 [4528 B]
2026-04-23T21:49:31.5467818Z Get:547 http://deb.debian.org/debian bookworm/main amd64 node-are-we-there-yet all 3.0.1+~1.1.0-1 [10.0 kB]
2026-04-23T21:49:31.5519480Z Get:548 http://deb.debian.org/debian bookworm/main amd64 node-async-each all 1.0.3-3 [4292 B]
2026-04-23T21:49:31.5672745Z Get:549 http://deb.debian.org/debian bookworm/main amd64 node-auto-bind all 4.0.0-2 [4816 B]
2026-04-23T21:49:31.5683202Z Get:550 http://deb.debian.org/debian bookworm/main amd64 node-babel-plugin-lodash all 3.3.4+~cs2.0.1-6 [11.0 kB]
2026-04-23T21:49:31.5728490Z Get:551 http://deb.debian.org/debian bookworm/main amd64 node-isobject all 4.0.0-2 [5332 B]
2026-04-23T21:49:31.5752562Z Get:552 http://deb.debian.org/debian bookworm/main amd64 node-object-visit all 1.0.1-5 [4868 B]
2026-04-23T21:49:31.5765372Z Get:553 http://deb.debian.org/debian bookworm/main amd64 node-map-visit all 1.0.0-4 [6208 B]
2026-04-23T21:49:31.5809806Z Get:554 http://deb.debian.org/debian bookworm/main amd64 node-collection-visit all 1.0.0-4 [4924 B]
2026-04-23T21:49:31.5825867Z Get:555 http://deb.debian.org/debian bookworm/main amd64 node-get-value all 1:3.0.1-4 [5248 B]
2026-04-23T21:49:31.5840642Z Get:556 http://deb.debian.org/debian bookworm/main amd64 node-sellside-emitter all 1.2.1-3 [4440 B]
2026-04-23T21:49:31.5859249Z Get:557 http://deb.debian.org/debian bookworm/main amd64 node-is-primitive all 3.0.1-3 [4892 B]
2026-04-23T21:49:31.5877431Z Get:558 http://deb.debian.org/debian bookworm/main amd64 node-set-value all 4.1.0+~4.0.1-2 [10.4 kB]
2026-04-23T21:49:31.6023296Z Get:559 http://deb.debian.org/debian bookworm/main amd64 node-union-value all 2.0.1-4 [5352 B]
2026-04-23T21:49:31.6039462Z Get:560 http://deb.debian.org/debian bookworm/main amd64 node-has-values all 2.0.1-4 [5628 B]
2026-04-23T21:49:31.6058851Z Get:561 http://deb.debian.org/debian bookworm/main amd64 node-has-value all 2.0.2-4 [6000 B]
2026-04-23T21:49:31.6079573Z Get:562 http://deb.debian.org/debian bookworm/main amd64 node-unset-value all 2.0.1-1 [5928 B]
2026-04-23T21:49:31.6099009Z Get:563 http://deb.debian.org/debian bookworm/main amd64 node-cache-base all 4.0.2-1 [12.4 kB]
2026-04-23T21:49:31.6117243Z Get:564 http://deb.debian.org/debian bookworm/main amd64 node-is-descriptor all 3.0.0-2 [5556 B]
2026-04-23T21:49:31.6141420Z Get:565 http://deb.debian.org/debian bookworm/main amd64 node-define-property all 2.0.2+really+2.0.2-3 [6820 B]
2026-04-23T21:49:31.6196199Z Get:566 http://deb.debian.org/debian bookworm/main amd64 node-mixin-deep all 2.0.1-3 [5428 B]
2026-04-23T21:49:31.6210667Z Get:567 http://deb.debian.org/debian bookworm/main amd64 node-pascalcase all 1.0.0-1 [5004 B]
2026-04-23T21:49:31.6228503Z Get:568 http://deb.debian.org/debian bookworm/main amd64 node-base all 3.0.0-3 [12.9 kB]
2026-04-23T21:49:31.6367249Z Get:569 http://deb.debian.org/debian bookworm/main amd64 node-base64-js all 1.5.1+dfsg+~1.3.0-2 [7140 B]
2026-04-23T21:49:31.6382729Z Get:570 http://deb.debian.org/debian bookworm/main amd64 node-binary-extensions all 2.2.0-2 [4408 B]
2026-04-23T21:49:31.6408845Z Get:571 http://deb.debian.org/debian bookworm/main amd64 node-builtins all 5.0.1-1 [4072 B]
2026-04-23T21:49:31.6423497Z Get:572 http://deb.debian.org/debian bookworm/main amd64 node-chownr all 2.0.0-2 [4424 B]
2026-04-23T21:49:31.6609873Z Get:573 http://deb.debian.org/debian bookworm/main amd64 node-iconv-lite all 0.6.3-3 [115 kB]
2026-04-23T21:49:31.6617508Z Get:574 http://deb.debian.org/debian bookworm/main amd64 node-encoding all 0.1.13-2 [4400 B]
2026-04-23T21:49:31.6620078Z Get:575 http://deb.debian.org/debian bookworm/main amd64 node-jsonparse all 1.3.1-10 [8020 B]
2026-04-23T21:49:31.6625092Z Get:576 http://deb.debian.org/debian bookworm/main amd64 node-minipass all 3.3.6+~cs9.4.19-1+deb12u1 [43.1 kB]
2026-04-23T21:49:31.6630123Z Get:577 http://deb.debian.org/debian bookworm/main amd64 node-iferr all 1.0.2+~1.0.2-1 [4588 B]
2026-04-23T21:49:31.6633453Z Get:578 http://deb.debian.org/debian bookworm/main amd64 node-fs-write-stream-atomic all 1.0.10-6 [5316 B]
2026-04-23T21:49:31.6689393Z Get:579 http://deb.debian.org/debian bookworm/main amd64 node-run-queue all 2.0.0-3 [5156 B]
2026-04-23T21:49:31.6695017Z Get:580 http://deb.debian.org/debian bookworm/main amd64 node-copy-concurrently all 1.0.5-9 [7100 B]
2026-04-23T21:49:31.6711758Z Get:581 http://deb.debian.org/debian bookworm/main amd64 node-move-concurrently all 1.0.1-5 [5152 B]
2026-04-23T21:49:31.6716123Z Get:582 http://deb.debian.org/debian bookworm/main amd64 node-promise-inflight all 1.0.1+~1.0.0-1 [4864 B]
2026-04-23T21:49:31.6864982Z Get:583 http://deb.debian.org/debian bookworm/main amd64 node-ssri all 9.0.1-2 [18.0 kB]
2026-04-23T21:49:31.6868290Z Get:584 http://deb.debian.org/debian bookworm/main amd64 node-unique-filename all 1.1.1+ds-2 [4032 B]
2026-04-23T21:49:31.6869527Z Get:585 http://deb.debian.org/debian bookworm/main amd64 node-cacache all 17.0.3+~cs10.3.7-1 [45.1 kB]
2026-04-23T21:49:31.6873469Z Get:586 http://deb.debian.org/debian bookworm/main amd64 node-is-binary-path all 2.1.0-5 [3684 B]
2026-04-23T21:49:31.6877699Z Get:587 http://deb.debian.org/debian bookworm/main amd64 node-path-is-absolute all 2.0.0-2 [4068 B]
2026-04-23T21:49:31.6879098Z Get:588 http://deb.debian.org/debian bookworm/main amd64 node-set-immediate-shim all 2.0.0-2 [3740 B]
2026-04-23T21:49:31.7033071Z Get:589 http://deb.debian.org/debian bookworm/main amd64 node-readdirp all 3.6.0-1 [11.5 kB]
2026-04-23T21:49:31.7037359Z Get:590 http://deb.debian.org/debian bookworm/main amd64 node-chokidar all 3.5.3-2 [32.3 kB]
2026-04-23T21:49:31.7041681Z Get:591 http://deb.debian.org/debian bookworm/main amd64 node-tslib all 2.4.1-1 [19.5 kB]
2026-04-23T21:49:31.7043338Z Get:592 http://deb.debian.org/debian bookworm/main amd64 node-chrome-trace-event all 1.0.3-2 [6984 B]
2026-04-23T21:49:31.7202898Z Get:593 http://deb.debian.org/debian bookworm/main amd64 node-ci-info all 3.6.1+~cs1.1.0-1 [11.7 kB]
2026-04-23T21:49:31.7207503Z Get:594 http://deb.debian.org/debian bookworm/main amd64 node-cli-boxes all 2.2.1-2 [4696 B]
2026-04-23T21:49:31.7211735Z Get:595 http://deb.debian.org/debian bookworm/main amd64 node-restore-cursor all 4.0.0-2 [4352 B]
2026-04-23T21:49:31.7215944Z Get:596 http://deb.debian.org/debian bookworm/main amd64 node-cli-cursor all 4.0.0-3 [7880 B]
2026-04-23T21:49:31.7220267Z Get:597 http://deb.debian.org/debian bookworm/main amd64 node-colors all 1.4.0-4 [11.9 kB]
2026-04-23T21:49:31.7225355Z Get:598 http://deb.debian.org/debian bookworm/main amd64 node-cli-table all 0.3.11+~cs0.13.4-3 [23.6 kB]
2026-04-23T21:49:31.7373125Z Get:599 http://deb.debian.org/debian bookworm/main amd64 node-cli-truncate all 2.1.0-5 [5628 B]
2026-04-23T21:49:31.7376958Z Get:600 http://deb.debian.org/debian bookworm/main amd64 node-columnify all 1.6.0+~1.5.1-1 [12.4 kB]
2026-04-23T21:49:31.7382418Z Get:601 http://deb.debian.org/debian bookworm/main amd64 node-console-control-strings all 1.1.0-3 [5564 B]
2026-04-23T21:49:31.7386126Z Get:602 http://deb.debian.org/debian bookworm/main amd64 node-growl all 1.10.5-4 [7684 B]
2026-04-23T21:49:31.7546794Z Get:603 http://deb.debian.org/debian bookworm/main amd64 node-lcov-parse all 1.0.0+20170612git80d039574ed9-6 [5116 B]
2026-04-23T21:49:31.7548539Z Get:604 http://deb.debian.org/debian bookworm/main amd64 node-log-driver all 1.2.7+git+20180219+bba1761737-7 [5396 B]
2026-04-23T21:49:31.7553599Z Get:605 http://deb.debian.org/debian bookworm/main amd64 node-data-uri-to-buffer all 4.0.0-3 [5540 B]
2026-04-23T21:49:31.7569432Z Get:606 http://deb.debian.org/debian bookworm/main amd64 node-fetch all 3.3.0+~cs11.4.11-2 [212 kB]
2026-04-23T21:49:31.7579260Z Get:607 http://deb.debian.org/debian bookworm/main amd64 node-coveralls all 3.1.1-2 [13.8 kB]
2026-04-23T21:49:31.7581756Z Get:608 http://deb.debian.org/debian bookworm/main amd64 node-css-selector-tokenizer all 0.8.0+~cs4.8.3-1 [13.0 kB]
2026-04-23T21:49:31.7776638Z Get:609 http://deb.debian.org/debian bookworm/main amd64 node-postcss all 8.4.20+~cs8.0.23-1+deb12u1 [181 kB]
2026-04-23T21:49:31.7785282Z Get:610 http://deb.debian.org/debian bookworm/main amd64 node-icss-utils all 5.1.0+~5.1.0-1 [7564 B]
2026-04-23T21:49:31.7786696Z Get:611 http://deb.debian.org/debian bookworm/main amd64 node-postcss-modules-extract-imports all 3.0.0-2 [6584 B]
2026-04-23T21:49:31.7787647Z Get:612 http://deb.debian.org/debian bookworm/main amd64 node-postcss-modules-values all 4.0.0+~4.0.0-1 [7180 B]
2026-04-23T21:49:31.7896585Z Get:613 http://deb.debian.org/debian bookworm/main amd64 node-postcss-value-parser all 4.2.0-1 [10.4 kB]
2026-04-23T21:49:31.7899531Z Get:614 http://deb.debian.org/debian bookworm/main amd64 node-prr all 1.0.1-3 [4352 B]
2026-04-23T21:49:31.7905645Z Get:615 http://deb.debian.org/debian bookworm/main amd64 node-errno all 1.0.0-3 [7736 B]
2026-04-23T21:49:31.7910816Z Get:616 http://deb.debian.org/debian bookworm/main amd64 node-memory-fs all 0.5.0+~0.3.3-2 [7676 B]
2026-04-23T21:49:31.7914364Z Get:617 http://deb.debian.org/debian bookworm/main amd64 node-tapable all 2.2.1-2 [13.6 kB]
2026-04-23T21:49:31.7918730Z Get:618 http://deb.debian.org/debian bookworm/main amd64 node-enhanced-resolve all 5.10.0-1 [33.6 kB]
2026-04-23T21:49:31.8071727Z Get:619 http://deb.debian.org/debian bookworm/main amd64 node-es-module-lexer all 1.1.0+dfsg-2+deb12u1 [19.7 kB]
2026-04-23T21:49:31.8074400Z Get:620 http://deb.debian.org/debian bookworm/main amd64 node-events all 3.3.0+~3.0.0-3 [5888 B]
2026-04-23T21:49:31.8077890Z Get:621 http://deb.debian.org/debian bookworm/main amd64 node-resolve-cwd all 3.0.0-2 [4212 B]
2026-04-23T21:49:31.8079309Z Get:622 http://deb.debian.org/debian bookworm/main amd64 node-jest-debbundle all 29.3.1~ds1+~cs70.48.25-2 [129 kB]
2026-04-23T21:49:31.8239184Z Get:623 http://deb.debian.org/debian bookworm/main amd64 node-interpret all 2.2.0-3 [7660 B]
2026-04-23T21:49:31.8241785Z Get:624 http://deb.debian.org/debian bookworm/main amd64 node-merge-stream all 2.0.0+~1.1.2-2 [5124 B]
2026-04-23T21:49:31.8242830Z Get:625 http://deb.debian.org/debian bookworm/main amd64 node-jest-worker all 29.3.1~ds1+~cs70.48.25-2 [112 kB]
2026-04-23T21:49:31.8251570Z Get:626 http://deb.debian.org/debian bookworm/main amd64 node-loader-runner all 4.3.0-1 [7644 B]
2026-04-23T21:49:31.8253098Z Get:627 http://deb.debian.org/debian bookworm/main amd64 node-mime all 3.0.0+dfsg+~cs3.97.1-1 [40.4 kB]
2026-04-23T21:49:31.8257290Z Get:628 http://deb.debian.org/debian bookworm/main amd64 node-mime-types all 2.1.35-1 [9456 B]
2026-04-23T21:49:31.8408036Z Get:629 http://deb.debian.org/debian bookworm/main amd64 node-rechoir all 0.8.0+~0.6.1-2 [6628 B]
2026-04-23T21:49:31.8411193Z Get:630 http://deb.debian.org/debian bookworm/main amd64 node-schema-utils all 3.1.1~ds-2 [20.0 kB]
2026-04-23T21:49:31.8415310Z Get:631 http://deb.debian.org/debian bookworm/main amd64 node-randombytes all 2.1.0+~2.0.0-2 [4852 B]
2026-04-23T21:49:31.8417981Z Get:632 http://deb.debian.org/debian bookworm/main amd64 node-serialize-javascript all 6.0.0-2+deb12u1 [12.8 kB]
2026-04-23T21:49:31.8579526Z Get:633 http://deb.debian.org/debian bookworm/main amd64 node-watchpack all 2.4.0+~cs2.8.1-1 [20.2 kB]
2026-04-23T21:49:31.8585701Z Get:634 http://deb.debian.org/debian bookworm/main amd64 node-webassemblyjs all 1.11.4+dfsg+~cs10.11.17-2 [139 kB]
2026-04-23T21:49:31.8593743Z Get:635 http://deb.debian.org/debian bookworm/main amd64 node-source-list-map all 2.0.1+dfsg-2 [9348 B]
2026-04-23T21:49:31.8597220Z Get:636 http://deb.debian.org/debian bookworm/main amd64 node-webpack-sources all 3.2.3+~3.2.0-2 [23.2 kB]
2026-04-23T21:49:31.8601821Z Get:637 http://deb.debian.org/debian bookworm/main amd64 node-terser all 5.16.5-2 [204 kB]
2026-04-23T21:49:31.8611556Z Get:638 http://deb.debian.org/debian bookworm/main amd64 terser all 5.16.5-2 [16.5 kB]
2026-04-23T21:49:31.8950271Z Get:639 http://deb.debian.org/debian bookworm/main amd64 webpack all 5.75.0+dfsg+~cs17.16.14-1+deb12u1 [756 kB]
2026-04-23T21:49:31.8980033Z Get:640 http://deb.debian.org/debian bookworm/main amd64 node-css-loader all 6.7.2+~cs14.0.11-1 [73.0 kB]
2026-04-23T21:49:31.8983920Z Get:641 http://deb.debian.org/debian bookworm/main amd64 node-mimic-response all 3.1.0-8 [5404 B]
2026-04-23T21:49:31.8988278Z Get:642 http://deb.debian.org/debian bookworm/main amd64 node-decompress-response all 6.0.0-2 [4620 B]
2026-04-23T21:49:31.8989752Z Get:643 http://deb.debian.org/debian bookworm/main amd64 node-depd all 2.0.0-2 [11.2 kB]
2026-04-23T21:49:31.8996163Z Get:644 http://deb.debian.org/debian bookworm/main amd64 node-diff all 5.0.0~dfsg+~5.0.1-4 [69.7 kB]
2026-04-23T21:49:31.8999168Z Get:645 http://deb.debian.org/debian bookworm/main amd64 node-end-of-stream all 1.4.4+~1.4.1-1 [5292 B]
2026-04-23T21:49:31.9004755Z Get:646 http://deb.debian.org/debian bookworm/main amd64 node-err-code all 2.0.3+dfsg-3 [4884 B]
2026-04-23T21:49:31.9015860Z Get:647 http://deb.debian.org/debian bookworm/main amd64 node-time-stamp all 2.2.0-2 [6016 B]
2026-04-23T21:49:31.9020272Z Get:648 http://deb.debian.org/debian bookworm/main amd64 node-fancy-log all 1.3.3+~cs1.3.1-2 [7940 B]
2026-04-23T21:49:31.9166990Z Get:649 http://deb.debian.org/debian bookworm/main amd64 node-has-unicode all 2.0.1-5 [3992 B]
2026-04-23T21:49:31.9332566Z Get:650 http://deb.debian.org/debian bookworm/main amd64 node-wide-align all 1.1.3-4 [4244 B]
2026-04-23T21:49:31.9335079Z Get:651 http://deb.debian.org/debian bookworm/main amd64 node-gauge all 4.0.4-1 [19.6 kB]
2026-04-23T21:49:31.9340971Z Get:652 http://deb.debian.org/debian bookworm/main amd64 node-pump all 3.0.0-5 [5136 B]
2026-04-23T21:49:31.9345252Z Get:653 http://deb.debian.org/debian bookworm/main amd64 node-get-stream all 6.0.1-1 [7208 B]
2026-04-23T21:49:31.9350514Z Get:654 http://deb.debian.org/debian bookworm/main amd64 node-lowercase-keys all 2.0.0-2 [3768 B]
2026-04-23T21:49:31.9353817Z Get:655 http://deb.debian.org/debian bookworm/main amd64 node-json-buffer all 3.0.1+~3.0.0-1 [4536 B]
2026-04-23T21:49:31.9359918Z Get:656 http://deb.debian.org/debian bookworm/main amd64 node-p-cancelable all 2.1.1-1 [7272 B]
2026-04-23T21:49:31.9365065Z Get:657 http://deb.debian.org/debian bookworm/main amd64 node-got all 11.8.5+~cs58.13.36-3 [121 kB]
2026-04-23T21:49:31.9371487Z Get:658 http://deb.debian.org/debian bookworm/main amd64 node-https-proxy-agent all 5.0.1+~cs8.0.0-3 [16.1 kB]
2026-04-23T21:49:31.9506600Z Get:659 http://deb.debian.org/debian bookworm/main amd64 node-set-blocking all 2.0.0-2 [4248 B]
2026-04-23T21:49:31.9674359Z Get:660 http://deb.debian.org/debian bookworm/main amd64 node-npmlog all 7.0.1+~4.1.4-1 [11.4 kB]
2026-04-23T21:49:31.9679526Z Get:661 http://deb.debian.org/debian bookworm/main amd64 node-osenv all 0.1.5+~0.1.1-1 [5884 B]
2026-04-23T21:49:31.9685559Z Get:662 http://deb.debian.org/debian bookworm/main amd64 node-tar all 6.1.13+~cs7.0.5-1 [51.1 kB]
2026-04-23T21:49:31.9690462Z Get:663 http://deb.debian.org/debian bookworm/main amd64 node-gyp all 9.3.0-2 [57.9 kB]
2026-04-23T21:49:31.9695077Z Get:664 http://deb.debian.org/debian bookworm/main amd64 node-ieee754 all 1.2.1-3 [5268 B]
2026-04-23T21:49:31.9697914Z Get:665 http://deb.debian.org/debian bookworm/main amd64 node-ini all 3.0.1-2 [6928 B]
2026-04-23T21:49:31.9702172Z Get:666 http://deb.debian.org/debian bookworm/main amd64 node-ip all 2.0.0+~1.1.0-1 [8128 B]
2026-04-23T21:49:31.9705209Z Get:667 http://deb.debian.org/debian bookworm/main amd64 node-ip-regex all 4.3.0+~4.1.1-1 [5188 B]
2026-04-23T21:49:31.9710810Z Get:668 http://deb.debian.org/debian bookworm/main amd64 node-mute-stream all 0.0.8+~0.0.1-3 [6232 B]
2026-04-23T21:49:31.9858191Z Get:669 http://deb.debian.org/debian bookworm/main amd64 node-negotiator all 0.6.3+~0.6.1-1 [10.8 kB]
2026-04-23T21:49:32.0017191Z Get:670 http://deb.debian.org/debian bookworm/main amd64 node-read-package-json all 5.0.2+~2.0.0-1 [12.0 kB]
2026-04-23T21:49:32.0024216Z Get:671 http://deb.debian.org/debian bookworm/main amd64 node-npm-bundled all 2.0.1-2 [6408 B]
2026-04-23T21:49:32.0029867Z Get:672 http://deb.debian.org/debian bookworm/main amd64 node-validate-npm-package-name all 5.0.0+~4.0.0-1 [7444 B]
2026-04-23T21:49:32.0033445Z Get:673 http://deb.debian.org/debian bookworm/main amd64 node-npm-package-arg all 10.0.0+~3.0.0-2 [11.4 kB]
2026-04-23T21:49:32.0041635Z Get:674 http://deb.debian.org/debian bookworm/main amd64 xdg-utils all 1.1.3-4.1 [75.5 kB]
2026-04-23T21:49:32.0044595Z Get:675 http://deb.debian.org/debian bookworm/main amd64 node-opener all 1.5.2+~1.4.0-1 [5940 B]
2026-04-23T21:49:32.0046179Z Get:676 http://deb.debian.org/debian bookworm/main amd64 node-retry all 0.13.1+~0.12.1-1 [11.2 kB]
2026-04-23T21:49:32.0051312Z Get:677 http://deb.debian.org/debian bookworm/main amd64 node-promise-retry all 2.0.1-4 [5016 B]
2026-04-23T21:49:32.0052965Z Get:678 http://deb.debian.org/debian bookworm/main amd64 node-read all 1.0.7-5 [5388 B]
2026-04-23T21:49:32.0193599Z Get:679 http://deb.debian.org/debian bookworm/main amd64 node-promzard all 0.3.0-2 [6788 B]
2026-04-23T21:49:32.0364905Z Get:680 http://deb.debian.org/debian bookworm/main amd64 node-shell-quote all 1.7.4+~1.7.1-1 [14.2 kB]
2026-04-23T21:49:32.0366101Z Get:681 http://deb.debian.org/debian bookworm/main amd64 node-stack-utils all 2.0.6+~2.0.1-1 [9260 B]
2026-04-23T21:49:32.0369169Z Get:682 http://deb.debian.org/debian bookworm/main amd64 node-yaml all 2.1.3-2 [118 kB]
2026-04-23T21:49:32.0378236Z Get:683 http://deb.debian.org/debian bookworm/main amd64 node-tap-parser all 11.0.2+~cs2.1.4-1 [62.7 kB]
2026-04-23T21:49:32.0383013Z Get:684 http://deb.debian.org/debian bookworm/main amd64 node-tap-mocha-reporter all 5.0.3+~2.0.2-2 [38.7 kB]
2026-04-23T21:49:32.0386541Z Get:685 http://deb.debian.org/debian bookworm/main amd64 node-widest-line all 3.1.0-2 [4092 B]
2026-04-23T21:49:32.0392688Z Get:686 http://deb.debian.org/debian bookworm/main amd64 node-ws all 8.11.0+~cs13.7.3-1 [51.1 kB]
2026-04-23T21:49:32.0395512Z Get:687 http://deb.debian.org/debian bookworm/main amd64 node-tap all 16.3.2+ds1+~cs50.8.16-1+deb12u1 [101 kB]
2026-04-23T21:49:32.0400696Z Get:688 http://deb.debian.org/debian bookworm/main amd64 node-text-table all 0.2.0-4 [4736 B]
2026-04-23T21:49:32.0671338Z Get:689 http://deb.debian.org/debian bookworm/main amd64 nodejs-doc all 18.20.4+dfsg-1~deb12u1 [3579 kB]
2026-04-23T21:49:32.0920573Z Get:690 http://deb.debian.org/debian bookworm/main amd64 npm all 9.2.0~ds1-1 [669 kB]
2026-04-23T21:49:32.1145913Z Get:691 http://deb.debian.org/debian bookworm/main amd64 pkgconf-bin amd64 1.8.1-1 [29.5 kB]
2026-04-23T21:49:32.1147624Z Get:692 http://deb.debian.org/debian bookworm/main amd64 pkgconf amd64 1.8.1-1 [25.9 kB]
2026-04-23T21:49:32.1168600Z Get:693 http://deb.debian.org/debian bookworm/main amd64 pkg-config amd64 1.8.1-1 [13.7 kB]
2026-04-23T21:49:32.1357685Z Get:694 http://deb.debian.org/debian bookworm/main amd64 psmisc amd64 23.6-1 [259 kB]
2026-04-23T21:49:32.1377895Z Get:695 http://deb.debian.org/debian bookworm/main amd64 uuid-dev amd64 2.38.1-5+deb12u3 [40.0 kB]
2026-04-23T21:49:32.1386895Z Get:696 http://deb.debian.org/debian bookworm/main amd64 x11-utils amd64 7.7+5 [202 kB]
2026-04-23T21:49:32.1395782Z Get:697 http://deb.debian.org/debian bookworm/main amd64 x11-xserver-utils amd64 7.7+9+b1 [169 kB]
2026-04-23T21:49:32.1403070Z Get:698 http://deb.debian.org/debian bookworm/main amd64 xdg-user-dirs amd64 0.18-1 [54.4 kB]
2026-04-23T21:49:32.1452648Z Get:699 http://deb.debian.org/debian bookworm/main amd64 zlib1g-dev amd64 1:1.2.13.dfsg-1 [916 kB]
2026-04-23T21:49:32.1650698Z Get:700 http://deb.debian.org/debian bookworm/main amd64 zutty amd64 0.14.0.20230218+dfsg1-1 [177 kB]
2026-04-23T21:49:32.2913266Z debconf: delaying package configuration, since apt-utils is not installed
2026-04-23T21:49:32.3089037Z Fetched 239 MB in 3s (73.2 MB/s)
2026-04-23T21:49:32.3220766Z Selecting previously unselected package libdbus-1-3:amd64.
2026-04-23T21:49:32.3226802Z (Reading database ... 
2026-04-23T21:49:32.3227167Z (Reading database ... 5%
2026-04-23T21:49:32.3227510Z (Reading database ... 10%
2026-04-23T21:49:32.3227710Z (Reading database ... 15%
2026-04-23T21:49:32.3227907Z (Reading database ... 20%
2026-04-23T21:49:32.3228093Z (Reading database ... 25%
2026-04-23T21:49:32.3228286Z (Reading database ... 30%
2026-04-23T21:49:32.3228478Z (Reading database ... 35%
2026-04-23T21:49:32.3228662Z (Reading database ... 40%
2026-04-23T21:49:32.3228850Z (Reading database ... 45%
2026-04-23T21:49:32.3229036Z (Reading database ... 50%
2026-04-23T21:49:32.3229232Z (Reading database ... 55%
2026-04-23T21:49:32.3229416Z (Reading database ... 60%
2026-04-23T21:49:32.3229611Z (Reading database ... 65%
2026-04-23T21:49:32.3247486Z (Reading database ... 70%
2026-04-23T21:49:32.3252873Z (Reading database ... 75%
2026-04-23T21:49:32.3256520Z (Reading database ... 80%
2026-04-23T21:49:32.3259053Z (Reading database ... 85%
2026-04-23T21:49:32.3266276Z (Reading database ... 90%
2026-04-23T21:49:32.3271016Z (Reading database ... 95%
2026-04-23T21:49:32.3271561Z (Reading database ... 100%
2026-04-23T21:49:32.3272046Z (Reading database ... 10288 files and directories currently installed.)
2026-04-23T21:49:32.3276398Z Preparing to unpack .../00-libdbus-1-3_1.14.10-1~deb12u1_amd64.deb ...
2026-04-23T21:49:32.3288643Z Unpacking libdbus-1-3:amd64 (1.14.10-1~deb12u1) ...
2026-04-23T21:49:32.3506744Z Selecting previously unselected package dbus-bin.
2026-04-23T21:49:32.3515424Z Preparing to unpack .../01-dbus-bin_1.14.10-1~deb12u1_amd64.deb ...
2026-04-23T21:49:32.3520676Z Unpacking dbus-bin (1.14.10-1~deb12u1) ...
2026-04-23T21:49:32.3674682Z Selecting previously unselected package dbus-session-bus-common.
2026-04-23T21:49:32.3683539Z Preparing to unpack .../02-dbus-session-bus-common_1.14.10-1~deb12u1_all.deb ...
2026-04-23T21:49:32.3689555Z Unpacking dbus-session-bus-common (1.14.10-1~deb12u1) ...
2026-04-23T21:49:32.3828541Z Selecting previously unselected package libapparmor1:amd64.
2026-04-23T21:49:32.3837931Z Preparing to unpack .../03-libapparmor1_3.0.8-3_amd64.deb ...
2026-04-23T21:49:32.3843555Z Unpacking libapparmor1:amd64 (3.0.8-3) ...
2026-04-23T21:49:32.3957873Z Selecting previously unselected package dbus-daemon.
2026-04-23T21:49:32.3967100Z Preparing to unpack .../04-dbus-daemon_1.14.10-1~deb12u1_amd64.deb ...
2026-04-23T21:49:32.3976516Z Unpacking dbus-daemon (1.14.10-1~deb12u1) ...
2026-04-23T21:49:32.4181393Z Selecting previously unselected package dbus-system-bus-common.
2026-04-23T21:49:32.4190713Z Preparing to unpack .../05-dbus-system-bus-common_1.14.10-1~deb12u1_all.deb ...
2026-04-23T21:49:32.4196794Z Unpacking dbus-system-bus-common (1.14.10-1~deb12u1) ...
2026-04-23T21:49:32.4351111Z Selecting previously unselected package dbus.
2026-04-23T21:49:32.4360669Z Preparing to unpack .../06-dbus_1.14.10-1~deb12u1_amd64.deb ...
2026-04-23T21:49:32.4376292Z Unpacking dbus (1.14.10-1~deb12u1) ...
2026-04-23T21:49:32.4522607Z Selecting previously unselected package sensible-utils.
2026-04-23T21:49:32.4531831Z Preparing to unpack .../07-sensible-utils_0.0.17+nmu1_all.deb ...
2026-04-23T21:49:32.4537459Z Unpacking sensible-utils (0.0.17+nmu1) ...
2026-04-23T21:49:32.4672682Z Selecting previously unselected package ucf.
2026-04-23T21:49:32.4682113Z Preparing to unpack .../08-ucf_3.0043+nmu1+deb12u1_all.deb ...
2026-04-23T21:49:32.4695484Z Moving old data out of the way
2026-04-23T21:49:32.4702688Z Unpacking ucf (3.0043+nmu1+deb12u1) ...
2026-04-23T21:49:32.4844907Z Selecting previously unselected package libdebuginfod-common.
2026-04-23T21:49:32.4852931Z Preparing to unpack .../09-libdebuginfod-common_0.188-2.1_all.deb ...
2026-04-23T21:49:32.4859275Z Unpacking libdebuginfod-common (0.188-2.1) ...
2026-04-23T21:49:32.4954289Z Selecting previously unselected package liblocale-gettext-perl.
2026-04-23T21:49:32.4962467Z Preparing to unpack .../10-liblocale-gettext-perl_1.07-5_amd64.deb ...
2026-04-23T21:49:32.4969058Z Unpacking liblocale-gettext-perl (1.07-5) ...
2026-04-23T21:49:32.5078246Z Selecting previously unselected package libpython3.11-minimal:amd64.
2026-04-23T21:49:32.5086408Z Preparing to unpack .../11-libpython3.11-minimal_3.11.2-6+deb12u6_amd64.deb ...
2026-04-23T21:49:32.5093297Z Unpacking libpython3.11-minimal:amd64 (3.11.2-6+deb12u6) ...
2026-04-23T21:49:32.5787292Z Selecting previously unselected package python3.11-minimal.
2026-04-23T21:49:32.5798092Z Preparing to unpack .../12-python3.11-minimal_3.11.2-6+deb12u6_amd64.deb ...
2026-04-23T21:49:32.5822540Z Unpacking python3.11-minimal (3.11.2-6+deb12u6) ...
2026-04-23T21:49:32.7251979Z Setting up libpython3.11-minimal:amd64 (3.11.2-6+deb12u6) ...
2026-04-23T21:49:32.7280484Z Setting up python3.11-minimal (3.11.2-6+deb12u6) ...
2026-04-23T21:49:33.2330377Z Selecting previously unselected package python3-minimal.
2026-04-23T21:49:33.2336941Z (Reading database ... 
2026-04-23T21:49:33.2337303Z (Reading database ... 5%
2026-04-23T21:49:33.2337646Z (Reading database ... 10%
2026-04-23T21:49:33.2337986Z (Reading database ... 15%
2026-04-23T21:49:33.2338330Z (Reading database ... 20%
2026-04-23T21:49:33.2338872Z (Reading database ... 25%
2026-04-23T21:49:33.2339210Z (Reading database ... 30%
2026-04-23T21:49:33.2339531Z (Reading database ... 35%
2026-04-23T21:49:33.2339722Z (Reading database ... 40%
2026-04-23T21:49:33.2339905Z (Reading database ... 45%
2026-04-23T21:49:33.2340099Z (Reading database ... 50%
2026-04-23T21:49:33.2340281Z (Reading database ... 55%
2026-04-23T21:49:33.2340474Z (Reading database ... 60%
2026-04-23T21:49:33.2340663Z (Reading database ... 65%
2026-04-23T21:49:33.2352691Z (Reading database ... 70%
2026-04-23T21:49:33.2357785Z (Reading database ... 75%
2026-04-23T21:49:33.2360803Z (Reading database ... 80%
2026-04-23T21:49:33.2364184Z (Reading database ... 85%
2026-04-23T21:49:33.2373115Z (Reading database ... 90%
2026-04-23T21:49:33.2376652Z (Reading database ... 95%
2026-04-23T21:49:33.2376924Z (Reading database ... 100%
2026-04-23T21:49:33.2377230Z (Reading database ... 10780 files and directories currently installed.)
2026-04-23T21:49:33.2381066Z Preparing to unpack .../00-python3-minimal_3.11.2-1+b1_amd64.deb ...
2026-04-23T21:49:33.2387335Z Unpacking python3-minimal (3.11.2-1+b1) ...
2026-04-23T21:49:33.2499785Z Selecting previously unselected package media-types.
2026-04-23T21:49:33.2508305Z Preparing to unpack .../01-media-types_10.0.0_all.deb ...
2026-04-23T21:49:33.2514125Z Unpacking media-types (10.0.0) ...
2026-04-23T21:49:33.2623728Z Selecting previously unselected package libncursesw6:amd64.
2026-04-23T21:49:33.2635106Z Preparing to unpack .../02-libncursesw6_6.4-4_amd64.deb ...
2026-04-23T21:49:33.2641859Z Unpacking libncursesw6:amd64 (6.4-4) ...
2026-04-23T21:49:33.2822045Z Selecting previously unselected package libtirpc-common.
2026-04-23T21:49:33.2832508Z Preparing to unpack .../03-libtirpc-common_1.3.3+ds-1_all.deb ...
2026-04-23T21:49:33.2840070Z Unpacking libtirpc-common (1.3.3+ds-1) ...
2026-04-23T21:49:33.2940685Z Selecting previously unselected package libtirpc3:amd64.
2026-04-23T21:49:33.2951380Z Preparing to unpack .../04-libtirpc3_1.3.3+ds-1_amd64.deb ...
2026-04-23T21:49:33.2957793Z Unpacking libtirpc3:amd64 (1.3.3+ds-1) ...
2026-04-23T21:49:33.3109347Z Selecting previously unselected package libnsl2:amd64.
2026-04-23T21:49:33.3119676Z Preparing to unpack .../05-libnsl2_1.3.0-2_amd64.deb ...
2026-04-23T21:49:33.3126851Z Unpacking libnsl2:amd64 (1.3.0-2) ...
2026-04-23T21:49:33.3251870Z Selecting previously unselected package readline-common.
2026-04-23T21:49:33.3261925Z Preparing to unpack .../06-readline-common_8.2-1.3_all.deb ...
2026-04-23T21:49:33.3269967Z Unpacking readline-common (8.2-1.3) ...
2026-04-23T21:49:33.3407242Z Selecting previously unselected package libreadline8:amd64.
2026-04-23T21:49:33.3417215Z Preparing to unpack .../07-libreadline8_8.2-1.3_amd64.deb ...
2026-04-23T21:49:33.3423745Z Unpacking libreadline8:amd64 (8.2-1.3) ...
2026-04-23T21:49:33.3631723Z Selecting previously unselected package libsqlite3-0:amd64.
2026-04-23T21:49:33.3641938Z Preparing to unpack .../08-libsqlite3-0_3.40.1-2+deb12u2_amd64.deb ...
2026-04-23T21:49:33.3649174Z Unpacking libsqlite3-0:amd64 (3.40.1-2+deb12u2) ...
2026-04-23T21:49:33.4142304Z Selecting previously unselected package libpython3.11-stdlib:amd64.
2026-04-23T21:49:33.4153141Z Preparing to unpack .../09-libpython3.11-stdlib_3.11.2-6+deb12u6_amd64.deb ...
2026-04-23T21:49:33.4159335Z Unpacking libpython3.11-stdlib:amd64 (3.11.2-6+deb12u6) ...
2026-04-23T21:49:33.5495391Z Selecting previously unselected package python3.11.
2026-04-23T21:49:33.5505544Z Preparing to unpack .../10-python3.11_3.11.2-6+deb12u6_amd64.deb ...
2026-04-23T21:49:33.5513889Z Unpacking python3.11 (3.11.2-6+deb12u6) ...
2026-04-23T21:49:33.5701085Z Selecting previously unselected package libpython3-stdlib:amd64.
2026-04-23T21:49:33.5711313Z Preparing to unpack .../11-libpython3-stdlib_3.11.2-1+b1_amd64.deb ...
2026-04-23T21:49:33.5717693Z Unpacking libpython3-stdlib:amd64 (3.11.2-1+b1) ...
2026-04-23T21:49:33.5834723Z Setting up python3-minimal (3.11.2-1+b1) ...
2026-04-23T21:49:33.7020875Z Selecting previously unselected package python3.
2026-04-23T21:49:33.7028171Z (Reading database ... 
2026-04-23T21:49:33.7028547Z (Reading database ... 5%
2026-04-23T21:49:33.7028864Z (Reading database ... 10%
2026-04-23T21:49:33.7029181Z (Reading database ... 15%
2026-04-23T21:49:33.7029493Z (Reading database ... 20%
2026-04-23T21:49:33.7029789Z (Reading database ... 25%
2026-04-23T21:49:33.7030096Z (Reading database ... 30%
2026-04-23T21:49:33.7030396Z (Reading database ... 35%
2026-04-23T21:49:33.7030706Z (Reading database ... 40%
2026-04-23T21:49:33.7031006Z (Reading database ... 45%
2026-04-23T21:49:33.7031314Z (Reading database ... 50%
2026-04-23T21:49:33.7031616Z (Reading database ... 55%
2026-04-23T21:49:33.7031919Z (Reading database ... 60%
2026-04-23T21:49:33.7032406Z (Reading database ... 65%
2026-04-23T21:49:33.7052399Z (Reading database ... 70%
2026-04-23T21:49:33.7058033Z (Reading database ... 75%
2026-04-23T21:49:33.7061493Z (Reading database ... 80%
2026-04-23T21:49:33.7066503Z (Reading database ... 85%
2026-04-23T21:49:33.7073636Z (Reading database ... 90%
2026-04-23T21:49:33.7077086Z (Reading database ... 95%
2026-04-23T21:49:33.7077455Z (Reading database ... 100%
2026-04-23T21:49:33.7077979Z (Reading database ... 11251 files and directories currently installed.)
2026-04-23T21:49:33.7082387Z Preparing to unpack .../000-python3_3.11.2-1+b1_amd64.deb ...
2026-04-23T21:49:33.7105394Z Unpacking python3 (3.11.2-1+b1) ...
2026-04-23T21:49:33.7223498Z Selecting previously unselected package libproc2-0:amd64.
2026-04-23T21:49:33.7231994Z Preparing to unpack .../001-libproc2-0_2%3a4.0.2-3_amd64.deb ...
2026-04-23T21:49:33.7240540Z Unpacking libproc2-0:amd64 (2:4.0.2-3) ...
2026-04-23T21:49:33.7383595Z Selecting previously unselected package procps.
2026-04-23T21:49:33.7393277Z Preparing to unpack .../002-procps_2%3a4.0.2-3_amd64.deb ...
2026-04-23T21:49:33.7453661Z Unpacking procps (2:4.0.2-3) ...
2026-04-23T21:49:33.8046136Z Selecting previously unselected package bzip2.
2026-04-23T21:49:33.8058155Z Preparing to unpack .../003-bzip2_1.0.8-5+b1_amd64.deb ...
2026-04-23T21:49:33.8063817Z Unpacking bzip2 (1.0.8-5+b1) ...
2026-04-23T21:49:33.8197407Z Selecting previously unselected package libmagic-mgc.
2026-04-23T21:49:33.8208083Z Preparing to unpack .../004-libmagic-mgc_1%3a5.44-3_amd64.deb ...
2026-04-23T21:49:33.8214438Z Unpacking libmagic-mgc (1:5.44-3) ...
2026-04-23T21:49:33.8570095Z Selecting previously unselected package libmagic1:amd64.
2026-04-23T21:49:33.8580811Z Preparing to unpack .../005-libmagic1_1%3a5.44-3_amd64.deb ...
2026-04-23T21:49:33.8587282Z Unpacking libmagic1:amd64 (1:5.44-3) ...
2026-04-23T21:49:33.8742023Z Selecting previously unselected package file.
2026-04-23T21:49:33.8752643Z Preparing to unpack .../006-file_1%3a5.44-3_amd64.deb ...
2026-04-23T21:49:33.8759050Z Unpacking file (1:5.44-3) ...
2026-04-23T21:49:33.8870772Z Selecting previously unselected package manpages.
2026-04-23T21:49:33.8881779Z Preparing to unpack .../007-manpages_6.03-2_all.deb ...
2026-04-23T21:49:33.8887838Z Unpacking manpages (6.03-2) ...
2026-04-23T21:49:33.9653021Z Selecting previously unselected package xz-utils.
2026-04-23T21:49:33.9663562Z Preparing to unpack .../008-xz-utils_5.4.1-1_amd64.deb ...
2026-04-23T21:49:33.9670871Z Unpacking xz-utils (5.4.1-1) ...
2026-04-23T21:49:34.0172127Z Selecting previously unselected package alsa-topology-conf.
2026-04-23T21:49:34.0183332Z Preparing to unpack .../009-alsa-topology-conf_1.2.5.1-2_all.deb ...
2026-04-23T21:49:34.0191111Z Unpacking alsa-topology-conf (1.2.5.1-2) ...
2026-04-23T21:49:34.0301988Z Selecting previously unselected package libasound2-data.
2026-04-23T21:49:34.0312916Z Preparing to unpack .../010-libasound2-data_1.2.8-1_all.deb ...
2026-04-23T21:49:34.0320025Z Unpacking libasound2-data (1.2.8-1) ...
2026-04-23T21:49:34.0479317Z Selecting previously unselected package libasound2:amd64.
2026-04-23T21:49:34.0489248Z Preparing to unpack .../011-libasound2_1.2.8-1+b1_amd64.deb ...
2026-04-23T21:49:34.0495923Z Unpacking libasound2:amd64 (1.2.8-1+b1) ...
2026-04-23T21:49:34.0818850Z Selecting previously unselected package alsa-ucm-conf.
2026-04-23T21:49:34.0829577Z Preparing to unpack .../012-alsa-ucm-conf_1.2.8-1_all.deb ...
2026-04-23T21:49:34.0835845Z Unpacking alsa-ucm-conf (1.2.8-1) ...
2026-04-23T21:49:34.1268966Z Selecting previously unselected package binutils-common:amd64.
2026-04-23T21:49:34.1280063Z Preparing to unpack .../013-binutils-common_2.40-2_amd64.deb ...
2026-04-23T21:49:34.1286857Z Unpacking binutils-common:amd64 (2.40-2) ...
2026-04-23T21:49:34.3144347Z Selecting previously unselected package libbinutils:amd64.
2026-04-23T21:49:34.3155950Z Preparing to unpack .../014-libbinutils_2.40-2_amd64.deb ...
2026-04-23T21:49:34.3162373Z Unpacking libbinutils:amd64 (2.40-2) ...
2026-04-23T21:49:34.3647092Z Selecting previously unselected package libctf-nobfd0:amd64.
2026-04-23T21:49:34.3658036Z Preparing to unpack .../015-libctf-nobfd0_2.40-2_amd64.deb ...
2026-04-23T21:49:34.3664803Z Unpacking libctf-nobfd0:amd64 (2.40-2) ...
2026-04-23T21:49:34.3866594Z Selecting previously unselected package libctf0:amd64.
2026-04-23T21:49:34.3877191Z Preparing to unpack .../016-libctf0_2.40-2_amd64.deb ...
2026-04-23T21:49:34.3883174Z Unpacking libctf0:amd64 (2.40-2) ...
2026-04-23T21:49:34.4036161Z Selecting previously unselected package libgprofng0:amd64.
2026-04-23T21:49:34.4044996Z Preparing to unpack .../017-libgprofng0_2.40-2_amd64.deb ...
2026-04-23T21:49:34.4052602Z Unpacking libgprofng0:amd64 (2.40-2) ...
2026-04-23T21:49:34.4705308Z Selecting previously unselected package libjansson4:amd64.
2026-04-23T21:49:34.4716021Z Preparing to unpack .../018-libjansson4_2.14-2_amd64.deb ...
2026-04-23T21:49:34.4722023Z Unpacking libjansson4:amd64 (2.14-2) ...
2026-04-23T21:49:34.4838588Z Selecting previously unselected package binutils-x86-64-linux-gnu.
2026-04-23T21:49:34.4849498Z Preparing to unpack .../019-binutils-x86-64-linux-gnu_2.40-2_amd64.deb ...
2026-04-23T21:49:34.4856209Z Unpacking binutils-x86-64-linux-gnu (2.40-2) ...
2026-04-23T21:49:34.6550046Z Selecting previously unselected package binutils.
2026-04-23T21:49:34.6551164Z Preparing to unpack .../020-binutils_2.40-2_amd64.deb ...
2026-04-23T21:49:34.6552071Z Unpacking binutils (2.40-2) ...
2026-04-23T21:49:34.6694492Z Selecting previously unselected package binutils-dev.
2026-04-23T21:49:34.6705605Z Preparing to unpack .../021-binutils-dev_2.40-2_amd64.deb ...
2026-04-23T21:49:34.6711441Z Unpacking binutils-dev (2.40-2) ...
2026-04-23T21:49:34.9342140Z Selecting previously unselected package libc-dev-bin.
2026-04-23T21:49:34.9353773Z Preparing to unpack .../022-libc-dev-bin_2.36-9+deb12u13_amd64.deb ...
2026-04-23T21:49:34.9361298Z Unpacking libc-dev-bin (2.36-9+deb12u13) ...
2026-04-23T21:49:34.9487196Z Selecting previously unselected package linux-libc-dev:amd64.
2026-04-23T21:49:34.9498964Z Preparing to unpack .../023-linux-libc-dev_6.1.164-1_amd64.deb ...
2026-04-23T21:49:34.9504805Z Unpacking linux-libc-dev:amd64 (6.1.164-1) ...
2026-04-23T21:49:35.0478353Z Selecting previously unselected package libcrypt-dev:amd64.
2026-04-23T21:49:35.0490041Z Preparing to unpack .../024-libcrypt-dev_1%3a4.4.33-2_amd64.deb ...
2026-04-23T21:49:35.0526949Z Unpacking libcrypt-dev:amd64 (1:4.4.33-2) ...
2026-04-23T21:49:35.0700580Z Selecting previously unselected package libtirpc-dev:amd64.
2026-04-23T21:49:35.0712406Z Preparing to unpack .../025-libtirpc-dev_1.3.3+ds-1_amd64.deb ...
2026-04-23T21:49:35.0718638Z Unpacking libtirpc-dev:amd64 (1.3.3+ds-1) ...
2026-04-23T21:49:35.0934431Z Selecting previously unselected package libnsl-dev:amd64.
2026-04-23T21:49:35.0946180Z Preparing to unpack .../026-libnsl-dev_1.3.0-2_amd64.deb ...
2026-04-23T21:49:35.0952041Z Unpacking libnsl-dev:amd64 (1.3.0-2) ...
2026-04-23T21:49:35.1085555Z Selecting previously unselected package rpcsvc-proto.
2026-04-23T21:49:35.1095808Z Preparing to unpack .../027-rpcsvc-proto_1.4.3-1_amd64.deb ...
2026-04-23T21:49:35.1101953Z Unpacking rpcsvc-proto (1.4.3-1) ...
2026-04-23T21:49:35.1246684Z Selecting previously unselected package libc6-dev:amd64.
2026-04-23T21:49:35.1256574Z Preparing to unpack .../028-libc6-dev_2.36-9+deb12u13_amd64.deb ...
2026-04-23T21:49:35.1266369Z Unpacking libc6-dev:amd64 (2.36-9+deb12u13) ...
2026-04-23T21:49:35.3231237Z Selecting previously unselected package libisl23:amd64.
2026-04-23T21:49:35.3244071Z Preparing to unpack .../029-libisl23_0.25-1.1_amd64.deb ...
2026-04-23T21:49:35.3250757Z Unpacking libisl23:amd64 (0.25-1.1) ...
2026-04-23T21:49:35.3795691Z Selecting previously unselected package libmpfr6:amd64.
2026-04-23T21:49:35.3808344Z Preparing to unpack .../030-libmpfr6_4.2.0-1_amd64.deb ...
2026-04-23T21:49:35.3814893Z Unpacking libmpfr6:amd64 (4.2.0-1) ...
2026-04-23T21:49:35.4182984Z Selecting previously unselected package libmpc3:amd64.
2026-04-23T21:49:35.4195554Z Preparing to unpack .../031-libmpc3_1.3.1-1_amd64.deb ...
2026-04-23T21:49:35.4205068Z Unpacking libmpc3:amd64 (1.3.1-1) ...
2026-04-23T21:49:35.4324924Z Selecting previously unselected package cpp-12.
2026-04-23T21:49:35.4337347Z Preparing to unpack .../032-cpp-12_12.2.0-14+deb12u1_amd64.deb ...
2026-04-23T21:49:35.4343747Z Unpacking cpp-12 (12.2.0-14+deb12u1) ...
2026-04-23T21:49:35.9623742Z Selecting previously unselected package cpp.
2026-04-23T21:49:35.9636685Z Preparing to unpack .../033-cpp_4%3a12.2.0-3_amd64.deb ...
2026-04-23T21:49:35.9643394Z Unpacking cpp (4:12.2.0-3) ...
2026-04-23T21:49:35.9747677Z Selecting previously unselected package libcc1-0:amd64.
2026-04-23T21:49:35.9759942Z Preparing to unpack .../034-libcc1-0_12.2.0-14+deb12u1_amd64.deb ...
2026-04-23T21:49:35.9766539Z Unpacking libcc1-0:amd64 (12.2.0-14+deb12u1) ...
2026-04-23T21:49:35.9890375Z Selecting previously unselected package libgomp1:amd64.
2026-04-23T21:49:35.9901130Z Preparing to unpack .../035-libgomp1_12.2.0-14+deb12u1_amd64.deb ...
2026-04-23T21:49:35.9913480Z Unpacking libgomp1:amd64 (12.2.0-14+deb12u1) ...
2026-04-23T21:49:36.0079426Z Selecting previously unselected package libitm1:amd64.
2026-04-23T21:49:36.0089519Z Preparing to unpack .../036-libitm1_12.2.0-14+deb12u1_amd64.deb ...
2026-04-23T21:49:36.0096894Z Unpacking libitm1:amd64 (12.2.0-14+deb12u1) ...
2026-04-23T21:49:36.0207862Z Selecting previously unselected package libatomic1:amd64.
2026-04-23T21:49:36.0218727Z Preparing to unpack .../037-libatomic1_12.2.0-14+deb12u1_amd64.deb ...
2026-04-23T21:49:36.0225531Z Unpacking libatomic1:amd64 (12.2.0-14+deb12u1) ...
2026-04-23T21:49:36.0322081Z Selecting previously unselected package libasan8:amd64.
2026-04-23T21:49:36.0331978Z Preparing to unpack .../038-libasan8_12.2.0-14+deb12u1_amd64.deb ...
2026-04-23T21:49:36.0338425Z Unpacking libasan8:amd64 (12.2.0-14+deb12u1) ...
2026-04-23T21:49:36.1925044Z Selecting previously unselected package liblsan0:amd64.
2026-04-23T21:49:36.1936622Z Preparing to unpack .../039-liblsan0_12.2.0-14+deb12u1_amd64.deb ...
2026-04-23T21:49:36.1943473Z Unpacking liblsan0:amd64 (12.2.0-14+deb12u1) ...
2026-04-23T21:49:36.2692884Z Selecting previously unselected package libtsan2:amd64.
2026-04-23T21:49:36.2705716Z Preparing to unpack .../040-libtsan2_12.2.0-14+deb12u1_amd64.deb ...
2026-04-23T21:49:36.2711658Z Unpacking libtsan2:amd64 (12.2.0-14+deb12u1) ...
2026-04-23T21:49:36.4289133Z Selecting previously unselected package libubsan1:amd64.
2026-04-23T21:49:36.4302046Z Preparing to unpack .../041-libubsan1_12.2.0-14+deb12u1_amd64.deb ...
2026-04-23T21:49:36.4309149Z Unpacking libubsan1:amd64 (12.2.0-14+deb12u1) ...
2026-04-23T21:49:36.5016236Z Selecting previously unselected package libquadmath0:amd64.
2026-04-23T21:49:36.5028835Z Preparing to unpack .../042-libquadmath0_12.2.0-14+deb12u1_amd64.deb ...
2026-04-23T21:49:36.5036305Z Unpacking libquadmath0:amd64 (12.2.0-14+deb12u1) ...
2026-04-23T21:49:36.5221910Z Selecting previously unselected package libgcc-12-dev:amd64.
2026-04-23T21:49:36.5234587Z Preparing to unpack .../043-libgcc-12-dev_12.2.0-14+deb12u1_amd64.deb ...
2026-04-23T21:49:36.5241343Z Unpacking libgcc-12-dev:amd64 (12.2.0-14+deb12u1) ...
2026-04-23T21:49:36.6756619Z Selecting previously unselected package gcc-12.
2026-04-23T21:49:36.6770484Z Preparing to unpack .../044-gcc-12_12.2.0-14+deb12u1_amd64.deb ...
2026-04-23T21:49:36.6778000Z Unpacking gcc-12 (12.2.0-14+deb12u1) ...
2026-04-23T21:49:37.3826657Z Selecting previously unselected package gcc.
2026-04-23T21:49:37.3839099Z Preparing to unpack .../045-gcc_4%3a12.2.0-3_amd64.deb ...
2026-04-23T21:49:37.3846587Z Unpacking gcc (4:12.2.0-3) ...
2026-04-23T21:49:37.3966535Z Selecting previously unselected package libstdc++-12-dev:amd64.
2026-04-23T21:49:37.3978755Z Preparing to unpack .../046-libstdc++-12-dev_12.2.0-14+deb12u1_amd64.deb ...
2026-04-23T21:49:37.3985555Z Unpacking libstdc++-12-dev:amd64 (12.2.0-14+deb12u1) ...
2026-04-23T21:49:37.5509062Z Selecting previously unselected package g++-12.
2026-04-23T21:49:37.5525542Z Preparing to unpack .../047-g++-12_12.2.0-14+deb12u1_amd64.deb ...
2026-04-23T21:49:37.5531828Z Unpacking g++-12 (12.2.0-14+deb12u1) ...
2026-04-23T21:49:38.0943644Z Selecting previously unselected package g++.
2026-04-23T21:49:38.0956899Z Preparing to unpack .../048-g++_4%3a12.2.0-3_amd64.deb ...
2026-04-23T21:49:38.0962685Z Unpacking g++ (4:12.2.0-3) ...
2026-04-23T21:49:38.1054694Z Selecting previously unselected package make.
2026-04-23T21:49:38.1067811Z Preparing to unpack .../049-make_4.3-4.1_amd64.deb ...
2026-04-23T21:49:38.1073518Z Unpacking make (4.3-4.1) ...
2026-04-23T21:49:38.1445392Z Selecting previously unselected package libdpkg-perl.
2026-04-23T21:49:38.1457885Z Preparing to unpack .../050-libdpkg-perl_1.21.22_all.deb ...
2026-04-23T21:49:38.1464528Z Unpacking libdpkg-perl (1.21.22) ...
2026-04-23T21:49:38.1914984Z Selecting previously unselected package dpkg-dev.
2026-04-23T21:49:38.1928197Z Preparing to unpack .../051-dpkg-dev_1.21.22_all.deb ...
2026-04-23T21:49:38.1936329Z Unpacking dpkg-dev (1.21.22) ...
2026-04-23T21:49:38.2795671Z Selecting previously unselected package build-essential.
2026-04-23T21:49:38.2804755Z Preparing to unpack .../052-build-essential_12.9_amd64.deb ...
2026-04-23T21:49:38.2810383Z Unpacking build-essential (12.9) ...
2026-04-23T21:49:38.2916375Z Selecting previously unselected package libhiredis0.14:amd64.
2026-04-23T21:49:38.2929479Z Preparing to unpack .../053-libhiredis0.14_0.14.1-3_amd64.deb ...
2026-04-23T21:49:38.2936358Z Unpacking libhiredis0.14:amd64 (0.14.1-3) ...
2026-04-23T21:49:38.3056077Z Selecting previously unselected package ccache.
2026-04-23T21:49:38.3068899Z Preparing to unpack .../054-ccache_4.8+really4.7.5-1_amd64.deb ...
2026-04-23T21:49:38.3075816Z Unpacking ccache (4.8+really4.7.5-1) ...
2026-04-23T21:49:38.3587865Z Selecting previously unselected package libicu72:amd64.
2026-04-23T21:49:38.3601101Z Preparing to unpack .../055-libicu72_72.1-3+deb12u1_amd64.deb ...
2026-04-23T21:49:38.3607609Z Unpacking libicu72:amd64 (72.1-3+deb12u1) ...
2026-04-23T21:49:38.8149691Z Selecting previously unselected package libxml2:amd64.
2026-04-23T21:49:38.8162183Z Preparing to unpack .../056-libxml2_2.9.14+dfsg-1.3~deb12u5_amd64.deb ...
2026-04-23T21:49:38.8168734Z Unpacking libxml2:amd64 (2.9.14+dfsg-1.3~deb12u5) ...
2026-04-23T21:49:38.8709137Z Selecting previously unselected package libarchive13:amd64.
2026-04-23T21:49:38.8721547Z Preparing to unpack .../057-libarchive13_3.6.2-1+deb12u3_amd64.deb ...
2026-04-23T21:49:38.8728862Z Unpacking libarchive13:amd64 (3.6.2-1+deb12u3) ...
2026-04-23T21:49:38.9049485Z Selecting previously unselected package libcurl4:amd64.
2026-04-23T21:49:38.9062643Z Preparing to unpack .../058-libcurl4_7.88.1-10+deb12u14_amd64.deb ...
2026-04-23T21:49:38.9070706Z Unpacking libcurl4:amd64 (7.88.1-10+deb12u14) ...
2026-04-23T21:49:38.9375108Z Selecting previously unselected package libjsoncpp25:amd64.
2026-04-23T21:49:38.9388249Z Preparing to unpack .../059-libjsoncpp25_1.9.5-4_amd64.deb ...
2026-04-23T21:49:38.9395023Z Unpacking libjsoncpp25:amd64 (1.9.5-4) ...
2026-04-23T21:49:38.9546695Z Selecting previously unselected package librhash0:amd64.
2026-04-23T21:49:38.9558928Z Preparing to unpack .../060-librhash0_1.4.3-3_amd64.deb ...
2026-04-23T21:49:38.9565302Z Unpacking librhash0:amd64 (1.4.3-3) ...
2026-04-23T21:49:38.9747714Z Selecting previously unselected package libuv1:amd64.
2026-04-23T21:49:38.9759068Z Preparing to unpack .../061-libuv1_1.44.2-1+deb12u1_amd64.deb ...
2026-04-23T21:49:38.9765834Z Unpacking libuv1:amd64 (1.44.2-1+deb12u1) ...
2026-04-23T21:49:39.0001944Z Selecting previously unselected package cmake-data.
2026-04-23T21:49:39.0012782Z Preparing to unpack .../062-cmake-data_3.25.1-1_all.deb ...
2026-04-23T21:49:39.0051741Z Unpacking cmake-data (3.25.1-1) ...
2026-04-23T21:49:39.2659137Z Selecting previously unselected package cmake.
2026-04-23T21:49:39.2679801Z Preparing to unpack .../063-cmake_3.25.1-1_amd64.deb ...
2026-04-23T21:49:39.2686616Z Unpacking cmake (3.25.1-1) ...
2026-04-23T21:49:39.7350845Z Selecting previously unselected package libassuan0:amd64.
2026-04-23T21:49:39.7366111Z Preparing to unpack .../064-libassuan0_2.5.5-5_amd64.deb ...
2026-04-23T21:49:39.7372605Z Unpacking libassuan0:amd64 (2.5.5-5) ...
2026-04-23T21:49:39.7497425Z Selecting previously unselected package gpgconf.
2026-04-23T21:49:39.7513061Z Preparing to unpack .../065-gpgconf_2.2.40-1.1+deb12u2_amd64.deb ...
2026-04-23T21:49:39.7520751Z Unpacking gpgconf (2.2.40-1.1+deb12u2) ...
2026-04-23T21:49:39.7761144Z Selecting previously unselected package libksba8:amd64.
2026-04-23T21:49:39.7776502Z Preparing to unpack .../066-libksba8_1.6.3-2_amd64.deb ...
2026-04-23T21:49:39.7784255Z Unpacking libksba8:amd64 (1.6.3-2) ...
2026-04-23T21:49:39.7968260Z Selecting previously unselected package libnpth0:amd64.
2026-04-23T21:49:39.7983418Z Preparing to unpack .../067-libnpth0_1.6-3_amd64.deb ...
2026-04-23T21:49:39.7991820Z Unpacking libnpth0:amd64 (1.6-3) ...
2026-04-23T21:49:39.8107835Z Selecting previously unselected package dirmngr.
2026-04-23T21:49:39.8122395Z Preparing to unpack .../068-dirmngr_2.2.40-1.1+deb12u2_amd64.deb ...
2026-04-23T21:49:39.8208246Z Unpacking dirmngr (2.2.40-1.1+deb12u2) ...
2026-04-23T21:49:39.8578783Z Selecting previously unselected package node-fast-deep-equal.
2026-04-23T21:49:39.8593710Z Preparing to unpack .../069-node-fast-deep-equal_3.1.3-3_all.deb ...
2026-04-23T21:49:39.8601019Z Unpacking node-fast-deep-equal (3.1.3-3) ...
2026-04-23T21:49:39.8697592Z Selecting previously unselected package node-json-schema-traverse.
2026-04-23T21:49:39.8712653Z Preparing to unpack .../070-node-json-schema-traverse_1.0.0-3_all.deb ...
2026-04-23T21:49:39.8726075Z Unpacking node-json-schema-traverse (1.0.0-3) ...
2026-04-23T21:49:39.8816120Z Selecting previously unselected package node-jsonify.
2026-04-23T21:49:39.8829711Z Preparing to unpack .../071-node-jsonify_0.0.1-1_all.deb ...
2026-04-23T21:49:39.8837529Z Unpacking node-jsonify (0.0.1-1) ...
2026-04-23T21:49:39.8932960Z Selecting previously unselected package node-json-stable-stringify.
2026-04-23T21:49:39.8946744Z Preparing to unpack .../072-node-json-stable-stringify_1.0.2+~cs5.2.34-1_all.deb ...
2026-04-23T21:49:39.8955074Z Unpacking node-json-stable-stringify (1.0.2+~cs5.2.34-1) ...
2026-04-23T21:49:39.9070823Z Selecting previously unselected package libc-ares2:amd64.
2026-04-23T21:49:39.9084178Z Preparing to unpack .../073-libc-ares2_1.18.1-3_amd64.deb ...
2026-04-23T21:49:39.9090325Z Unpacking libc-ares2:amd64 (1.18.1-3) ...
2026-04-23T21:49:39.9240340Z Selecting previously unselected package node-xtend.
2026-04-23T21:49:39.9253179Z Preparing to unpack .../074-node-xtend_4.0.2-3_all.deb ...
2026-04-23T21:49:39.9259575Z Unpacking node-xtend (4.0.2-3) ...
2026-04-23T21:49:39.9358153Z Selecting previously unselected package node-acorn.
2026-04-23T21:49:39.9370482Z Preparing to unpack .../075-node-acorn_8.8.1+ds+~cs25.17.7-2_all.deb ...
2026-04-23T21:49:39.9378701Z Unpacking node-acorn (8.8.1+ds+~cs25.17.7-2) ...
2026-04-23T21:49:39.9655324Z Selecting previously unselected package node-cjs-module-lexer.
2026-04-23T21:49:39.9669360Z Preparing to unpack .../076-node-cjs-module-lexer_1.2.2+dfsg-5_all.deb ...
2026-04-23T21:49:39.9675628Z Unpacking node-cjs-module-lexer (1.2.2+dfsg-5) ...
2026-04-23T21:49:39.9786937Z Selecting previously unselected package node-busboy.
2026-04-23T21:49:39.9801075Z Preparing to unpack .../077-node-busboy_1.6.0+~cs2.6.0-2_all.deb ...
2026-04-23T21:49:39.9808849Z Unpacking node-busboy (1.6.0+~cs2.6.0-2) ...
2026-04-23T21:49:39.9931564Z Selecting previously unselected package node-undici.
2026-04-23T21:49:39.9947372Z Preparing to unpack .../078-node-undici_5.15.0+dfsg1+~cs20.10.9.3-1+deb12u4_all.deb ...
2026-04-23T21:49:39.9987546Z Unpacking node-undici (5.15.0+dfsg1+~cs20.10.9.3-1+deb12u4) ...
2026-04-23T21:49:40.0299281Z Selecting previously unselected package libnode108:amd64.
2026-04-23T21:49:40.0314816Z Preparing to unpack .../079-libnode108_18.20.4+dfsg-1~deb12u1_amd64.deb ...
2026-04-23T21:49:40.0321246Z Unpacking libnode108:amd64 (18.20.4+dfsg-1~deb12u1) ...
2026-04-23T21:49:40.4834274Z Selecting previously unselected package nodejs.
2026-04-23T21:49:40.4850188Z Preparing to unpack .../080-nodejs_18.20.4+dfsg-1~deb12u1_amd64.deb ...
2026-04-23T21:49:40.4856384Z Unpacking nodejs (18.20.4+dfsg-1~deb12u1) ...
2026-04-23T21:49:40.5245327Z Selecting previously unselected package node-punycode.
2026-04-23T21:49:40.5260785Z Preparing to unpack .../081-node-punycode_2.1.1-6_all.deb ...
2026-04-23T21:49:40.5268702Z Unpacking node-punycode (2.1.1-6) ...
2026-04-23T21:49:40.5371474Z Selecting previously unselected package node-uri-js.
2026-04-23T21:49:40.5387217Z Preparing to unpack .../082-node-uri-js_4.4.0+dfsg-8_all.deb ...
2026-04-23T21:49:40.5393454Z Unpacking node-uri-js (4.4.0+dfsg-8) ...
2026-04-23T21:49:40.5539753Z Selecting previously unselected package node-ajv.
2026-04-23T21:49:40.5555009Z Preparing to unpack .../083-node-ajv_6.12.6-3_all.deb ...
2026-04-23T21:49:40.5560782Z Unpacking node-ajv (6.12.6-3) ...
2026-04-23T21:49:40.5808348Z Selecting previously unselected package libjs-inherits.
2026-04-23T21:49:40.5826343Z Preparing to unpack .../084-libjs-inherits_2.0.4-6_all.deb ...
2026-04-23T21:49:40.5832385Z Unpacking libjs-inherits (2.0.4-6) ...
2026-04-23T21:49:40.5921240Z Selecting previously unselected package node-inherits.
2026-04-23T21:49:40.5935724Z Preparing to unpack .../085-node-inherits_2.0.4-6_all.deb ...
2026-04-23T21:49:40.5941534Z Unpacking node-inherits (2.0.4-6) ...
2026-04-23T21:49:40.6029805Z Selecting previously unselected package node-core-util-is.
2026-04-23T21:49:40.6042883Z Preparing to unpack .../086-node-core-util-is_1.0.3-1_all.deb ...
2026-04-23T21:49:40.6050588Z Unpacking node-core-util-is (1.0.3-1) ...
2026-04-23T21:49:40.6138342Z Selecting previously unselected package node-safe-buffer.
2026-04-23T21:49:40.6150616Z Preparing to unpack .../087-node-safe-buffer_5.2.1+~cs2.1.2-3_all.deb ...
2026-04-23T21:49:40.6156857Z Unpacking node-safe-buffer (5.2.1+~cs2.1.2-3) ...
2026-04-23T21:49:40.6257139Z Selecting previously unselected package node-string-decoder.
2026-04-23T21:49:40.6269693Z Preparing to unpack .../088-node-string-decoder_1.3.0-6_all.deb ...
2026-04-23T21:49:40.6275949Z Unpacking node-string-decoder (1.3.0-6) ...
2026-04-23T21:49:40.6367826Z Selecting previously unselected package node-process-nextick-args.
2026-04-23T21:49:40.6380555Z Preparing to unpack .../089-node-process-nextick-args_2.0.1-3_all.deb ...
2026-04-23T21:49:40.6386843Z Unpacking node-process-nextick-args (2.0.1-3) ...
2026-04-23T21:49:40.6480090Z Selecting previously unselected package node-util-deprecate.
2026-04-23T21:49:40.6492669Z Preparing to unpack .../090-node-util-deprecate_1.0.2-3_all.deb ...
2026-04-23T21:49:40.6499182Z Unpacking node-util-deprecate (1.0.2-3) ...
2026-04-23T21:49:40.6589505Z Selecting previously unselected package node-isarray.
2026-04-23T21:49:40.6602457Z Preparing to unpack .../091-node-isarray_2.0.5-4_all.deb ...
2026-04-23T21:49:40.6609913Z Unpacking node-isarray (2.0.5-4) ...
2026-04-23T21:49:40.6704739Z Selecting previously unselected package node-readable-stream.
2026-04-23T21:49:40.6717159Z Preparing to unpack .../092-node-readable-stream_3.6.0+~cs3.0.0-4_all.deb ...
2026-04-23T21:49:40.6723459Z Unpacking node-readable-stream (3.6.0+~cs3.0.0-4) ...
2026-04-23T21:49:40.6851217Z Selecting previously unselected package node-typedarray.
2026-04-23T21:49:40.6864408Z Preparing to unpack .../093-node-typedarray_0.0.7-1_all.deb ...
2026-04-23T21:49:40.6870512Z Unpacking node-typedarray (0.0.7-1) ...
2026-04-23T21:49:40.6973595Z Selecting previously unselected package node-concat-stream.
2026-04-23T21:49:40.6986525Z Preparing to unpack .../094-node-concat-stream_2.0.0+~2.0.0-2_all.deb ...
2026-04-23T21:49:40.6993066Z Unpacking node-concat-stream (2.0.0+~2.0.0-2) ...
2026-04-23T21:49:40.7083641Z Selecting previously unselected package node-ms.
2026-04-23T21:49:40.7096531Z Preparing to unpack .../095-node-ms_2.1.3+~cs0.7.31-3_all.deb ...
2026-04-23T21:49:40.7104276Z Unpacking node-ms (2.1.3+~cs0.7.31-3) ...
2026-04-23T21:49:40.7194798Z Selecting previously unselected package node-debug.
2026-04-23T21:49:40.7206412Z Preparing to unpack .../096-node-debug_4.3.4+~cs4.1.7-1_all.deb ...
2026-04-23T21:49:40.7216714Z Unpacking node-debug (4.3.4+~cs4.1.7-1) ...
2026-04-23T21:49:40.7320202Z Selecting previously unselected package node-esutils.
2026-04-23T21:49:40.7331921Z Preparing to unpack .../097-node-esutils_2.0.3+~2.0.0-1_all.deb ...
2026-04-23T21:49:40.7337925Z Unpacking node-esutils (2.0.3+~2.0.0-1) ...
2026-04-23T21:49:40.7443832Z Selecting previously unselected package node-doctrine.
2026-04-23T21:49:40.7459665Z Preparing to unpack .../098-node-doctrine_3.0.0-4_all.deb ...
2026-04-23T21:49:40.7488215Z Unpacking node-doctrine (3.0.0-4) ...
2026-04-23T21:49:40.7599961Z Selecting previously unselected package node-eslint-visitor-keys.
2026-04-23T21:49:40.7615763Z Preparing to unpack .../099-node-eslint-visitor-keys_3.3.0+~1.0.0-1_all.deb ...
2026-04-23T21:49:40.7622723Z Unpacking node-eslint-visitor-keys (3.3.0+~1.0.0-1) ...
2026-04-23T21:49:40.7738594Z Selecting previously unselected package node-estraverse.
2026-04-23T21:49:40.7753926Z Preparing to unpack .../100-node-estraverse_5.3.0+ds+~5.1.1-1_all.deb ...
2026-04-23T21:49:40.7761076Z Unpacking node-estraverse (5.3.0+ds+~5.1.1-1) ...
2026-04-23T21:49:40.7859412Z Selecting previously unselected package node-object-assign.
2026-04-23T21:49:40.7875060Z Preparing to unpack .../101-node-object-assign_4.1.1-7_all.deb ...
2026-04-23T21:49:40.7880932Z Unpacking node-object-assign (4.1.1-7) ...
2026-04-23T21:49:40.7971539Z Selecting previously unselected package node-esrecurse.
2026-04-23T21:49:40.7985249Z Preparing to unpack .../102-node-esrecurse_4.3.0-2_all.deb ...
2026-04-23T21:49:40.7991192Z Unpacking node-esrecurse (4.3.0-2) ...
2026-04-23T21:49:40.8090803Z Selecting previously unselected package node-eslint-scope.
2026-04-23T21:49:40.8104175Z Preparing to unpack .../103-node-eslint-scope_7.1.1+~3.7.4-1_all.deb ...
2026-04-23T21:49:40.8110057Z Unpacking node-eslint-scope (7.1.1+~3.7.4-1) ...
2026-04-23T21:49:40.8232934Z Selecting previously unselected package node-espree.
2026-04-23T21:49:40.8246720Z Preparing to unpack .../104-node-espree_9.4.1~dfsg-1_all.deb ...
2026-04-23T21:49:40.8255231Z Unpacking node-espree (9.4.1~dfsg-1) ...
2026-04-23T21:49:40.8379850Z Selecting previously unselected package node-esquery.
2026-04-23T21:49:40.8393613Z Preparing to unpack .../105-node-esquery_1.4.2~ds-1_all.deb ...
2026-04-23T21:49:40.8400685Z Unpacking node-esquery (1.4.2~ds-1) ...
2026-04-23T21:49:40.8517230Z Selecting previously unselected package node-eslint-utils.
2026-04-23T21:49:40.8530999Z Preparing to unpack .../106-node-eslint-utils_3.0.0-3_all.deb ...
2026-04-23T21:49:40.8545294Z Unpacking node-eslint-utils (3.0.0-3) ...
2026-04-23T21:49:40.8644986Z Selecting previously unselected package node-flatted.
2026-04-23T21:49:40.8658099Z Preparing to unpack .../107-node-flatted_3.2.7~ds-1_all.deb ...
2026-04-23T21:49:40.8664546Z Unpacking node-flatted (3.2.7~ds-1) ...
2026-04-23T21:49:40.8764338Z Selecting previously unselected package node-fs.realpath.
2026-04-23T21:49:40.8778165Z Preparing to unpack .../108-node-fs.realpath_1.0.0-3_all.deb ...
2026-04-23T21:49:40.8786456Z Unpacking node-fs.realpath (1.0.0-3) ...
2026-04-23T21:49:40.8877494Z Selecting previously unselected package node-wrappy.
2026-04-23T21:49:40.8890550Z Preparing to unpack .../109-node-wrappy_1.0.2-3_all.deb ...
2026-04-23T21:49:40.8896655Z Unpacking node-wrappy (1.0.2-3) ...
2026-04-23T21:49:40.8987049Z Selecting previously unselected package node-once.
2026-04-23T21:49:40.9000109Z Preparing to unpack .../110-node-once_1.4.0-7_all.deb ...
2026-04-23T21:49:40.9007987Z Unpacking node-once (1.4.0-7) ...
2026-04-23T21:49:40.9102131Z Selecting previously unselected package node-inflight.
2026-04-23T21:49:40.9116327Z Preparing to unpack .../111-node-inflight_1.0.6-2_all.deb ...
2026-04-23T21:49:40.9122006Z Unpacking node-inflight (1.0.6-2) ...
2026-04-23T21:49:40.9211624Z Selecting previously unselected package node-balanced-match.
2026-04-23T21:49:40.9224706Z Preparing to unpack .../112-node-balanced-match_2.0.0-1_all.deb ...
2026-04-23T21:49:40.9231071Z Unpacking node-balanced-match (2.0.0-1) ...
2026-04-23T21:49:40.9327222Z Selecting previously unselected package node-brace-expansion.
2026-04-23T21:49:40.9339915Z Preparing to unpack .../113-node-brace-expansion_2.0.1-2_all.deb ...
2026-04-23T21:49:40.9346207Z Unpacking node-brace-expansion (2.0.1-2) ...
2026-04-23T21:49:40.9441962Z Selecting previously unselected package node-minimatch.
2026-04-23T21:49:40.9454898Z Preparing to unpack .../114-node-minimatch_5.1.1+~5.1.2-1_all.deb ...
2026-04-23T21:49:40.9460874Z Unpacking node-minimatch (5.1.1+~5.1.2-1) ...
2026-04-23T21:49:40.9576527Z Selecting previously unselected package node-glob.
2026-04-23T21:49:40.9589591Z Preparing to unpack .../115-node-glob_8.0.3+~cs8.4.15-1_all.deb ...
2026-04-23T21:49:40.9595540Z Unpacking node-glob (8.0.3+~cs8.4.15-1) ...
2026-04-23T21:49:40.9774323Z Selecting previously unselected package node-rimraf.
2026-04-23T21:49:40.9787244Z Preparing to unpack .../116-node-rimraf_3.0.2-2_all.deb ...
2026-04-23T21:49:40.9793304Z Unpacking node-rimraf (3.0.2-2) ...
2026-04-23T21:49:40.9895080Z Selecting previously unselected package node-write.
2026-04-23T21:49:40.9907628Z Preparing to unpack .../117-node-write_2.0.0~6.0.0+~3.0.4+~2.0.0+~1.0.0+~2.0.1-5_all.deb ...
2026-04-23T21:49:40.9913522Z Unpacking node-write (2.0.0~6.0.0+~3.0.4+~2.0.0+~1.0.0+~2.0.1-5) ...
2026-04-23T21:49:41.0040036Z Selecting previously unselected package node-flat-cache.
2026-04-23T21:49:41.0053728Z Preparing to unpack .../118-node-flat-cache_3.0.4~6.0.0+~3.0.4+~2.0.0+~1.0.0+~2.0.1-5_all.deb ...
2026-04-23T21:49:41.0060063Z Unpacking node-flat-cache (3.0.4~6.0.0+~3.0.4+~2.0.0+~1.0.0+~2.0.1-5) ...
2026-04-23T21:49:41.0168416Z Selecting previously unselected package node-file-entry-cache.
2026-04-23T21:49:41.0182217Z Preparing to unpack .../119-node-file-entry-cache_6.0.0+~3.0.4+~2.0.0+~1.0.0+~2.0.1-5_all.deb ...
2026-04-23T21:49:41.0188871Z Unpacking node-file-entry-cache (6.0.0+~3.0.4+~2.0.0+~1.0.0+~2.0.1-5) ...
2026-04-23T21:49:41.0290347Z Selecting previously unselected package node-functional-red-black-tree.
2026-04-23T21:49:41.0303695Z Preparing to unpack .../120-node-functional-red-black-tree_1.0.1+20181105-7_all.deb ...
2026-04-23T21:49:41.0310268Z Unpacking node-functional-red-black-tree (1.0.1+20181105-7) ...
2026-04-23T21:49:41.0410736Z Selecting previously unselected package node-is-extglob.
2026-04-23T21:49:41.0423682Z Preparing to unpack .../121-node-is-extglob_2.1.1-5_all.deb ...
2026-04-23T21:49:41.0434784Z Unpacking node-is-extglob (2.1.1-5) ...
2026-04-23T21:49:41.0528696Z Selecting previously unselected package node-is-glob.
2026-04-23T21:49:41.0541951Z Preparing to unpack .../122-node-is-glob_4.0.3-2_all.deb ...
2026-04-23T21:49:41.0556074Z Unpacking node-is-glob (4.0.3-2) ...
2026-04-23T21:49:41.0652119Z Selecting previously unselected package node-path-dirname.
2026-04-23T21:49:41.0665403Z Preparing to unpack .../123-node-path-dirname_1.0.2-2_all.deb ...
2026-04-23T21:49:41.0672009Z Unpacking node-path-dirname (1.0.2-2) ...
2026-04-23T21:49:41.0762667Z Selecting previously unselected package node-glob-parent.
2026-04-23T21:49:41.0776243Z Preparing to unpack .../124-node-glob-parent_6.0.2+~5.1.1-2_all.deb ...
2026-04-23T21:49:41.0784528Z Unpacking node-glob-parent (6.0.2+~5.1.1-2) ...
2026-04-23T21:49:41.0885028Z Selecting previously unselected package node-globals.
2026-04-23T21:49:41.0898633Z Preparing to unpack .../125-node-globals_13.18.0-1_all.deb ...
2026-04-23T21:49:41.0905663Z Unpacking node-globals (13.18.0-1) ...
2026-04-23T21:49:41.1001239Z Selecting previously unselected package node-resolve-from.
2026-04-23T21:49:41.1014988Z Preparing to unpack .../126-node-resolve-from_5.0.0+~3.1.0+~3.3.0+~2.0.0-1_all.deb ...
2026-04-23T21:49:41.1021243Z Unpacking node-resolve-from (5.0.0+~3.1.0+~3.3.0+~2.0.0-1) ...
2026-04-23T21:49:41.1141060Z Selecting previously unselected package node-imurmurhash.
2026-04-23T21:49:41.1154703Z Preparing to unpack .../127-node-imurmurhash_0.1.4+dfsg+~0.1.1-2_all.deb ...
2026-04-23T21:49:41.1161312Z Unpacking node-imurmurhash (0.1.4+dfsg+~0.1.1-2) ...
2026-04-23T21:49:41.1257501Z Selecting previously unselected package node-ignore.
2026-04-23T21:49:41.1270752Z Preparing to unpack .../128-node-ignore_5.2.1-1_all.deb ...
2026-04-23T21:49:41.1277550Z Unpacking node-ignore (5.2.1-1) ...
2026-04-23T21:49:41.1387337Z Selecting previously unselected package node-prelude-ls.
2026-04-23T21:49:41.1400253Z Preparing to unpack .../129-node-prelude-ls_1.2.1+dfsg-3_all.deb ...
2026-04-23T21:49:41.1406415Z Unpacking node-prelude-ls (1.2.1+dfsg-3) ...
2026-04-23T21:49:41.1504936Z Selecting previously unselected package node-type-check.
2026-04-23T21:49:41.1517591Z Preparing to unpack .../130-node-type-check_0.4.0+dfsg-3_all.deb ...
2026-04-23T21:49:41.1523826Z Unpacking node-type-check (0.4.0+dfsg-3) ...
2026-04-23T21:49:41.1626120Z Selecting previously unselected package node-levn.
2026-04-23T21:49:41.1639503Z Preparing to unpack .../131-node-levn_0.4.1+dfsg-2_all.deb ...
2026-04-23T21:49:41.1645955Z Unpacking node-levn (0.4.1+dfsg-2) ...
2026-04-23T21:49:41.1775781Z Selecting previously unselected package node-lodash.
2026-04-23T21:49:41.1789000Z Preparing to unpack .../132-node-lodash_4.17.21+dfsg+~cs8.31.198.20210220-9_all.deb ...
2026-04-23T21:49:41.1795657Z Unpacking node-lodash (4.17.21+dfsg+~cs8.31.198.20210220-9) ...
2026-04-23T21:49:41.3769447Z Selecting previously unselected package node-memfs.
2026-04-23T21:49:41.3790158Z Preparing to unpack .../133-node-memfs_3.4.12+~cs1.0.3-1_all.deb ...
2026-04-23T21:49:41.3796100Z Unpacking node-memfs (3.4.12+~cs1.0.3-1) ...
2026-04-23T21:49:41.3937488Z Selecting previously unselected package node-mkdirp.
2026-04-23T21:49:41.3954261Z Preparing to unpack .../134-node-mkdirp_1.0.4+~1.0.2-4_all.deb ...
2026-04-23T21:49:41.3963005Z Unpacking node-mkdirp (1.0.4+~1.0.2-4) ...
2026-04-23T21:49:41.4066457Z Selecting previously unselected package node-deep-is.
2026-04-23T21:49:41.4081698Z Preparing to unpack .../135-node-deep-is_0.1.4-1_all.deb ...
2026-04-23T21:49:41.4089099Z Unpacking node-deep-is (0.1.4-1) ...
2026-04-23T21:49:41.4178930Z Selecting previously unselected package node-fast-levenshtein.
2026-04-23T21:49:41.4192855Z Preparing to unpack .../136-node-fast-levenshtein_2.0.6+ds-3_all.deb ...
2026-04-23T21:49:41.4200841Z Unpacking node-fast-levenshtein (2.0.6+ds-3) ...
2026-04-23T21:49:41.4291299Z Selecting previously unselected package node-optionator.
2026-04-23T21:49:41.4305596Z Preparing to unpack .../137-node-optionator_0.9.1+dfsg+~cs1.2.3-1_all.deb ...
2026-04-23T21:49:41.4311939Z Unpacking node-optionator (0.9.1+dfsg+~cs1.2.3-1) ...
2026-04-23T21:49:41.4420107Z Selecting previously unselected package node-progress.
2026-04-23T21:49:41.4433943Z Preparing to unpack .../138-node-progress_2.0.3-2_all.deb ...
2026-04-23T21:49:41.4440582Z Unpacking node-progress (2.0.3-2) ...
2026-04-23T21:49:41.4534798Z Selecting previously unselected package libjs-regenerate.
2026-04-23T21:49:41.4548468Z Preparing to unpack .../139-libjs-regenerate_1.4.2-3_all.deb ...
2026-04-23T21:49:41.4559194Z Unpacking libjs-regenerate (1.4.2-3) ...
2026-04-23T21:49:41.4655373Z Selecting previously unselected package node-regenerate.
2026-04-23T21:49:41.4668997Z Preparing to unpack .../140-node-regenerate_1.4.2-3_all.deb ...
2026-04-23T21:49:41.4677189Z Unpacking node-regenerate (1.4.2-3) ...
2026-04-23T21:49:41.4776424Z Selecting previously unselected package node-regenerate-unicode-properties.
2026-04-23T21:49:41.4790675Z Preparing to unpack .../141-node-regenerate-unicode-properties_10.1.0+ds-1_all.deb ...
2026-04-23T21:49:41.4797294Z Unpacking node-regenerate-unicode-properties (10.1.0+ds-1) ...
2026-04-23T21:49:41.5229107Z Selecting previously unselected package node-regexpp.
2026-04-23T21:49:41.5246766Z Preparing to unpack .../142-node-regexpp_3.2.0-4_all.deb ...
2026-04-23T21:49:41.5252547Z Unpacking node-regexpp (3.2.0-4) ...
2026-04-23T21:49:41.5370296Z Selecting previously unselected package node-yallist.
2026-04-23T21:49:41.5387205Z Preparing to unpack .../143-node-yallist_4.0.0+~4.0.1-1_all.deb ...
2026-04-23T21:49:41.5393911Z Unpacking node-yallist (4.0.0+~4.0.1-1) ...
2026-04-23T21:49:41.5495981Z Selecting previously unselected package node-lru-cache.
2026-04-23T21:49:41.5512562Z Preparing to unpack .../144-node-lru-cache_7.14.1-1_all.deb ...
2026-04-23T21:49:41.5524153Z Unpacking node-lru-cache (7.14.1-1) ...
2026-04-23T21:49:41.5639325Z Selecting previously unselected package node-semver.
2026-04-23T21:49:41.5656896Z Preparing to unpack .../145-node-semver_7.3.5+~7.3.9-2_all.deb ...
2026-04-23T21:49:41.5663130Z Unpacking node-semver (7.3.5+~7.3.9-2) ...
2026-04-23T21:49:41.5850060Z Selecting previously unselected package node-strip-json-comments.
2026-04-23T21:49:41.5867007Z Preparing to unpack .../146-node-strip-json-comments_4.0.0-4_all.deb ...
2026-04-23T21:49:41.5873307Z Unpacking node-strip-json-comments (4.0.0-4) ...
2026-04-23T21:49:41.5997872Z Selecting previously unselected package node-json-schema.
2026-04-23T21:49:41.6014900Z Preparing to unpack .../147-node-json-schema_0.4.0+~7.0.11-1_all.deb ...
2026-04-23T21:49:41.6021966Z Unpacking node-json-schema (0.4.0+~7.0.11-1) ...
2026-04-23T21:49:41.6129002Z Selecting previously unselected package node-v8-compile-cache.
2026-04-23T21:49:41.6146269Z Preparing to unpack .../148-node-v8-compile-cache_2.3.0-3+deb12u1_all.deb ...
2026-04-23T21:49:41.6153179Z Unpacking node-v8-compile-cache (2.3.0-3+deb12u1) ...
2026-04-23T21:49:41.6264222Z Selecting previously unselected package eslint.
2026-04-23T21:49:41.6281352Z Preparing to unpack .../149-eslint_6.4.0~dfsg+~6.1.9-7_all.deb ...
2026-04-23T21:49:41.6287643Z Unpacking eslint (6.4.0~dfsg+~6.1.9-7) ...
2026-04-23T21:49:41.6872219Z Selecting previously unselected package libfakeroot:amd64.
2026-04-23T21:49:41.6890329Z Preparing to unpack .../150-libfakeroot_1.31-1.2_amd64.deb ...
2026-04-23T21:49:41.6898182Z Unpacking libfakeroot:amd64 (1.31-1.2) ...
2026-04-23T21:49:41.7040321Z Selecting previously unselected package fakeroot.
2026-04-23T21:49:41.7058006Z Preparing to unpack .../151-fakeroot_1.31-1.2_amd64.deb ...
2026-04-23T21:49:41.7063463Z Unpacking fakeroot (1.31-1.2) ...
2026-04-23T21:49:41.7223407Z Selecting previously unselected package fonts-dejavu-core.
2026-04-23T21:49:41.7240732Z Preparing to unpack .../152-fonts-dejavu-core_2.37-6_all.deb ...
2026-04-23T21:49:41.7247123Z Unpacking fonts-dejavu-core (2.37-6) ...
2026-04-23T21:49:41.8090197Z Selecting previously unselected package fontconfig-config.
2026-04-23T21:49:41.8107107Z Preparing to unpack .../153-fontconfig-config_2.14.1-4_amd64.deb ...
2026-04-23T21:49:41.8779936Z Unpacking fontconfig-config (2.14.1-4) ...
2026-04-23T21:49:41.9001820Z Selecting previously unselected package libelf1:amd64.
2026-04-23T21:49:41.9019499Z Preparing to unpack .../154-libelf1_0.188-2.1_amd64.deb ...
2026-04-23T21:49:41.9026575Z Unpacking libelf1:amd64 (0.188-2.1) ...
2026-04-23T21:49:41.9258819Z Selecting previously unselected package libdw1:amd64.
2026-04-23T21:49:41.9276445Z Preparing to unpack .../155-libdw1_0.188-2.1_amd64.deb ...
2026-04-23T21:49:41.9284623Z Unpacking libdw1:amd64 (0.188-2.1) ...
2026-04-23T21:49:41.9566976Z Selecting previously unselected package libglib2.0-0:amd64.
2026-04-23T21:49:41.9584850Z Preparing to unpack .../156-libglib2.0-0_2.74.6-2+deb12u8_amd64.deb ...
2026-04-23T21:49:41.9593699Z Unpacking libglib2.0-0:amd64 (2.74.6-2+deb12u8) ...
2026-04-23T21:49:42.0538636Z Selecting previously unselected package libbabeltrace1:amd64.
2026-04-23T21:49:42.0556803Z Preparing to unpack .../157-libbabeltrace1_1.5.11-1+b2_amd64.deb ...
2026-04-23T21:49:42.0562834Z Unpacking libbabeltrace1:amd64 (1.5.11-1+b2) ...
2026-04-23T21:49:42.0792846Z Selecting previously unselected package libdebuginfod1:amd64.
2026-04-23T21:49:42.0810734Z Preparing to unpack .../158-libdebuginfod1_0.188-2.1_amd64.deb ...
2026-04-23T21:49:42.0817246Z Unpacking libdebuginfod1:amd64 (0.188-2.1) ...
2026-04-23T21:49:42.0957066Z Selecting previously unselected package libipt2.
2026-04-23T21:49:42.0975622Z Preparing to unpack .../159-libipt2_2.0.5-1_amd64.deb ...
2026-04-23T21:49:42.0982074Z Unpacking libipt2 (2.0.5-1) ...
2026-04-23T21:49:42.1118511Z Selecting previously unselected package libpython3.11:amd64.
2026-04-23T21:49:42.1135381Z Preparing to unpack .../160-libpython3.11_3.11.2-6+deb12u6_amd64.deb ...
2026-04-23T21:49:42.1142737Z Unpacking libpython3.11:amd64 (3.11.2-6+deb12u6) ...
2026-04-23T21:49:42.2581272Z Selecting previously unselected package libsource-highlight-common.
2026-04-23T21:49:42.2598455Z Preparing to unpack .../161-libsource-highlight-common_3.1.9-4.2_all.deb ...
2026-04-23T21:49:42.2604823Z Unpacking libsource-highlight-common (3.1.9-4.2) ...
2026-04-23T21:49:42.2888287Z Selecting previously unselected package libboost-regex1.74.0:amd64.
2026-04-23T21:49:42.2906448Z Preparing to unpack .../162-libboost-regex1.74.0_1.74.0+ds1-21_amd64.deb ...
2026-04-23T21:49:42.2912979Z Unpacking libboost-regex1.74.0:amd64 (1.74.0+ds1-21) ...
2026-04-23T21:49:42.3331074Z Selecting previously unselected package libsource-highlight4v5:amd64.
2026-04-23T21:49:42.3348980Z Preparing to unpack .../163-libsource-highlight4v5_3.1.9-4.2+b3_amd64.deb ...
2026-04-23T21:49:42.3356235Z Unpacking libsource-highlight4v5:amd64 (3.1.9-4.2+b3) ...
2026-04-23T21:49:42.3619617Z Selecting previously unselected package gdb.
2026-04-23T21:49:42.3637723Z Preparing to unpack .../164-gdb_13.1-3_amd64.deb ...
2026-04-23T21:49:42.3644313Z Unpacking gdb (13.1-3) ...
2026-04-23T21:49:42.6082450Z Selecting previously unselected package gnupg-l10n.
2026-04-23T21:49:42.6100627Z Preparing to unpack .../165-gnupg-l10n_2.2.40-1.1+deb12u2_all.deb ...
2026-04-23T21:49:42.6107233Z Unpacking gnupg-l10n (2.2.40-1.1+deb12u2) ...
2026-04-23T21:49:42.6752057Z Selecting previously unselected package gnupg-utils.
2026-04-23T21:49:42.6770106Z Preparing to unpack .../166-gnupg-utils_2.2.40-1.1+deb12u2_amd64.deb ...
2026-04-23T21:49:42.6776461Z Unpacking gnupg-utils (2.2.40-1.1+deb12u2) ...
2026-04-23T21:49:42.7240978Z Selecting previously unselected package gpg.
2026-04-23T21:49:42.7258877Z Preparing to unpack .../167-gpg_2.2.40-1.1+deb12u2_amd64.deb ...
2026-04-23T21:49:42.7321073Z Unpacking gpg (2.2.40-1.1+deb12u2) ...
2026-04-23T21:49:42.7795698Z Selecting previously unselected package pinentry-curses.
2026-04-23T21:49:42.7812908Z Preparing to unpack .../168-pinentry-curses_1.2.1-1_amd64.deb ...
2026-04-23T21:49:42.7819097Z Unpacking pinentry-curses (1.2.1-1) ...
2026-04-23T21:49:42.7967170Z Selecting previously unselected package gpg-agent.
2026-04-23T21:49:42.7985412Z Preparing to unpack .../169-gpg-agent_2.2.40-1.1+deb12u2_amd64.deb ...
2026-04-23T21:49:42.7991211Z Unpacking gpg-agent (2.2.40-1.1+deb12u2) ...
2026-04-23T21:49:42.8289499Z Selecting previously unselected package gpg-wks-client.
2026-04-23T21:49:42.8306823Z Preparing to unpack .../170-gpg-wks-client_2.2.40-1.1+deb12u2_amd64.deb ...
2026-04-23T21:49:42.8313054Z Unpacking gpg-wks-client (2.2.40-1.1+deb12u2) ...
2026-04-23T21:49:42.8518853Z Selecting previously unselected package gpg-wks-server.
2026-04-23T21:49:42.8536138Z Preparing to unpack .../171-gpg-wks-server_2.2.40-1.1+deb12u2_amd64.deb ...
2026-04-23T21:49:42.8542310Z Unpacking gpg-wks-server (2.2.40-1.1+deb12u2) ...
2026-04-23T21:49:42.8751009Z Selecting previously unselected package gpgsm.
2026-04-23T21:49:42.8768106Z Preparing to unpack .../172-gpgsm_2.2.40-1.1+deb12u2_amd64.deb ...
2026-04-23T21:49:42.8774083Z Unpacking gpgsm (2.2.40-1.1+deb12u2) ...
2026-04-23T21:49:42.9090711Z Selecting previously unselected package gnupg.
2026-04-23T21:49:42.9108027Z Preparing to unpack .../173-gnupg_2.2.40-1.1+deb12u2_all.deb ...
2026-04-23T21:49:42.9113489Z Unpacking gnupg (2.2.40-1.1+deb12u2) ...
2026-04-23T21:49:42.9491758Z Selecting previously unselected package python3-pkg-resources.
2026-04-23T21:49:42.9509004Z Preparing to unpack .../174-python3-pkg-resources_66.1.1-1+deb12u2_all.deb ...
2026-04-23T21:49:42.9515786Z Unpacking python3-pkg-resources (66.1.1-1+deb12u2) ...
2026-04-23T21:49:42.9824694Z Selecting previously unselected package python3-six.
2026-04-23T21:49:42.9842364Z Preparing to unpack .../175-python3-six_1.16.0-4_all.deb ...
2026-04-23T21:49:42.9848170Z Unpacking python3-six (1.16.0-4) ...
2026-04-23T21:49:42.9965683Z Selecting previously unselected package gyp.
2026-04-23T21:49:42.9983068Z Preparing to unpack .../176-gyp_0.1+20220404git9ecf45e-2_all.deb ...
2026-04-23T21:49:42.9989517Z Unpacking gyp (0.1+20220404git9ecf45e-2) ...
2026-04-23T21:49:43.0223853Z Selecting previously unselected package node-neo-async.
2026-04-23T21:49:43.0240779Z Preparing to unpack .../177-node-neo-async_2.6.2+~cs3.0.0-2_all.deb ...
2026-04-23T21:49:43.0246747Z Unpacking node-neo-async (2.6.2+~cs3.0.0-2) ...
2026-04-23T21:49:43.0377449Z Selecting previously unselected package node-arrify.
2026-04-23T21:49:43.0393489Z Preparing to unpack .../178-node-arrify_2.0.1-3_all.deb ...
2026-04-23T21:49:43.0399656Z Unpacking node-arrify (2.0.1-3) ...
2026-04-23T21:49:43.0494280Z Selecting previously unselected package node-is-plain-obj.
2026-04-23T21:49:43.0509576Z Preparing to unpack .../179-node-is-plain-obj_3.0.0-2_all.deb ...
2026-04-23T21:49:43.0516386Z Unpacking node-is-plain-obj (3.0.0-2) ...
2026-04-23T21:49:43.0611517Z Selecting previously unselected package node-is-buffer.
2026-04-23T21:49:43.0627511Z Preparing to unpack .../180-node-is-buffer_2.0.5-2_all.deb ...
2026-04-23T21:49:43.0632591Z Unpacking node-is-buffer (2.0.5-2) ...
2026-04-23T21:49:43.0729580Z Selecting previously unselected package node-kind-of.
2026-04-23T21:49:43.0745284Z Preparing to unpack .../181-node-kind-of_6.0.3+dfsg-2_all.deb ...
2026-04-23T21:49:43.0750985Z Unpacking node-kind-of (6.0.3+dfsg-2) ...
2026-04-23T21:49:43.0848682Z Selecting previously unselected package node-minimist.
2026-04-23T21:49:43.0863636Z Preparing to unpack .../182-node-minimist_1.2.7+~cs5.3.2-2_all.deb ...
2026-04-23T21:49:43.0869688Z Unpacking node-minimist (1.2.7+~cs5.3.2-2) ...
2026-04-23T21:49:43.0980130Z Selecting previously unselected package node-wordwrap.
2026-04-23T21:49:43.0994457Z Preparing to unpack .../183-node-wordwrap_1.0.0-4_all.deb ...
2026-04-23T21:49:43.1000509Z Unpacking node-wordwrap (1.0.0-4) ...
2026-04-23T21:49:43.1097699Z Selecting previously unselected package node-optimist.
2026-04-23T21:49:43.1112161Z Preparing to unpack .../184-node-optimist_0.6.1+~0.0.30-2_all.deb ...
2026-04-23T21:49:43.1118733Z Unpacking node-optimist (0.6.1+~0.0.30-2) ...
2026-04-23T21:49:43.1227058Z Selecting previously unselected package libjs-source-map.
2026-04-23T21:49:43.1241958Z Preparing to unpack .../185-libjs-source-map_0.7.0++dfsg2+really.0.6.1-15_all.deb ...
2026-04-23T21:49:43.1248002Z Unpacking libjs-source-map (0.7.0++dfsg2+really.0.6.1-15) ...
2026-04-23T21:49:43.1376453Z Selecting previously unselected package node-source-map.
2026-04-23T21:49:43.1391358Z Preparing to unpack .../186-node-source-map_0.7.0++dfsg2+really.0.6.1-15_all.deb ...
2026-04-23T21:49:43.1427378Z Unpacking node-source-map (0.7.0++dfsg2+really.0.6.1-15) ...
2026-04-23T21:49:43.1556547Z Selecting previously unselected package handlebars.
2026-04-23T21:49:43.1571172Z Preparing to unpack .../187-handlebars_3%3a4.7.7+~4.1.0-1_all.deb ...
2026-04-23T21:49:43.1579280Z Unpacking handlebars (3:4.7.7+~4.1.0-1) ...
2026-04-23T21:49:43.1863336Z Selecting previously unselected package javascript-common.
2026-04-23T21:49:43.1880186Z Preparing to unpack .../188-javascript-common_11+nmu1_all.deb ...
2026-04-23T21:49:43.1943463Z Unpacking javascript-common (11+nmu1) ...
2026-04-23T21:49:43.2053164Z Selecting previously unselected package libabsl20220623:amd64.
2026-04-23T21:49:43.2069391Z Preparing to unpack .../189-libabsl20220623_20220623.1-1+deb12u2_amd64.deb ...
2026-04-23T21:49:43.2075718Z Unpacking libabsl20220623:amd64 (20220623.1-1+deb12u2) ...
2026-04-23T21:49:43.2516348Z Selecting previously unselected package libalgorithm-diff-perl.
2026-04-23T21:49:43.2533779Z Preparing to unpack .../190-libalgorithm-diff-perl_1.201-1_all.deb ...
2026-04-23T21:49:43.2539920Z Unpacking libalgorithm-diff-perl (1.201-1) ...
2026-04-23T21:49:43.2666131Z Selecting previously unselected package libalgorithm-diff-xs-perl:amd64.
2026-04-23T21:49:43.2682316Z Preparing to unpack .../191-libalgorithm-diff-xs-perl_0.04-8+b1_amd64.deb ...
2026-04-23T21:49:43.2688093Z Unpacking libalgorithm-diff-xs-perl:amd64 (0.04-8+b1) ...
2026-04-23T21:49:43.2793223Z Selecting previously unselected package libalgorithm-merge-perl.
2026-04-23T21:49:43.2808751Z Preparing to unpack .../192-libalgorithm-merge-perl_0.08-5_all.deb ...
2026-04-23T21:49:43.2815349Z Unpacking libalgorithm-merge-perl (0.08-5) ...
2026-04-23T21:49:43.2924436Z Selecting previously unselected package libaom3:amd64.
2026-04-23T21:49:43.2939261Z Preparing to unpack .../193-libaom3_3.6.0-1+deb12u2_amd64.deb ...
2026-04-23T21:49:43.2946471Z Unpacking libaom3:amd64 (3.6.0-1+deb12u2) ...
2026-04-23T21:49:43.4223820Z Selecting previously unselected package libasound2-dev:amd64.
2026-04-23T21:49:43.4241483Z Preparing to unpack .../194-libasound2-dev_1.2.8-1+b1_amd64.deb ...
2026-04-23T21:49:43.4257585Z Unpacking libasound2-dev:amd64 (1.2.8-1+b1) ...
2026-04-23T21:49:43.4457484Z Selecting previously unselected package libauthen-sasl-perl.
2026-04-23T21:49:43.4476251Z Preparing to unpack .../195-libauthen-sasl-perl_2.1600-3_all.deb ...
2026-04-23T21:49:43.4482187Z Unpacking libauthen-sasl-perl (2.1600-3) ...
2026-04-23T21:49:43.4657272Z Selecting previously unselected package libdav1d6:amd64.
2026-04-23T21:49:43.4675628Z Preparing to unpack .../196-libdav1d6_1.0.0-2+deb12u1_amd64.deb ...
2026-04-23T21:49:43.4685989Z Unpacking libdav1d6:amd64 (1.0.0-2+deb12u1) ...
2026-04-23T21:49:43.5143481Z Selecting previously unselected package libgav1-1:amd64.
2026-04-23T21:49:43.5162095Z Preparing to unpack .../197-libgav1-1_0.18.0-1+b1_amd64.deb ...
2026-04-23T21:49:43.5174664Z Unpacking libgav1-1:amd64 (0.18.0-1+b1) ...
2026-04-23T21:49:43.5516199Z Selecting previously unselected package librav1e0:amd64.
2026-04-23T21:49:43.5534780Z Preparing to unpack .../198-librav1e0_0.5.1-6_amd64.deb ...
2026-04-23T21:49:43.5541329Z Unpacking librav1e0:amd64 (0.5.1-6) ...
2026-04-23T21:49:43.6162685Z Selecting previously unselected package libsvtav1enc1:amd64.
2026-04-23T21:49:43.6180695Z Preparing to unpack .../199-libsvtav1enc1_1.4.1+dfsg-1_amd64.deb ...
2026-04-23T21:49:43.6187093Z Unpacking libsvtav1enc1:amd64 (1.4.1+dfsg-1) ...
2026-04-23T21:49:43.7636682Z Selecting previously unselected package libjpeg62-turbo:amd64.
2026-04-23T21:49:43.7655131Z Preparing to unpack .../200-libjpeg62-turbo_1%3a2.1.5-2_amd64.deb ...
2026-04-23T21:49:43.7661835Z Unpacking libjpeg62-turbo:amd64 (1:2.1.5-2) ...
2026-04-23T21:49:43.7875320Z Selecting previously unselected package libyuv0:amd64.
2026-04-23T21:49:43.7893786Z Preparing to unpack .../201-libyuv0_0.0~git20230123.b2528b0-1_amd64.deb ...
2026-04-23T21:49:43.7900819Z Unpacking libyuv0:amd64 (0.0~git20230123.b2528b0-1) ...
2026-04-23T21:49:43.8123947Z Selecting previously unselected package libavif15:amd64.
2026-04-23T21:49:43.8141735Z Preparing to unpack .../202-libavif15_0.11.1-1+deb12u1_amd64.deb ...
2026-04-23T21:49:43.8148229Z Unpacking libavif15:amd64 (0.11.1-1+deb12u1) ...
2026-04-23T21:49:43.8307807Z Selecting previously unselected package libpng16-16:amd64.
2026-04-23T21:49:43.8324444Z Preparing to unpack .../203-libpng16-16_1.6.39-2+deb12u4_amd64.deb ...
2026-04-23T21:49:43.8330838Z Unpacking libpng16-16:amd64 (1.6.39-2+deb12u4) ...
2026-04-23T21:49:43.8593424Z Selecting previously unselected package libfreetype6:amd64.
2026-04-23T21:49:43.8610245Z Preparing to unpack .../204-libfreetype6_2.12.1+dfsg-5+deb12u4_amd64.deb ...
2026-04-23T21:49:43.8616765Z Unpacking libfreetype6:amd64 (2.12.1+dfsg-5+deb12u4) ...
2026-04-23T21:49:43.8968827Z Selecting previously unselected package libfontconfig1:amd64.
2026-04-23T21:49:43.8985932Z Preparing to unpack .../205-libfontconfig1_2.14.1-4_amd64.deb ...
2026-04-23T21:49:43.9007935Z Unpacking libfontconfig1:amd64 (2.14.1-4) ...
2026-04-23T21:49:43.9207864Z Selecting previously unselected package libde265-0:amd64.
2026-04-23T21:49:43.9224611Z Preparing to unpack .../206-libde265-0_1.0.11-1+deb12u2_amd64.deb ...
2026-04-23T21:49:43.9230845Z Unpacking libde265-0:amd64 (1.0.11-1+deb12u2) ...
2026-04-23T21:49:43.9454840Z Selecting previously unselected package libnuma1:amd64.
2026-04-23T21:49:43.9470786Z Preparing to unpack .../207-libnuma1_2.0.16-1_amd64.deb ...
2026-04-23T21:49:43.9478702Z Unpacking libnuma1:amd64 (2.0.16-1) ...
2026-04-23T21:49:43.9599891Z Selecting previously unselected package libx265-199:amd64.
2026-04-23T21:49:43.9616454Z Preparing to unpack .../208-libx265-199_3.5-2+b1_amd64.deb ...
2026-04-23T21:49:43.9626547Z Unpacking libx265-199:amd64 (3.5-2+b1) ...
2026-04-23T21:49:44.0536203Z Selecting previously unselected package libheif1:amd64.
2026-04-23T21:49:44.0553956Z Preparing to unpack .../209-libheif1_1.15.1-1+deb12u1_amd64.deb ...
2026-04-23T21:49:44.0560573Z Unpacking libheif1:amd64 (1.15.1-1+deb12u1) ...
2026-04-23T21:49:44.0812558Z Selecting previously unselected package libdeflate0:amd64.
2026-04-23T21:49:44.0830602Z Preparing to unpack .../210-libdeflate0_1.14-1_amd64.deb ...
2026-04-23T21:49:44.0837146Z Unpacking libdeflate0:amd64 (1.14-1) ...
2026-04-23T21:49:44.0979350Z Selecting previously unselected package libjbig0:amd64.
2026-04-23T21:49:44.0997402Z Preparing to unpack .../211-libjbig0_2.1-6.1_amd64.deb ...
2026-04-23T21:49:44.1003423Z Unpacking libjbig0:amd64 (2.1-6.1) ...
2026-04-23T21:49:44.1126337Z Selecting previously unselected package liblerc4:amd64.
2026-04-23T21:49:44.1142852Z Preparing to unpack .../212-liblerc4_4.0.0+ds-2_amd64.deb ...
2026-04-23T21:49:44.1149522Z Unpacking liblerc4:amd64 (4.0.0+ds-2) ...
2026-04-23T21:49:44.1366267Z Selecting previously unselected package libwebp7:amd64.
2026-04-23T21:49:44.1381313Z Preparing to unpack .../213-libwebp7_1.2.4-0.2+deb12u1_amd64.deb ...
2026-04-23T21:49:44.1388270Z Unpacking libwebp7:amd64 (1.2.4-0.2+deb12u1) ...
2026-04-23T21:49:44.1675371Z Selecting previously unselected package libtiff6:amd64.
2026-04-23T21:49:44.1692124Z Preparing to unpack .../214-libtiff6_4.5.0-6+deb12u4_amd64.deb ...
2026-04-23T21:49:44.1698386Z Unpacking libtiff6:amd64 (4.5.0-6+deb12u4) ...
2026-04-23T21:49:44.1930427Z Selecting previously unselected package libxpm4:amd64.
2026-04-23T21:49:44.1946120Z Preparing to unpack .../215-libxpm4_1%3a3.5.12-1.1+deb12u1_amd64.deb ...
2026-04-23T21:49:44.1952450Z Unpacking libxpm4:amd64 (1:3.5.12-1.1+deb12u1) ...
2026-04-23T21:49:44.2106491Z Selecting previously unselected package libgd3:amd64.
2026-04-23T21:49:44.2121493Z Preparing to unpack .../216-libgd3_2.3.3-9_amd64.deb ...
2026-04-23T21:49:44.2127513Z Unpacking libgd3:amd64 (2.3.3-9) ...
2026-04-23T21:49:44.2302728Z Selecting previously unselected package libc-devtools.
2026-04-23T21:49:44.2317992Z Preparing to unpack .../217-libc-devtools_2.36-9+deb12u13_amd64.deb ...
2026-04-23T21:49:44.2325146Z Unpacking libc-devtools (2.36-9+deb12u13) ...
2026-04-23T21:49:44.2460725Z Selecting previously unselected package libc6-dbg:amd64.
2026-04-23T21:49:44.2476030Z Preparing to unpack .../218-libc6-dbg_2.36-9+deb12u13_amd64.deb ...
2026-04-23T21:49:44.2483002Z Unpacking libc6-dbg:amd64 (2.36-9+deb12u13) ...
2026-04-23T21:49:44.6045961Z Selecting previously unselected package libclone-perl:amd64.
2026-04-23T21:49:44.6065261Z Preparing to unpack .../219-libclone-perl_0.46-1_amd64.deb ...
2026-04-23T21:49:44.6070798Z Unpacking libclone-perl:amd64 (0.46-1) ...
2026-04-23T21:49:44.6179727Z Selecting previously unselected package libcurl4-openssl-dev:amd64.
2026-04-23T21:49:44.6198122Z Preparing to unpack .../220-libcurl4-openssl-dev_7.88.1-10+deb12u14_amd64.deb ...
2026-04-23T21:49:44.6203598Z Unpacking libcurl4-openssl-dev:amd64 (7.88.1-10+deb12u14) ...
2026-04-23T21:49:44.6632674Z Selecting previously unselected package libdata-dump-perl.
2026-04-23T21:49:44.6650233Z Preparing to unpack .../221-libdata-dump-perl_1.25-1_all.deb ...
2026-04-23T21:49:44.6656589Z Unpacking libdata-dump-perl (1.25-1) ...
2026-04-23T21:49:44.6775906Z Selecting previously unselected package libdrm-common.
2026-04-23T21:49:44.6793381Z Preparing to unpack .../222-libdrm-common_2.4.114-1_all.deb ...
2026-04-23T21:49:44.6800172Z Unpacking libdrm-common (2.4.114-1) ...
2026-04-23T21:49:44.6904927Z Selecting previously unselected package libdrm2:amd64.
2026-04-23T21:49:44.6920287Z Preparing to unpack .../223-libdrm2_2.4.114-1+b1_amd64.deb ...
2026-04-23T21:49:44.6927627Z Unpacking libdrm2:amd64 (2.4.114-1+b1) ...
2026-04-23T21:49:44.7050935Z Selecting previously unselected package libdrm-amdgpu1:amd64.
2026-04-23T21:49:44.7066683Z Preparing to unpack .../224-libdrm-amdgpu1_2.4.114-1+b1_amd64.deb ...
2026-04-23T21:49:44.7074653Z Unpacking libdrm-amdgpu1:amd64 (2.4.114-1+b1) ...
2026-04-23T21:49:44.7187653Z Selecting previously unselected package libpciaccess0:amd64.
2026-04-23T21:49:44.7203484Z Preparing to unpack .../225-libpciaccess0_0.17-2_amd64.deb ...
2026-04-23T21:49:44.7210455Z Unpacking libpciaccess0:amd64 (0.17-2) ...
2026-04-23T21:49:44.7354917Z Selecting previously unselected package libdrm-intel1:amd64.
2026-04-23T21:49:44.7370828Z Preparing to unpack .../226-libdrm-intel1_2.4.114-1+b1_amd64.deb ...
2026-04-23T21:49:44.7377272Z Unpacking libdrm-intel1:amd64 (2.4.114-1+b1) ...
2026-04-23T21:49:44.7520974Z Selecting previously unselected package libdrm-nouveau2:amd64.
2026-04-23T21:49:44.7537321Z Preparing to unpack .../227-libdrm-nouveau2_2.4.114-1+b1_amd64.deb ...
2026-04-23T21:49:44.7543623Z Unpacking libdrm-nouveau2:amd64 (2.4.114-1+b1) ...
2026-04-23T21:49:44.7659155Z Selecting previously unselected package libdrm-radeon1:amd64.
2026-04-23T21:49:44.7675475Z Preparing to unpack .../228-libdrm-radeon1_2.4.114-1+b1_amd64.deb ...
2026-04-23T21:49:44.7681613Z Unpacking libdrm-radeon1:amd64 (2.4.114-1+b1) ...
2026-04-23T21:49:44.7802350Z Selecting previously unselected package libglvnd0:amd64.
2026-04-23T21:49:44.7819257Z Preparing to unpack .../229-libglvnd0_1.6.0-1_amd64.deb ...
2026-04-23T21:49:44.7825514Z Unpacking libglvnd0:amd64 (1.6.0-1) ...
2026-04-23T21:49:44.7988961Z Selecting previously unselected package libwayland-server0:amd64.
2026-04-23T21:49:44.8006742Z Preparing to unpack .../230-libwayland-server0_1.21.0-1_amd64.deb ...
2026-04-23T21:49:44.8012349Z Unpacking libwayland-server0:amd64 (1.21.0-1) ...
2026-04-23T21:49:44.8139296Z Selecting previously unselected package libgbm1:amd64.
2026-04-23T21:49:44.8156732Z Preparing to unpack .../231-libgbm1_22.3.6-1+deb12u1_amd64.deb ...
2026-04-23T21:49:44.8163051Z Unpacking libgbm1:amd64 (22.3.6-1+deb12u1) ...
2026-04-23T21:49:44.8291752Z Selecting previously unselected package libglapi-mesa:amd64.
2026-04-23T21:49:44.8308296Z Preparing to unpack .../232-libglapi-mesa_22.3.6-1+deb12u1_amd64.deb ...
2026-04-23T21:49:44.8314585Z Unpacking libglapi-mesa:amd64 (22.3.6-1+deb12u1) ...
2026-04-23T21:49:44.8450673Z Selecting previously unselected package libwayland-client0:amd64.
2026-04-23T21:49:44.8467430Z Preparing to unpack .../233-libwayland-client0_1.21.0-1_amd64.deb ...
2026-04-23T21:49:44.8473690Z Unpacking libwayland-client0:amd64 (1.21.0-1) ...
2026-04-23T21:49:44.8594537Z Selecting previously unselected package libx11-xcb1:amd64.
2026-04-23T21:49:44.8610132Z Preparing to unpack .../234-libx11-xcb1_2%3a1.8.4-2+deb12u2_amd64.deb ...
2026-04-23T21:49:44.8616796Z Unpacking libx11-xcb1:amd64 (2:1.8.4-2+deb12u2) ...
2026-04-23T21:49:44.8766658Z Selecting previously unselected package libxcb-dri2-0:amd64.
2026-04-23T21:49:44.8783129Z Preparing to unpack .../235-libxcb-dri2-0_1.15-1_amd64.deb ...
2026-04-23T21:49:44.8796240Z Unpacking libxcb-dri2-0:amd64 (1.15-1) ...
2026-04-23T21:49:44.8961377Z Selecting previously unselected package libxcb-dri3-0:amd64.
2026-04-23T21:49:44.8977561Z Preparing to unpack .../236-libxcb-dri3-0_1.15-1_amd64.deb ...
2026-04-23T21:49:44.9001351Z Unpacking libxcb-dri3-0:amd64 (1.15-1) ...
2026-04-23T21:49:44.9169383Z Selecting previously unselected package libxcb-present0:amd64.
2026-04-23T21:49:44.9186219Z Preparing to unpack .../237-libxcb-present0_1.15-1_amd64.deb ...
2026-04-23T21:49:44.9194577Z Unpacking libxcb-present0:amd64 (1.15-1) ...
2026-04-23T21:49:44.9360897Z Selecting previously unselected package libxcb-randr0:amd64.
2026-04-23T21:49:44.9376849Z Preparing to unpack .../238-libxcb-randr0_1.15-1_amd64.deb ...
2026-04-23T21:49:44.9382881Z Unpacking libxcb-randr0:amd64 (1.15-1) ...
2026-04-23T21:49:44.9561481Z Selecting previously unselected package libxcb-sync1:amd64.
2026-04-23T21:49:44.9576963Z Preparing to unpack .../239-libxcb-sync1_1.15-1_amd64.deb ...
2026-04-23T21:49:44.9583592Z Unpacking libxcb-sync1:amd64 (1.15-1) ...
2026-04-23T21:49:44.9751442Z Selecting previously unselected package libxcb-xfixes0:amd64.
2026-04-23T21:49:44.9766888Z Preparing to unpack .../240-libxcb-xfixes0_1.15-1_amd64.deb ...
2026-04-23T21:49:44.9773239Z Unpacking libxcb-xfixes0:amd64 (1.15-1) ...
2026-04-23T21:49:44.9947868Z Selecting previously unselected package libxshmfence1:amd64.
2026-04-23T21:49:44.9962838Z Preparing to unpack .../241-libxshmfence1_1.3-1_amd64.deb ...
2026-04-23T21:49:44.9970181Z Unpacking libxshmfence1:amd64 (1.3-1) ...
2026-04-23T21:49:45.0074441Z Selecting previously unselected package libegl-mesa0:amd64.
2026-04-23T21:49:45.0090167Z Preparing to unpack .../242-libegl-mesa0_22.3.6-1+deb12u1_amd64.deb ...
2026-04-23T21:49:45.0095674Z Unpacking libegl-mesa0:amd64 (22.3.6-1+deb12u1) ...
2026-04-23T21:49:45.0286796Z Selecting previously unselected package libegl1:amd64.
2026-04-23T21:49:45.0302119Z Preparing to unpack .../243-libegl1_1.6.0-1_amd64.deb ...
2026-04-23T21:49:45.0308338Z Unpacking libegl1:amd64 (1.6.0-1) ...
2026-04-23T21:49:45.0448433Z Selecting previously unselected package libxcb-glx0:amd64.
2026-04-23T21:49:45.0463303Z Preparing to unpack .../244-libxcb-glx0_1.15-1_amd64.deb ...
2026-04-23T21:49:45.0469716Z Unpacking libxcb-glx0:amd64 (1.15-1) ...
2026-04-23T21:49:45.0654813Z Selecting previously unselected package libxcb-shm0:amd64.
2026-04-23T21:49:45.0670374Z Preparing to unpack .../245-libxcb-shm0_1.15-1_amd64.deb ...
2026-04-23T21:49:45.0677290Z Unpacking libxcb-shm0:amd64 (1.15-1) ...
2026-04-23T21:49:45.0846729Z Selecting previously unselected package libxfixes3:amd64.
2026-04-23T21:49:45.0862382Z Preparing to unpack .../246-libxfixes3_1%3a6.0.0-2_amd64.deb ...
2026-04-23T21:49:45.0869700Z Unpacking libxfixes3:amd64 (1:6.0.0-2) ...
2026-04-23T21:49:45.0984850Z Selecting previously unselected package libxxf86vm1:amd64.
2026-04-23T21:49:45.1000062Z Preparing to unpack .../247-libxxf86vm1_1%3a1.1.4-1+b2_amd64.deb ...
2026-04-23T21:49:45.1006485Z Unpacking libxxf86vm1:amd64 (1:1.1.4-1+b2) ...
2026-04-23T21:49:45.1129679Z Selecting previously unselected package libz3-4:amd64.
2026-04-23T21:49:45.1145092Z Preparing to unpack .../248-libz3-4_4.8.12-3.1_amd64.deb ...
2026-04-23T21:49:45.1151132Z Unpacking libz3-4:amd64 (4.8.12-3.1) ...
2026-04-23T21:49:45.5596218Z Selecting previously unselected package libllvm15:amd64.
2026-04-23T21:49:45.5614595Z Preparing to unpack .../249-libllvm15_1%3a15.0.6-4+b1_amd64.deb ...
2026-04-23T21:49:45.5621195Z Unpacking libllvm15:amd64 (1:15.0.6-4+b1) ...
2026-04-23T21:49:46.3267344Z Selecting previously unselected package libsensors-config.
2026-04-23T21:49:46.3286013Z Preparing to unpack .../250-libsensors-config_1%3a3.6.0-7.1_all.deb ...
2026-04-23T21:49:46.3291989Z Unpacking libsensors-config (1:3.6.0-7.1) ...
2026-04-23T21:49:46.3472869Z Selecting previously unselected package libsensors5:amd64.
2026-04-23T21:49:46.3491700Z Preparing to unpack .../251-libsensors5_1%3a3.6.0-7.1_amd64.deb ...
2026-04-23T21:49:46.3637299Z Unpacking libsensors5:amd64 (1:3.6.0-7.1) ...
2026-04-23T21:49:46.3773590Z Selecting previously unselected package libgl1-mesa-dri:amd64.
2026-04-23T21:49:46.3792532Z Preparing to unpack .../252-libgl1-mesa-dri_22.3.6-1+deb12u1_amd64.deb ...
2026-04-23T21:49:46.3830919Z Unpacking libgl1-mesa-dri:amd64 (22.3.6-1+deb12u1) ...
2026-04-23T21:49:46.8181181Z Selecting previously unselected package libglx-mesa0:amd64.
2026-04-23T21:49:46.8198927Z Preparing to unpack .../253-libglx-mesa0_22.3.6-1+deb12u1_amd64.deb ...
2026-04-23T21:49:46.8205257Z Unpacking libglx-mesa0:amd64 (22.3.6-1+deb12u1) ...
2026-04-23T21:49:46.8412416Z Selecting previously unselected package libglx0:amd64.
2026-04-23T21:49:46.8431007Z Preparing to unpack .../254-libglx0_1.6.0-1_amd64.deb ...
2026-04-23T21:49:46.8439071Z Unpacking libglx0:amd64 (1.6.0-1) ...
2026-04-23T21:49:46.8578520Z Selecting previously unselected package libgl1:amd64.
2026-04-23T21:49:46.8596689Z Preparing to unpack .../255-libgl1_1.6.0-1_amd64.deb ...
2026-04-23T21:49:46.8604446Z Unpacking libgl1:amd64 (1.6.0-1) ...
2026-04-23T21:49:46.8760143Z Selecting previously unselected package xorg-sgml-doctools.
2026-04-23T21:49:46.8777813Z Preparing to unpack .../256-xorg-sgml-doctools_1%3a1.11-1.1_all.deb ...
2026-04-23T21:49:46.8783525Z Unpacking xorg-sgml-doctools (1:1.11-1.1) ...
2026-04-23T21:49:46.8898007Z Selecting previously unselected package x11proto-dev.
2026-04-23T21:49:46.8914519Z Preparing to unpack .../257-x11proto-dev_2022.1-1_all.deb ...
2026-04-23T21:49:46.8924822Z Unpacking x11proto-dev (2022.1-1) ...
2026-04-23T21:49:46.9440895Z Selecting previously unselected package libxau-dev:amd64.
2026-04-23T21:49:46.9458949Z Preparing to unpack .../258-libxau-dev_1%3a1.0.9-1_amd64.deb ...
2026-04-23T21:49:46.9466413Z Unpacking libxau-dev:amd64 (1:1.0.9-1) ...
2026-04-23T21:49:46.9587466Z Selecting previously unselected package libxdmcp-dev:amd64.
2026-04-23T21:49:46.9605341Z Preparing to unpack .../259-libxdmcp-dev_1%3a1.1.2-3_amd64.deb ...
2026-04-23T21:49:46.9611994Z Unpacking libxdmcp-dev:amd64 (1:1.1.2-3) ...
2026-04-23T21:49:46.9735965Z Selecting previously unselected package xtrans-dev.
2026-04-23T21:49:46.9752028Z Preparing to unpack .../260-xtrans-dev_1.4.0-1_all.deb ...
2026-04-23T21:49:46.9758222Z Unpacking xtrans-dev (1.4.0-1) ...
2026-04-23T21:49:46.9915717Z Selecting previously unselected package libpthread-stubs0-dev:amd64.
2026-04-23T21:49:46.9932146Z Preparing to unpack .../261-libpthread-stubs0-dev_0.4-1_amd64.deb ...
2026-04-23T21:49:46.9938224Z Unpacking libpthread-stubs0-dev:amd64 (0.4-1) ...
2026-04-23T21:49:47.0044811Z Selecting previously unselected package libxcb1-dev:amd64.
2026-04-23T21:49:47.0050574Z Preparing to unpack .../262-libxcb1-dev_1.15-1_amd64.deb ...
2026-04-23T21:49:47.0057243Z Unpacking libxcb1-dev:amd64 (1.15-1) ...
2026-04-23T21:49:47.0273191Z Selecting previously unselected package libx11-dev:amd64.
2026-04-23T21:49:47.0289217Z Preparing to unpack .../263-libx11-dev_2%3a1.8.4-2+deb12u2_amd64.deb ...
2026-04-23T21:49:47.0295543Z Unpacking libx11-dev:amd64 (2:1.8.4-2+deb12u2) ...
2026-04-23T21:49:47.0880982Z Selecting previously unselected package libglx-dev:amd64.
2026-04-23T21:49:47.0898852Z Preparing to unpack .../264-libglx-dev_1.6.0-1_amd64.deb ...
2026-04-23T21:49:47.0906490Z Unpacking libglx-dev:amd64 (1.6.0-1) ...
2026-04-23T21:49:47.1021910Z Selecting previously unselected package libgl-dev:amd64.
2026-04-23T21:49:47.1039761Z Preparing to unpack .../265-libgl-dev_1.6.0-1_amd64.deb ...
2026-04-23T21:49:47.1045550Z Unpacking libgl-dev:amd64 (1.6.0-1) ...
2026-04-23T21:49:47.1224997Z Selecting previously unselected package libegl-dev:amd64.
2026-04-23T21:49:47.1242723Z Preparing to unpack .../266-libegl-dev_1.6.0-1_amd64.deb ...
2026-04-23T21:49:47.1251312Z Unpacking libegl-dev:amd64 (1.6.0-1) ...
2026-04-23T21:49:47.1364067Z Selecting previously unselected package libencode-locale-perl.
2026-04-23T21:49:47.1381220Z Preparing to unpack .../267-libencode-locale-perl_1.05-3_all.deb ...
2026-04-23T21:49:47.1387792Z Unpacking libencode-locale-perl (1.05-3) ...
2026-04-23T21:49:47.1489276Z Selecting previously unselected package libipc-system-simple-perl.
2026-04-23T21:49:47.1506468Z Preparing to unpack .../268-libipc-system-simple-perl_1.30-2_all.deb ...
2026-04-23T21:49:47.1513610Z Unpacking libipc-system-simple-perl (1.30-2) ...
2026-04-23T21:49:47.1630374Z Selecting previously unselected package libfile-basedir-perl.
2026-04-23T21:49:47.1646871Z Preparing to unpack .../269-libfile-basedir-perl_0.09-2_all.deb ...
2026-04-23T21:49:47.1655778Z Unpacking libfile-basedir-perl (0.09-2) ...
2026-04-23T21:49:47.1762805Z Selecting previously unselected package libregexp-ipv6-perl.
2026-04-23T21:49:47.1779402Z Preparing to unpack .../270-libregexp-ipv6-perl_0.03-3_all.deb ...
2026-04-23T21:49:47.1785206Z Unpacking libregexp-ipv6-perl (0.03-3) ...
2026-04-23T21:49:47.1885435Z Selecting previously unselected package liburi-perl.
2026-04-23T21:49:47.1901250Z Preparing to unpack .../271-liburi-perl_5.17-1_all.deb ...
2026-04-23T21:49:47.1906874Z Unpacking liburi-perl (5.17-1) ...
2026-04-23T21:49:47.2081205Z Selecting previously unselected package libfile-desktopentry-perl.
2026-04-23T21:49:47.2097804Z Preparing to unpack .../272-libfile-desktopentry-perl_0.22-3_all.deb ...
2026-04-23T21:49:47.2103585Z Unpacking libfile-desktopentry-perl (0.22-3) ...
2026-04-23T21:49:47.2210838Z Selecting previously unselected package libfile-fcntllock-perl.
2026-04-23T21:49:47.2226521Z Preparing to unpack .../273-libfile-fcntllock-perl_0.22-4+b1_amd64.deb ...
2026-04-23T21:49:47.2232678Z Unpacking libfile-fcntllock-perl (0.22-4+b1) ...
2026-04-23T21:49:47.2358363Z Selecting previously unselected package libtimedate-perl.
2026-04-23T21:49:47.2374065Z Preparing to unpack .../274-libtimedate-perl_2.3300-2_all.deb ...
2026-04-23T21:49:47.2379862Z Unpacking libtimedate-perl (2.3300-2) ...
2026-04-23T21:49:47.2526706Z Selecting previously unselected package libhttp-date-perl.
2026-04-23T21:49:47.2541983Z Preparing to unpack .../275-libhttp-date-perl_6.05-2_all.deb ...
2026-04-23T21:49:47.2556385Z Unpacking libhttp-date-perl (6.05-2) ...
2026-04-23T21:49:47.2659781Z Selecting previously unselected package libfile-listing-perl.
2026-04-23T21:49:47.2675584Z Preparing to unpack .../276-libfile-listing-perl_6.15-1_all.deb ...
2026-04-23T21:49:47.2681618Z Unpacking libfile-listing-perl (6.15-1) ...
2026-04-23T21:49:47.2790526Z Selecting previously unselected package shared-mime-info.
2026-04-23T21:49:47.2806646Z Preparing to unpack .../277-shared-mime-info_2.2-1_amd64.deb ...
2026-04-23T21:49:47.2814950Z Unpacking shared-mime-info (2.2-1) ...
2026-04-23T21:49:47.3430812Z Selecting previously unselected package libfile-mimeinfo-perl.
2026-04-23T21:49:47.3449539Z Preparing to unpack .../278-libfile-mimeinfo-perl_0.33-1_all.deb ...
2026-04-23T21:49:47.3455392Z Unpacking libfile-mimeinfo-perl (0.33-1) ...
2026-04-23T21:49:47.3596518Z Selecting previously unselected package libfont-afm-perl.
2026-04-23T21:49:47.3615175Z Preparing to unpack .../279-libfont-afm-perl_1.20-4_all.deb ...
2026-04-23T21:49:47.3621859Z Unpacking libfont-afm-perl (1.20-4) ...
2026-04-23T21:49:47.3739438Z Selecting previously unselected package libfontenc1:amd64.
2026-04-23T21:49:47.3757585Z Preparing to unpack .../280-libfontenc1_1%3a1.1.4-1_amd64.deb ...
2026-04-23T21:49:47.3763409Z Unpacking libfontenc1:amd64 (1:1.1.4-1) ...
2026-04-23T21:49:47.3882176Z Selecting previously unselected package libgdk-pixbuf2.0-common.
2026-04-23T21:49:47.3900622Z Preparing to unpack .../281-libgdk-pixbuf2.0-common_2.42.10+dfsg-1+deb12u4_all.deb ...
2026-04-23T21:49:47.3907378Z Unpacking libgdk-pixbuf2.0-common (2.42.10+dfsg-1+deb12u4) ...
2026-04-23T21:49:47.4353810Z Selecting previously unselected package libgdk-pixbuf-2.0-0:amd64.
2026-04-23T21:49:47.4372709Z Preparing to unpack .../282-libgdk-pixbuf-2.0-0_2.42.10+dfsg-1+deb12u4_amd64.deb ...
2026-04-23T21:49:47.4378682Z Unpacking libgdk-pixbuf-2.0-0:amd64 (2.42.10+dfsg-1+deb12u4) ...
2026-04-23T21:49:47.4582372Z Selecting previously unselected package libgdk-pixbuf2.0-bin.
2026-04-23T21:49:47.4601040Z Preparing to unpack .../283-libgdk-pixbuf2.0-bin_2.42.10+dfsg-1+deb12u4_amd64.deb ...
2026-04-23T21:49:47.4609106Z Unpacking libgdk-pixbuf2.0-bin (2.42.10+dfsg-1+deb12u4) ...
2026-04-23T21:49:47.4722611Z Selecting previously unselected package libglvnd-core-dev:amd64.
2026-04-23T21:49:47.4739882Z Preparing to unpack .../284-libglvnd-core-dev_1.6.0-1_amd64.deb ...
2026-04-23T21:49:47.4745779Z Unpacking libglvnd-core-dev:amd64 (1.6.0-1) ...
2026-04-23T21:49:47.4858479Z Selecting previously unselected package libgles1:amd64.
2026-04-23T21:49:47.4874874Z Preparing to unpack .../285-libgles1_1.6.0-1_amd64.deb ...
2026-04-23T21:49:47.4881658Z Unpacking libgles1:amd64 (1.6.0-1) ...
2026-04-23T21:49:47.5018300Z Selecting previously unselected package libgles2:amd64.
2026-04-23T21:49:47.5034598Z Preparing to unpack .../286-libgles2_1.6.0-1_amd64.deb ...
2026-04-23T21:49:47.5040491Z Unpacking libgles2:amd64 (1.6.0-1) ...
2026-04-23T21:49:47.5151229Z Selecting previously unselected package libgles-dev:amd64.
2026-04-23T21:49:47.5167486Z Preparing to unpack .../287-libgles-dev_1.6.0-1_amd64.deb ...
2026-04-23T21:49:47.5173814Z Unpacking libgles-dev:amd64 (1.6.0-1) ...
2026-04-23T21:49:47.5333262Z Selecting previously unselected package libopengl0:amd64.
2026-04-23T21:49:47.5349447Z Preparing to unpack .../288-libopengl0_1.6.0-1_amd64.deb ...
2026-04-23T21:49:47.5356132Z Unpacking libopengl0:amd64 (1.6.0-1) ...
2026-04-23T21:49:47.5475425Z Selecting previously unselected package libopengl-dev:amd64.
2026-04-23T21:49:47.5491417Z Preparing to unpack .../289-libopengl-dev_1.6.0-1_amd64.deb ...
2026-04-23T21:49:47.5497555Z Unpacking libopengl-dev:amd64 (1.6.0-1) ...
2026-04-23T21:49:47.5598091Z Selecting previously unselected package libglvnd-dev:amd64.
2026-04-23T21:49:47.5613686Z Preparing to unpack .../290-libglvnd-dev_1.6.0-1_amd64.deb ...
2026-04-23T21:49:47.5620373Z Unpacking libglvnd-dev:amd64 (1.6.0-1) ...
2026-04-23T21:49:47.5721064Z Selecting previously unselected package libgl1-mesa-dev:amd64.
2026-04-23T21:49:47.5737435Z Preparing to unpack .../291-libgl1-mesa-dev_22.3.6-1+deb12u1_amd64.deb ...
2026-04-23T21:49:47.5743537Z Unpacking libgl1-mesa-dev:amd64 (22.3.6-1+deb12u1) ...
2026-04-23T21:49:47.5849686Z Selecting previously unselected package libglib2.0-data.
2026-04-23T21:49:47.5865603Z Preparing to unpack .../292-libglib2.0-data_2.74.6-2+deb12u8_all.deb ...
2026-04-23T21:49:47.5872605Z Unpacking libglib2.0-data (2.74.6-2+deb12u8) ...
2026-04-23T21:49:47.6916096Z Selecting previously unselected package libglu1-mesa:amd64.
2026-04-23T21:49:47.6935766Z Preparing to unpack .../293-libglu1-mesa_9.0.2-1.1_amd64.deb ...
2026-04-23T21:49:47.6943331Z Unpacking libglu1-mesa:amd64 (9.0.2-1.1) ...
2026-04-23T21:49:47.7155560Z Selecting previously unselected package libglu1-mesa-dev:amd64.
2026-04-23T21:49:47.7174690Z Preparing to unpack .../294-libglu1-mesa-dev_9.0.2-1.1_amd64.deb ...
2026-04-23T21:49:47.7180809Z Unpacking libglu1-mesa-dev:amd64 (9.0.2-1.1) ...
2026-04-23T21:49:47.7452080Z Selecting previously unselected package libgmpxx4ldbl:amd64.
2026-04-23T21:49:47.7471797Z Preparing to unpack .../295-libgmpxx4ldbl_2%3a6.2.1+dfsg1-1.1_amd64.deb ...
2026-04-23T21:49:47.7478434Z Unpacking libgmpxx4ldbl:amd64 (2:6.2.1+dfsg1-1.1) ...
2026-04-23T21:49:47.7640870Z Selecting previously unselected package libgmp-dev:amd64.
2026-04-23T21:49:47.7659294Z Preparing to unpack .../296-libgmp-dev_2%3a6.2.1+dfsg1-1.1_amd64.deb ...
2026-04-23T21:49:47.7666205Z Unpacking libgmp-dev:amd64 (2:6.2.1+dfsg1-1.1) ...
2026-04-23T21:49:47.8048074Z Selecting previously unselected package libgpm2:amd64.
2026-04-23T21:49:47.8066721Z Preparing to unpack .../297-libgpm2_1.20.7-10+b1_amd64.deb ...
2026-04-23T21:49:47.8082443Z Unpacking libgpm2:amd64 (1.20.7-10+b1) ...
2026-04-23T21:49:47.8190185Z Selecting previously unselected package libhtml-tagset-perl.
2026-04-23T21:49:47.8209811Z Preparing to unpack .../298-libhtml-tagset-perl_3.20-6_all.deb ...
2026-04-23T21:49:47.8217560Z Unpacking libhtml-tagset-perl (3.20-6) ...
2026-04-23T21:49:47.8333497Z Selecting previously unselected package libhtml-parser-perl:amd64.
2026-04-23T21:49:47.8351555Z Preparing to unpack .../299-libhtml-parser-perl_3.81-1_amd64.deb ...
2026-04-23T21:49:47.8358269Z Unpacking libhtml-parser-perl:amd64 (3.81-1) ...
2026-04-23T21:49:47.8524074Z Selecting previously unselected package libio-html-perl.
2026-04-23T21:49:47.8542034Z Preparing to unpack .../300-libio-html-perl_1.004-3_all.deb ...
2026-04-23T21:49:47.8549421Z Unpacking libio-html-perl (1.004-3) ...
2026-04-23T21:49:47.8655521Z Selecting previously unselected package liblwp-mediatypes-perl.
2026-04-23T21:49:47.8674524Z Preparing to unpack .../301-liblwp-mediatypes-perl_6.04-2_all.deb ...
2026-04-23T21:49:47.8679545Z Unpacking liblwp-mediatypes-perl (6.04-2) ...
2026-04-23T21:49:47.8793416Z Selecting previously unselected package libhttp-message-perl.
2026-04-23T21:49:47.8811266Z Preparing to unpack .../302-libhttp-message-perl_6.44-1_all.deb ...
2026-04-23T21:49:47.8817913Z Unpacking libhttp-message-perl (6.44-1) ...
2026-04-23T21:49:47.8967548Z Selecting previously unselected package libhtml-form-perl.
2026-04-23T21:49:47.8984950Z Preparing to unpack .../303-libhtml-form-perl_6.11-1_all.deb ...
2026-04-23T21:49:47.8991565Z Unpacking libhtml-form-perl (6.11-1) ...
2026-04-23T21:49:47.9120631Z Selecting previously unselected package libhtml-tree-perl.
2026-04-23T21:49:47.9137712Z Preparing to unpack .../304-libhtml-tree-perl_5.07-3_all.deb ...
2026-04-23T21:49:47.9143429Z Unpacking libhtml-tree-perl (5.07-3) ...
2026-04-23T21:49:47.9367890Z Selecting previously unselected package libhtml-format-perl.
2026-04-23T21:49:47.9384823Z Preparing to unpack .../305-libhtml-format-perl_2.16-2_all.deb ...
2026-04-23T21:49:47.9391211Z Unpacking libhtml-format-perl (2.16-2) ...
2026-04-23T21:49:47.9532593Z Selecting previously unselected package libhttp-cookies-perl.
2026-04-23T21:49:47.9549681Z Preparing to unpack .../306-libhttp-cookies-perl_6.10-1_all.deb ...
2026-04-23T21:49:47.9556231Z Unpacking libhttp-cookies-perl (6.10-1) ...
2026-04-23T21:49:47.9664757Z Selecting previously unselected package libhttp-daemon-perl.
2026-04-23T21:49:47.9681651Z Preparing to unpack .../307-libhttp-daemon-perl_6.16-1_all.deb ...
2026-04-23T21:49:47.9689297Z Unpacking libhttp-daemon-perl (6.16-1) ...
2026-04-23T21:49:47.9799006Z Selecting previously unselected package libhttp-negotiate-perl.
2026-04-23T21:49:47.9814901Z Preparing to unpack .../308-libhttp-negotiate-perl_6.01-2_all.deb ...
2026-04-23T21:49:47.9821600Z Unpacking libhttp-negotiate-perl (6.01-2) ...
2026-04-23T21:49:47.9924329Z Selecting previously unselected package libiberty-dev:amd64.
2026-04-23T21:49:47.9940149Z Preparing to unpack .../309-libiberty-dev_20230104-1_amd64.deb ...
2026-04-23T21:49:47.9947566Z Unpacking libiberty-dev:amd64 (20230104-1) ...
2026-04-23T21:49:48.0168655Z Selecting previously unselected package x11-common.
2026-04-23T21:49:48.0196084Z Preparing to unpack .../310-x11-common_1%3a7.7+23_all.deb ...
2026-04-23T21:49:48.0196794Z Unpacking x11-common (1:7.7+23) ...
2026-04-23T21:49:48.0383809Z Selecting previously unselected package libice6:amd64.
2026-04-23T21:49:48.0400246Z Preparing to unpack .../311-libice6_2%3a1.0.10-1_amd64.deb ...
2026-04-23T21:49:48.0406338Z Unpacking libice6:amd64 (2:1.0.10-1) ...
2026-04-23T21:49:48.0546052Z Selecting previously unselected package perl-openssl-defaults:amd64.
2026-04-23T21:49:48.0562167Z Preparing to unpack .../312-perl-openssl-defaults_7+b1_amd64.deb ...
2026-04-23T21:49:48.0568826Z Unpacking perl-openssl-defaults:amd64 (7+b1) ...
2026-04-23T21:49:48.0682749Z Selecting previously unselected package libnet-ssleay-perl:amd64.
2026-04-23T21:49:48.0700551Z Preparing to unpack .../313-libnet-ssleay-perl_1.92-2+b1_amd64.deb ...
2026-04-23T21:49:48.0706967Z Unpacking libnet-ssleay-perl:amd64 (1.92-2+b1) ...
2026-04-23T21:49:48.1032050Z Selecting previously unselected package libio-socket-ssl-perl.
2026-04-23T21:49:48.1049731Z Preparing to unpack .../314-libio-socket-ssl-perl_2.081-2_all.deb ...
2026-04-23T21:49:48.1056624Z Unpacking libio-socket-ssl-perl (2.081-2) ...
2026-04-23T21:49:48.1300658Z Selecting previously unselected package libio-stringy-perl.
2026-04-23T21:49:48.1318801Z Preparing to unpack .../315-libio-stringy-perl_2.111-3_all.deb ...
2026-04-23T21:49:48.1326299Z Unpacking libio-stringy-perl (2.111-3) ...
2026-04-23T21:49:48.1462326Z Selecting previously unselected package libjs-async.
2026-04-23T21:49:48.1480526Z Preparing to unpack .../316-libjs-async_0.8.0-6_all.deb ...
2026-04-23T21:49:48.1486671Z Unpacking libjs-async (0.8.0-6) ...
2026-04-23T21:49:48.1606610Z Selecting previously unselected package libjs-events.
2026-04-23T21:49:48.1624625Z Preparing to unpack .../317-libjs-events_3.3.0+~3.0.0-3_all.deb ...
2026-04-23T21:49:48.1630929Z Unpacking libjs-events (3.3.0+~3.0.0-3) ...
2026-04-23T21:49:48.1741421Z Selecting previously unselected package libjs-is-typedarray.
2026-04-23T21:49:48.1759111Z Preparing to unpack .../318-libjs-is-typedarray_1.0.0-4_all.deb ...
2026-04-23T21:49:48.1765504Z Unpacking libjs-is-typedarray (1.0.0-4) ...
2026-04-23T21:49:48.1866405Z Selecting previously unselected package libjs-prettify.
2026-04-23T21:49:48.1884467Z Preparing to unpack .../319-libjs-prettify_2015.12.04+dfsg-1.1_all.deb ...
2026-04-23T21:49:48.1890574Z Unpacking libjs-prettify (2015.12.04+dfsg-1.1) ...
2026-04-23T21:49:48.2042869Z Selecting previously unselected package libjs-sprintf-js.
2026-04-23T21:49:48.2060645Z Preparing to unpack .../320-libjs-sprintf-js_1.1.2+ds1+~1.1.2-1_all.deb ...
2026-04-23T21:49:48.2067700Z Unpacking libjs-sprintf-js (1.1.2+ds1+~1.1.2-1) ...
2026-04-23T21:49:48.2177764Z Selecting previously unselected package libjs-typedarray-to-buffer.
2026-04-23T21:49:48.2195205Z Preparing to unpack .../321-libjs-typedarray-to-buffer_4.0.0-2_all.deb ...
2026-04-23T21:49:48.2201914Z Unpacking libjs-typedarray-to-buffer (4.0.0-2) ...
2026-04-23T21:49:48.2329370Z Selecting previously unselected package node-lodash-packages.
2026-04-23T21:49:48.2346750Z Preparing to unpack .../322-node-lodash-packages_4.17.21+dfsg+~cs8.31.198.20210220-9_all.deb ...
2026-04-23T21:49:48.2353747Z Unpacking node-lodash-packages (4.17.21+dfsg+~cs8.31.198.20210220-9) ...
2026-04-23T21:49:48.3991125Z Selecting previously unselected package node-function-bind.
2026-04-23T21:49:48.4015605Z Preparing to unpack .../323-node-function-bind_1.1.1+repacked+~1.0.3-2_all.deb ...
2026-04-23T21:49:48.4023498Z Unpacking node-function-bind (1.1.1+repacked+~1.0.3-2) ...
2026-04-23T21:49:48.4132256Z Selecting previously unselected package node-object-inspect.
2026-04-23T21:49:48.4152156Z Preparing to unpack .../324-node-object-inspect_1.12.2+~cs1.8.1-1_all.deb ...
2026-04-23T21:49:48.4158781Z Unpacking node-object-inspect (1.12.2+~cs1.8.1-1) ...
2026-04-23T21:49:48.4309699Z Selecting previously unselected package node-es-abstract.
2026-04-23T21:49:48.4327570Z Preparing to unpack .../325-node-es-abstract_1.20.4+~cs26.27.47-1_all.deb ...
2026-04-23T21:49:48.4334281Z Unpacking node-es-abstract (1.20.4+~cs26.27.47-1) ...
2026-04-23T21:49:48.5899262Z Selecting previously unselected package node-resolve.
2026-04-23T21:49:48.5926089Z Preparing to unpack .../326-node-resolve_1.22.1+~cs5.31.10-1_all.deb ...
2026-04-23T21:49:48.5932785Z Unpacking node-resolve (1.22.1+~cs5.31.10-1) ...
2026-04-23T21:49:48.6081984Z Selecting previously unselected package node-define-properties.
2026-04-23T21:49:48.6103286Z Preparing to unpack .../327-node-define-properties_1.1.4+~1.1.3-1_all.deb ...
2026-04-23T21:49:48.6110372Z Unpacking node-define-properties (1.1.4+~1.1.3-1) ...
2026-04-23T21:49:48.6216398Z Selecting previously unselected package node-debbundle-es-to-primitive.
2026-04-23T21:49:48.6236059Z Preparing to unpack .../328-node-debbundle-es-to-primitive_1.2.1+~cs9.7.25-2_all.deb ...
2026-04-23T21:49:48.6246608Z Unpacking node-debbundle-es-to-primitive (1.2.1+~cs9.7.25-2) ...
2026-04-23T21:49:48.6414963Z Selecting previously unselected package node-defined.
2026-04-23T21:49:48.6433728Z Preparing to unpack .../329-node-defined_1.0.1+~1.0.0-1_all.deb ...
2026-04-23T21:49:48.6441154Z Unpacking node-defined (1.0.1+~1.0.0-1) ...
2026-04-23T21:49:48.6546547Z Selecting previously unselected package node-abbrev.
2026-04-23T21:49:48.6565450Z Preparing to unpack .../330-node-abbrev_1.1.1+~1.1.2-1_all.deb ...
2026-04-23T21:49:48.6580294Z Unpacking node-abbrev (1.1.1+~1.1.2-1) ...
2026-04-23T21:49:48.6683522Z Selecting previously unselected package node-archy.
2026-04-23T21:49:48.6701779Z Preparing to unpack .../331-node-archy_1.0.0-6_all.deb ...
2026-04-23T21:49:48.6708147Z Unpacking node-archy (1.0.0-6) ...
2026-04-23T21:49:48.6810525Z Selecting previously unselected package node-async.
2026-04-23T21:49:48.6829239Z Preparing to unpack .../332-node-async_0.8.0-6_all.deb ...
2026-04-23T21:49:48.6835446Z Unpacking node-async (0.8.0-6) ...
2026-04-23T21:49:48.6936504Z Selecting previously unselected package node-convert-source-map.
2026-04-23T21:49:48.6954999Z Preparing to unpack .../333-node-convert-source-map_1.9.0+~1.5.2-1_all.deb ...
2026-04-23T21:49:48.6961468Z Unpacking node-convert-source-map (1.9.0+~1.5.2-1) ...
2026-04-23T21:49:48.7071882Z Selecting previously unselected package node-decamelize.
2026-04-23T21:49:48.7090233Z Preparing to unpack .../334-node-decamelize_4.0.0-2_all.deb ...
2026-04-23T21:49:48.7096666Z Unpacking node-decamelize (4.0.0-2) ...
2026-04-23T21:49:48.7265618Z Selecting previously unselected package node-es6-error.
2026-04-23T21:49:48.7284183Z Preparing to unpack .../335-node-es6-error_4.1.1-5_all.deb ...
2026-04-23T21:49:48.7290048Z Unpacking node-es6-error (4.1.1-5) ...
2026-04-23T21:49:48.7403779Z Selecting previously unselected package node-esprima.
2026-04-23T21:49:48.7422647Z Preparing to unpack .../336-node-esprima_4.0.1+ds+~4.0.3-2_all.deb ...
2026-04-23T21:49:48.7480584Z Unpacking node-esprima (4.0.1+ds+~4.0.3-2) ...
2026-04-23T21:49:48.7632444Z Selecting previously unselected package node-escodegen.
2026-04-23T21:49:48.7650983Z Preparing to unpack .../337-node-escodegen_2.0.0+dfsg+~0.0.7-2_all.deb ...
2026-04-23T21:49:48.7657316Z Unpacking node-escodegen (2.0.0+dfsg+~0.0.7-2) ...
2026-04-23T21:49:48.7778741Z Selecting previously unselected package node-commondir.
2026-04-23T21:49:48.7797082Z Preparing to unpack .../338-node-commondir_1.0.1+~1.0.0-1_all.deb ...
2026-04-23T21:49:48.7803173Z Unpacking node-commondir (1.0.1+~1.0.0-1) ...
2026-04-23T21:49:48.7905322Z Selecting previously unselected package node-is-number.
2026-04-23T21:49:48.7923672Z Preparing to unpack .../339-node-is-number_7.0.0-4_all.deb ...
2026-04-23T21:49:48.7930305Z Unpacking node-is-number (7.0.0-4) ...
2026-04-23T21:49:48.8040684Z Selecting previously unselected package node-repeat-string.
2026-04-23T21:49:48.8059205Z Preparing to unpack .../340-node-repeat-string_1.6.1+repack-1_all.deb ...
2026-04-23T21:49:48.8066404Z Unpacking node-repeat-string (1.6.1+repack-1) ...
2026-04-23T21:49:48.8166905Z Selecting previously unselected package node-to-regex-range.
2026-04-23T21:49:48.8185812Z Preparing to unpack .../341-node-to-regex-range_5.0.1-4_all.deb ...
2026-04-23T21:49:48.8192127Z Unpacking node-to-regex-range (5.0.1-4) ...
2026-04-23T21:49:48.8296653Z Selecting previously unselected package node-fill-range.
2026-04-23T21:49:48.8314419Z Preparing to unpack .../342-node-fill-range_7.0.1+~7.0.0-1_all.deb ...
2026-04-23T21:49:48.8320824Z Unpacking node-fill-range (7.0.1+~7.0.0-1) ...
2026-04-23T21:49:48.8425523Z Selecting previously unselected package node-braces.
2026-04-23T21:49:48.8443686Z Preparing to unpack .../343-node-braces_3.0.2+~3.0.1-1_all.deb ...
2026-04-23T21:49:48.8450478Z Unpacking node-braces (3.0.2+~3.0.1-1) ...
2026-04-23T21:49:48.8570608Z Selecting previously unselected package node-normalize-path.
2026-04-23T21:49:48.8589140Z Preparing to unpack .../344-node-normalize-path_3.0.0+~3.0.0-1_all.deb ...
2026-04-23T21:49:48.8595195Z Unpacking node-normalize-path (3.0.0+~3.0.0-1) ...
2026-04-23T21:49:48.8697687Z Selecting previously unselected package node-anymatch.
2026-04-23T21:49:48.8716287Z Preparing to unpack .../345-node-anymatch_3.1.3+~cs4.6.1-2_all.deb ...
2026-04-23T21:49:48.8722143Z Unpacking node-anymatch (3.1.3+~cs4.6.1-2) ...
2026-04-23T21:49:48.8850327Z Selecting previously unselected package node-micromatch.
2026-04-23T21:49:48.8868974Z Preparing to unpack .../346-node-micromatch_4.0.5+~4.0.2-1_all.deb ...
2026-04-23T21:49:48.8875560Z Unpacking node-micromatch (4.0.5+~4.0.2-1) ...
2026-04-23T21:49:48.9001775Z Selecting previously unselected package node-pify.
2026-04-23T21:49:48.9021069Z Preparing to unpack .../347-node-pify_5.0.0+~cs5.0.1-1_all.deb ...
2026-04-23T21:49:48.9026735Z Unpacking node-pify (5.0.0+~cs5.0.1-1) ...
2026-04-23T21:49:48.9131454Z Selecting previously unselected package node-path-type.
2026-04-23T21:49:48.9151224Z Preparing to unpack .../348-node-path-type_4.0.0-3_all.deb ...
2026-04-23T21:49:48.9157822Z Unpacking node-path-type (4.0.0-3) ...
2026-04-23T21:49:48.9257181Z Selecting previously unselected package node-n3.
2026-04-23T21:49:48.9277348Z Preparing to unpack .../349-node-n3_1.16.3+~1.2.3+~1.10.4-1_all.deb ...
2026-04-23T21:49:48.9284428Z Unpacking node-n3 (1.16.3+~1.2.3+~1.10.4-1) ...
2026-04-23T21:49:48.9417717Z Selecting previously unselected package node-slash.
2026-04-23T21:49:48.9436897Z Preparing to unpack .../350-node-slash_4.0.0-3_all.deb ...
2026-04-23T21:49:48.9443022Z Unpacking node-slash (4.0.0-3) ...
2026-04-23T21:49:48.9543313Z Selecting previously unselected package node-globby.
2026-04-23T21:49:48.9562887Z Preparing to unpack .../351-node-globby_13.1.3+~cs16.25.40-1+deb12u1_all.deb ...
2026-04-23T21:49:48.9570783Z Unpacking node-globby (13.1.3+~cs16.25.40-1+deb12u1) ...
2026-04-23T21:49:48.9803722Z Selecting previously unselected package node-graceful-fs.
2026-04-23T21:49:48.9824445Z Preparing to unpack .../352-node-graceful-fs_4.2.10-1_all.deb ...
2026-04-23T21:49:48.9829904Z Unpacking node-graceful-fs (4.2.10-1) ...
2026-04-23T21:49:48.9943252Z Selecting previously unselected package node-is-path-cwd.
2026-04-23T21:49:48.9962778Z Preparing to unpack .../353-node-is-path-cwd_2.2.0-2_all.deb ...
2026-04-23T21:49:48.9969228Z Unpacking node-is-path-cwd (2.2.0-2) ...
2026-04-23T21:49:49.0071887Z Selecting previously unselected package node-path-is-inside.
2026-04-23T21:49:49.0090883Z Preparing to unpack .../354-node-path-is-inside_1.0.2+~1.0.0-1_all.deb ...
2026-04-23T21:49:49.0098480Z Unpacking node-path-is-inside (1.0.2+~1.0.0-1) ...
2026-04-23T21:49:49.0202994Z Selecting previously unselected package node-is-path-inside.
2026-04-23T21:49:49.0221961Z Preparing to unpack .../355-node-is-path-inside_3.0.3-2_all.deb ...
2026-04-23T21:49:49.0228246Z Unpacking node-is-path-inside (3.0.3-2) ...
2026-04-23T21:49:49.0331373Z Selecting previously unselected package node-escape-string-regexp.
2026-04-23T21:49:49.0350662Z Preparing to unpack .../356-node-escape-string-regexp_4.0.0-2_all.deb ...
2026-04-23T21:49:49.0356332Z Unpacking node-escape-string-regexp (4.0.0-2) ...
2026-04-23T21:49:49.0469336Z Selecting previously unselected package node-indent-string.
2026-04-23T21:49:49.0488783Z Preparing to unpack .../357-node-indent-string_4.0.0-2_all.deb ...
2026-04-23T21:49:49.0496618Z Unpacking node-indent-string (4.0.0-2) ...
2026-04-23T21:49:49.0597932Z Selecting previously unselected package node-p-map.
2026-04-23T21:49:49.0616000Z Preparing to unpack .../358-node-p-map_4.0.0+~3.1.0+~3.0.1-1_all.deb ...
2026-04-23T21:49:49.0622185Z Unpacking node-p-map (4.0.0+~3.1.0+~3.0.1-1) ...
2026-04-23T21:49:49.0730292Z Selecting previously unselected package node-del.
2026-04-23T21:49:49.0749022Z Preparing to unpack .../359-node-del_7.0.0-5_all.deb ...
2026-04-23T21:49:49.0755080Z Unpacking node-del (7.0.0-5) ...
2026-04-23T21:49:49.0858902Z Selecting previously unselected package node-make-dir.
2026-04-23T21:49:49.0878078Z Preparing to unpack .../360-node-make-dir_3.1.0-3_all.deb ...
2026-04-23T21:49:49.0884505Z Unpacking node-make-dir (3.1.0-3) ...
2026-04-23T21:49:49.0989086Z Selecting previously unselected package node-p-limit.
2026-04-23T21:49:49.1008225Z Preparing to unpack .../361-node-p-limit_4.0.0+~cs4.0.0-5_all.deb ...
2026-04-23T21:49:49.1028113Z Unpacking node-p-limit (4.0.0+~cs4.0.0-5) ...
2026-04-23T21:49:49.1137756Z Selecting previously unselected package node-p-locate.
2026-04-23T21:49:49.1157786Z Preparing to unpack .../362-node-p-locate_6.0.0-12_all.deb ...
2026-04-23T21:49:49.1163788Z Unpacking node-p-locate (6.0.0-12) ...
2026-04-23T21:49:49.1267526Z Selecting previously unselected package node-locate-path.
2026-04-23T21:49:49.1286443Z Preparing to unpack .../363-node-locate-path_7.1.1-2_all.deb ...
2026-04-23T21:49:49.1292214Z Unpacking node-locate-path (7.1.1-2) ...
2026-04-23T21:49:49.1393298Z Selecting previously unselected package node-path-exists.
2026-04-23T21:49:49.1411756Z Preparing to unpack .../364-node-path-exists_5.0.0-8_all.deb ...
2026-04-23T21:49:49.1417183Z Unpacking node-path-exists (5.0.0-8) ...
2026-04-23T21:49:49.1519838Z Selecting previously unselected package node-find-up.
2026-04-23T21:49:49.1537857Z Preparing to unpack .../365-node-find-up_6.3.0-7_all.deb ...
2026-04-23T21:49:49.1545100Z Unpacking node-find-up (6.3.0-7) ...
2026-04-23T21:49:49.1651377Z Selecting previously unselected package node-pkg-dir.
2026-04-23T21:49:49.1670025Z Preparing to unpack .../366-node-pkg-dir_5.0.0-2_all.deb ...
2026-04-23T21:49:49.1676826Z Unpacking node-pkg-dir (5.0.0-2) ...
2026-04-23T21:49:49.1775675Z Selecting previously unselected package node-find-cache-dir.
2026-04-23T21:49:49.1792960Z Preparing to unpack .../367-node-find-cache-dir_3.3.2+~3.2.1-1_all.deb ...
2026-04-23T21:49:49.1799172Z Unpacking node-find-cache-dir (3.3.2+~3.2.1-1) ...
2026-04-23T21:49:49.1900616Z Selecting previously unselected package node-signal-exit.
2026-04-23T21:49:49.1918553Z Preparing to unpack .../368-node-signal-exit_3.0.7+~3.0.1-1_all.deb ...
2026-04-23T21:49:49.1925886Z Unpacking node-signal-exit (3.0.7+~3.0.1-1) ...
2026-04-23T21:49:49.2045381Z Selecting previously unselected package node-foreground-child.
2026-04-23T21:49:49.2063804Z Preparing to unpack .../369-node-foreground-child_2.0.0-5_all.deb ...
2026-04-23T21:49:49.2069565Z Unpacking node-foreground-child (2.0.0-5) ...
2026-04-23T21:49:49.2170939Z Selecting previously unselected package node-is-stream.
2026-04-23T21:49:49.2189460Z Preparing to unpack .../370-node-is-stream_3.0.0-4_all.deb ...
2026-04-23T21:49:49.2195011Z Unpacking node-is-stream (3.0.0-4) ...
2026-04-23T21:49:49.2296622Z Selecting previously unselected package node-is-windows.
2026-04-23T21:49:49.2315513Z Preparing to unpack .../371-node-is-windows_1.0.2+~cs1.0.0-1_all.deb ...
2026-04-23T21:49:49.2321464Z Unpacking node-is-windows (1.0.2+~cs1.0.0-1) ...
2026-04-23T21:49:49.2456936Z Selecting previously unselected package node-sprintf-js.
2026-04-23T21:49:49.2474944Z Preparing to unpack .../372-node-sprintf-js_1.1.2+ds1+~1.1.2-1_all.deb ...
2026-04-23T21:49:49.2511850Z Unpacking node-sprintf-js (1.1.2+ds1+~1.1.2-1) ...
2026-04-23T21:49:49.2613441Z Selecting previously unselected package node-argparse.
2026-04-23T21:49:49.2631994Z Preparing to unpack .../373-node-argparse_2.0.1-2_all.deb ...
2026-04-23T21:49:49.2638508Z Unpacking node-argparse (2.0.1-2) ...
2026-04-23T21:49:49.2757159Z Selecting previously unselected package node-js-yaml.
2026-04-23T21:49:49.2775636Z Preparing to unpack .../374-node-js-yaml_4.1.0+dfsg+~4.0.5-7_all.deb ...
2026-04-23T21:49:49.2782144Z Unpacking node-js-yaml (4.1.0+dfsg+~4.0.5-7) ...
2026-04-23T21:49:49.2944083Z Selecting previously unselected package node-nopt.
2026-04-23T21:49:49.2962980Z Preparing to unpack .../375-node-nopt_5.0.0-4_all.deb ...
2026-04-23T21:49:49.2969733Z Unpacking node-nopt (5.0.0-4) ...
2026-04-23T21:49:49.3079751Z Selecting previously unselected package node-npm-run-path.
2026-04-23T21:49:49.3099583Z Preparing to unpack .../376-node-npm-run-path_5.1.0+~4.0.0-8_all.deb ...
2026-04-23T21:49:49.3106310Z Unpacking node-npm-run-path (5.1.0+~4.0.0-8) ...
2026-04-23T21:49:49.3214996Z Selecting previously unselected package node-shebang-regex.
2026-04-23T21:49:49.3234082Z Preparing to unpack .../377-node-shebang-regex_3.0.0-2_all.deb ...
2026-04-23T21:49:49.3240816Z Unpacking node-shebang-regex (3.0.0-2) ...
2026-04-23T21:49:49.3340691Z Selecting previously unselected package node-shebang-command.
2026-04-23T21:49:49.3359682Z Preparing to unpack .../378-node-shebang-command_2.0.0-1_all.deb ...
2026-04-23T21:49:49.3366312Z Unpacking node-shebang-command (2.0.0-1) ...
2026-04-23T21:49:49.3466795Z Selecting previously unselected package node-strip-bom.
2026-04-23T21:49:49.3485305Z Preparing to unpack .../379-node-strip-bom_4.0.0-2_all.deb ...
2026-04-23T21:49:49.3492001Z Unpacking node-strip-bom (4.0.0-2) ...
2026-04-23T21:49:49.3604658Z Selecting previously unselected package node-has-flag.
2026-04-23T21:49:49.3623224Z Preparing to unpack .../380-node-has-flag_4.0.0-3_all.deb ...
2026-04-23T21:49:49.3629326Z Unpacking node-has-flag (4.0.0-3) ...
2026-04-23T21:49:49.3728696Z Selecting previously unselected package node-supports-color.
2026-04-23T21:49:49.3747818Z Preparing to unpack .../381-node-supports-color_8.1.1+~8.1.1-1_all.deb ...
2026-04-23T21:49:49.3753431Z Unpacking node-supports-color (8.1.1+~8.1.1-1) ...
2026-04-23T21:49:49.3860827Z Selecting previously unselected package node-util.
2026-04-23T21:49:49.3879042Z Preparing to unpack .../382-node-util_0.12.5+~1.0.10-1_all.deb ...
2026-04-23T21:49:49.3885274Z Unpacking node-util (0.12.5+~1.0.10-1) ...
2026-04-23T21:49:49.4011847Z Selecting previously unselected package node-assert.
2026-04-23T21:49:49.4030713Z Preparing to unpack .../383-node-assert_2.0.0+~cs3.9.8-2_all.deb ...
2026-04-23T21:49:49.4038213Z Unpacking node-assert (2.0.0+~cs3.9.8-2) ...
2026-04-23T21:49:49.4173380Z Selecting previously unselected package node-ampproject-remapping.
2026-04-23T21:49:49.4191936Z Preparing to unpack .../384-node-ampproject-remapping_2.2.0+~cs5.15.37-1_all.deb ...
2026-04-23T21:49:49.4198079Z Unpacking node-ampproject-remapping (2.2.0+~cs5.15.37-1) ...
2026-04-23T21:49:49.4388020Z Selecting previously unselected package node-babel-plugin-add-module-exports.
2026-04-23T21:49:49.4405945Z Preparing to unpack .../385-node-babel-plugin-add-module-exports_1.0.4+dfsg1~cs5.8.0-4_all.deb ...
2026-04-23T21:49:49.4412080Z Unpacking node-babel-plugin-add-module-exports (1.0.4+dfsg1~cs5.8.0-4) ...
2026-04-23T21:49:49.4517611Z Selecting previously unselected package node-regenerator-runtime.
2026-04-23T21:49:49.4535725Z Preparing to unpack .../386-node-regenerator-runtime_0.15.1+~0.10.8-1_all.deb ...
2026-04-23T21:49:49.4541275Z Unpacking node-regenerator-runtime (0.15.1+~0.10.8-1) ...
2026-04-23T21:49:49.4648583Z Selecting previously unselected package node-babel7-runtime.
2026-04-23T21:49:49.4666944Z Preparing to unpack .../387-node-babel7-runtime_7.20.15+ds1+~cs214.269.168-3+deb12u2_all.deb ...
2026-04-23T21:49:49.4673077Z Unpacking node-babel7-runtime (7.20.15+ds1+~cs214.269.168-3+deb12u2) ...
2026-04-23T21:49:49.4988640Z Selecting previously unselected package node-babel-helper-define-polyfill-provider.
2026-04-23T21:49:49.5010285Z Preparing to unpack .../388-node-babel-helper-define-polyfill-provider_0.3.3~0~20220913+ds1-1_all.deb ...
2026-04-23T21:49:49.5016945Z Unpacking node-babel-helper-define-polyfill-provider (0.3.3~0~20220913+ds1-1) ...
2026-04-23T21:49:49.5145847Z Selecting previously unselected package node-babel-plugin-polyfill-corejs2.
2026-04-23T21:49:49.5166761Z Preparing to unpack .../389-node-babel-plugin-polyfill-corejs2_0.3.3~0~20220913+ds1-1_all.deb ...
2026-04-23T21:49:49.5173250Z Unpacking node-babel-plugin-polyfill-corejs2 (0.3.3~0~20220913+ds1-1) ...
2026-04-23T21:49:49.5299005Z Selecting previously unselected package node-caniuse-lite.
2026-04-23T21:49:49.5320939Z Preparing to unpack .../390-node-caniuse-lite_1.0.30001436+dfsg+~1.0.1-1_all.deb ...
2026-04-23T21:49:49.5328350Z Unpacking node-caniuse-lite (1.0.30001436+dfsg+~1.0.1-1) ...
2026-04-23T21:49:49.6108924Z Selecting previously unselected package node-electron-to-chromium.
2026-04-23T21:49:49.6132837Z Preparing to unpack .../391-node-electron-to-chromium_1.4.284-1_all.deb ...
2026-04-23T21:49:49.6139829Z Unpacking node-electron-to-chromium (1.4.284-1) ...
2026-04-23T21:49:49.6265891Z Selecting previously unselected package node-picocolors.
2026-04-23T21:49:49.6287889Z Preparing to unpack .../392-node-picocolors_1.0.0-4_all.deb ...
2026-04-23T21:49:49.6294331Z Unpacking node-picocolors (1.0.0-4) ...
2026-04-23T21:49:49.6398540Z Selecting previously unselected package node-browserslist.
2026-04-23T21:49:49.6418607Z Preparing to unpack .../393-node-browserslist_4.21.4+~cs6.1.17-2_all.deb ...
2026-04-23T21:49:49.6424497Z Unpacking node-browserslist (4.21.4+~cs6.1.17-2) ...
2026-04-23T21:49:49.6597592Z Selecting previously unselected package node-core-js-compat.
2026-04-23T21:49:49.6617683Z Preparing to unpack .../394-node-core-js-compat_3.26.1-3_all.deb ...
2026-04-23T21:49:49.6623741Z Unpacking node-core-js-compat (3.26.1-3) ...
2026-04-23T21:49:49.6773906Z Selecting previously unselected package node-babel-plugin-polyfill-corejs3.
2026-04-23T21:49:49.6793624Z Preparing to unpack .../395-node-babel-plugin-polyfill-corejs3_0.6.0~0~20220913+ds1-1_all.deb ...
2026-04-23T21:49:49.6799565Z Unpacking node-babel-plugin-polyfill-corejs3 (0.6.0~0~20220913+ds1-1) ...
2026-04-23T21:49:49.6943303Z Selecting previously unselected package node-babel-plugin-polyfill-regenerator.
2026-04-23T21:49:49.6962663Z Preparing to unpack .../396-node-babel-plugin-polyfill-regenerator_0.4.1~0~20220913+ds1-1_all.deb ...
2026-04-23T21:49:49.6969155Z Unpacking node-babel-plugin-polyfill-regenerator (0.4.1~0~20220913+ds1-1) ...
2026-04-23T21:49:49.7072111Z Selecting previously unselected package node-color-name.
2026-04-23T21:49:49.7091268Z Preparing to unpack .../397-node-color-name_1.1.4+~1.1.1-2_all.deb ...
2026-04-23T21:49:49.7096921Z Unpacking node-color-name (1.1.4+~1.1.1-2) ...
2026-04-23T21:49:49.7199357Z Selecting previously unselected package node-color-convert.
2026-04-23T21:49:49.7218623Z Preparing to unpack .../398-node-color-convert_2.0.1+~cs2.0.0-2_all.deb ...
2026-04-23T21:49:49.7227238Z Unpacking node-color-convert (2.0.1+~cs2.0.0-2) ...
2026-04-23T21:49:49.7337631Z Selecting previously unselected package node-ansi-styles.
2026-04-23T21:49:49.7356591Z Preparing to unpack .../399-node-ansi-styles_6.2.1-2_all.deb ...
2026-04-23T21:49:49.7362364Z Unpacking node-ansi-styles (6.2.1-2) ...
2026-04-23T21:49:49.7467667Z Selecting previously unselected package node-chalk.
2026-04-23T21:49:49.7486119Z Preparing to unpack .../400-node-chalk_5.2.0-1_all.deb ...
2026-04-23T21:49:49.7494090Z Unpacking node-chalk (5.2.0-1) ...
2026-04-23T21:49:49.7615645Z Selecting previously unselected package node-for-in.
2026-04-23T21:49:49.7634209Z Preparing to unpack .../401-node-for-in_1.0.2-4_all.deb ...
2026-04-23T21:49:49.7639830Z Unpacking node-for-in (1.0.2-4) ...
2026-04-23T21:49:49.7740188Z Selecting previously unselected package node-for-own.
2026-04-23T21:49:49.7758782Z Preparing to unpack .../402-node-for-own_1.0.0-3_all.deb ...
2026-04-23T21:49:49.7764682Z Unpacking node-for-own (1.0.0-3) ...
2026-04-23T21:49:49.7864490Z Selecting previously unselected package node-is-plain-object.
2026-04-23T21:49:49.7882956Z Preparing to unpack .../403-node-is-plain-object_5.0.0-7_all.deb ...
2026-04-23T21:49:49.7890038Z Unpacking node-is-plain-object (5.0.0-7) ...
2026-04-23T21:49:49.7995610Z Selecting previously unselected package node-is-extendable.
2026-04-23T21:49:49.8014810Z Preparing to unpack .../404-node-is-extendable_1.0.1-3_all.deb ...
2026-04-23T21:49:49.8022490Z Unpacking node-is-extendable (1.0.1-3) ...
2026-04-23T21:49:49.8122707Z Selecting previously unselected package node-clone-deep.
2026-04-23T21:49:49.8141121Z Preparing to unpack .../405-node-clone-deep_4.0.1+~cs7.0.2-1_all.deb ...
2026-04-23T21:49:49.8147209Z Unpacking node-clone-deep (4.0.1+~cs7.0.2-1) ...
2026-04-23T21:49:49.8256947Z Selecting previously unselected package node-commander.
2026-04-23T21:49:49.8276774Z Preparing to unpack .../406-node-commander_9.4.1-1_all.deb ...
2026-04-23T21:49:49.8282016Z Unpacking node-commander (9.4.1-1) ...
2026-04-23T21:49:49.8504486Z Selecting previously unselected package node-core-js.
2026-04-23T21:49:49.8524429Z Preparing to unpack .../407-node-core-js_3.26.1-3_all.deb ...
2026-04-23T21:49:49.8529865Z Unpacking node-core-js (3.26.1-3) ...
2026-04-23T21:49:50.0780400Z Selecting previously unselected package node-core-js-pure.
2026-04-23T21:49:50.0812940Z Preparing to unpack .../408-node-core-js-pure_3.26.1-3_all.deb ...
2026-04-23T21:49:50.0819468Z Unpacking node-core-js-pure (3.26.1-3) ...
2026-04-23T21:49:50.3009806Z Selecting previously unselected package node-fs-readdir-recursive.
2026-04-23T21:49:50.3043171Z Preparing to unpack .../409-node-fs-readdir-recursive_1.1.0+~1.1.0-1_all.deb ...
2026-04-23T21:49:50.3069165Z Unpacking node-fs-readdir-recursive (1.1.0+~1.1.0-1) ...
2026-04-23T21:49:50.3178792Z Selecting previously unselected package node-js-tokens.
2026-04-23T21:49:50.3204391Z Preparing to unpack .../410-node-js-tokens_8.0.0-2_all.deb ...
2026-04-23T21:49:50.3210710Z Unpacking node-js-tokens (8.0.0-2) ...
2026-04-23T21:49:50.3325102Z Selecting previously unselected package node-jsesc.
2026-04-23T21:49:50.3348661Z Preparing to unpack .../411-node-jsesc_3.0.2+~3.0.1-1_all.deb ...
2026-04-23T21:49:50.3355251Z Unpacking node-jsesc (3.0.2+~3.0.1-1) ...
2026-04-23T21:49:50.3475299Z Selecting previously unselected package node-json5.
2026-04-23T21:49:50.3498697Z Preparing to unpack .../412-node-json5_2.2.3+dfsg-1_all.deb ...
2026-04-23T21:49:50.3504926Z Unpacking node-json5 (2.2.3+dfsg-1) ...
2026-04-23T21:49:50.3630850Z Selecting previously unselected package node-quick-lru.
2026-04-23T21:49:50.3654624Z Preparing to unpack .../413-node-quick-lru_6.1.1-4_all.deb ...
2026-04-23T21:49:50.3660862Z Unpacking node-quick-lru (6.1.1-4) ...
2026-04-23T21:49:50.3768396Z Selecting previously unselected package node-regenerator-transform.
2026-04-23T21:49:50.3791562Z Preparing to unpack .../414-node-regenerator-transform_0.15.1+~0.10.8-1_all.deb ...
2026-04-23T21:49:50.3798314Z Unpacking node-regenerator-transform (0.15.1+~0.10.8-1) ...
2026-04-23T21:49:50.3924953Z Selecting previously unselected package node-regjsgen.
2026-04-23T21:49:50.3948544Z Preparing to unpack .../415-node-regjsgen_0.7.1+ds-1_all.deb ...
2026-04-23T21:49:50.3955214Z Unpacking node-regjsgen (0.7.1+ds-1) ...
2026-04-23T21:49:50.4074855Z Selecting previously unselected package node-regjsparser.
2026-04-23T21:49:50.4098035Z Preparing to unpack .../416-node-regjsparser_0.9.1+ds-2_all.deb ...
2026-04-23T21:49:50.4104436Z Unpacking node-regjsparser (0.9.1+ds-2) ...
2026-04-23T21:49:50.4227946Z Selecting previously unselected package node-unicode-canonical-property-names-ecmascript.
2026-04-23T21:49:50.4250635Z Preparing to unpack .../417-node-unicode-canonical-property-names-ecmascript_2.0.0-2_all.deb ...
2026-04-23T21:49:50.4258024Z Unpacking node-unicode-canonical-property-names-ecmascript (2.0.0-2) ...
2026-04-23T21:49:50.4365292Z Selecting previously unselected package node-unicode-property-aliases-ecmascript.
2026-04-23T21:49:50.4388594Z Preparing to unpack .../418-node-unicode-property-aliases-ecmascript_2.1.0+ds-1_all.deb ...
2026-04-23T21:49:50.4457020Z Unpacking node-unicode-property-aliases-ecmascript (2.1.0+ds-1) ...
2026-04-23T21:49:50.4578487Z Selecting previously unselected package node-unicode-match-property-ecmascript.
2026-04-23T21:49:50.4603388Z Preparing to unpack .../419-node-unicode-match-property-ecmascript_2.0.0-2_all.deb ...
2026-04-23T21:49:50.4609250Z Unpacking node-unicode-match-property-ecmascript (2.0.0-2) ...
2026-04-23T21:49:50.4722553Z Selecting previously unselected package node-unicode-match-property-value-ecmascript.
2026-04-23T21:49:50.4747584Z Preparing to unpack .../420-node-unicode-match-property-value-ecmascript_2.1.0+ds-1_all.deb ...
2026-04-23T21:49:50.4754276Z Unpacking node-unicode-match-property-value-ecmascript (2.1.0+ds-1) ...
2026-04-23T21:49:50.4877760Z Selecting previously unselected package node-regexpu-core.
2026-04-23T21:49:50.4901273Z Preparing to unpack .../421-node-regexpu-core_5.2.2-3_all.deb ...
2026-04-23T21:49:50.4907052Z Unpacking node-regexpu-core (5.2.2-3) ...
2026-04-23T21:49:50.5021063Z Selecting previously unselected package node-source-map-support.
2026-04-23T21:49:50.5043593Z Preparing to unpack .../422-node-source-map-support_0.5.21+ds+~0.5.4-1_all.deb ...
2026-04-23T21:49:50.5049342Z Unpacking node-source-map-support (0.5.21+ds+~0.5.4-1) ...
2026-04-23T21:49:50.5165033Z Selecting previously unselected package node-to-fast-properties.
2026-04-23T21:49:50.5188831Z Preparing to unpack .../423-node-to-fast-properties_3.0.1-3_all.deb ...
2026-04-23T21:49:50.5194576Z Unpacking node-to-fast-properties (3.0.1-3) ...
2026-04-23T21:49:50.5303766Z Selecting previously unselected package node-v8flags.
2026-04-23T21:49:50.5328320Z Preparing to unpack .../424-node-v8flags_3.2.0+~3.1.1-1_all.deb ...
2026-04-23T21:49:50.5333790Z Unpacking node-v8flags (3.2.0+~3.1.1-1) ...
2026-04-23T21:49:50.5489385Z Selecting previously unselected package node-babel7.
2026-04-23T21:49:50.5513277Z Preparing to unpack .../425-node-babel7_7.20.15+ds1+~cs214.269.168-3+deb12u2_all.deb ...
2026-04-23T21:49:50.5518579Z Unpacking node-babel7 (7.20.15+ds1+~cs214.269.168-3+deb12u2) ...
2026-04-23T21:49:50.7814586Z Selecting previously unselected package node-is-arrayish.
2026-04-23T21:49:50.7849745Z Preparing to unpack .../426-node-is-arrayish_0.3.2-3_all.deb ...
2026-04-23T21:49:50.7858341Z Unpacking node-is-arrayish (0.3.2-3) ...
2026-04-23T21:49:50.7970107Z Selecting previously unselected package node-error-ex.
2026-04-23T21:49:50.7997614Z Preparing to unpack .../427-node-error-ex_1.3.2-4_all.deb ...
2026-04-23T21:49:50.8005572Z Unpacking node-error-ex (1.3.2-4) ...
2026-04-23T21:49:50.8114587Z Selecting previously unselected package node-json-parse-better-errors.
2026-04-23T21:49:50.8141151Z Preparing to unpack .../428-node-json-parse-better-errors_1.0.2+~cs3.3.1-2_all.deb ...
2026-04-23T21:49:50.8147322Z Unpacking node-json-parse-better-errors (1.0.2+~cs3.3.1-2) ...
2026-04-23T21:49:50.8265624Z Selecting previously unselected package node-parse-json.
2026-04-23T21:49:50.8291658Z Preparing to unpack .../429-node-parse-json_5.2.0+~cs5.1.7-1_all.deb ...
2026-04-23T21:49:50.8297051Z Unpacking node-parse-json (5.2.0+~cs5.1.7-1) ...
2026-04-23T21:49:50.8409557Z Selecting previously unselected package node-hosted-git-info.
2026-04-23T21:49:50.8433784Z Preparing to unpack .../430-node-hosted-git-info_6.1.1-2_all.deb ...
2026-04-23T21:49:50.8440341Z Unpacking node-hosted-git-info (6.1.1-2) ...
2026-04-23T21:49:50.8550882Z Selecting previously unselected package node-spdx-license-ids.
2026-04-23T21:49:50.8574860Z Preparing to unpack .../431-node-spdx-license-ids_3.0.12-1_all.deb ...
2026-04-23T21:49:50.8580267Z Unpacking node-spdx-license-ids (3.0.12-1) ...
2026-04-23T21:49:50.8685678Z Selecting previously unselected package node-spdx-exceptions.
2026-04-23T21:49:50.8709773Z Preparing to unpack .../432-node-spdx-exceptions_2.3.0-2_all.deb ...
2026-04-23T21:49:50.8719360Z Unpacking node-spdx-exceptions (2.3.0-2) ...
2026-04-23T21:49:50.8827519Z Selecting previously unselected package node-spdx-expression-parse.
2026-04-23T21:49:50.8855289Z Preparing to unpack .../433-node-spdx-expression-parse_3.0.1+~3.0.1-1_all.deb ...
2026-04-23T21:49:50.8861564Z Unpacking node-spdx-expression-parse (3.0.1+~3.0.1-1) ...
2026-04-23T21:49:50.8982883Z Selecting previously unselected package node-spdx-correct.
2026-04-23T21:49:50.9010414Z Preparing to unpack .../434-node-spdx-correct_3.1.1-2_all.deb ...
2026-04-23T21:49:50.9017022Z Unpacking node-spdx-correct (3.1.1-2) ...
2026-04-23T21:49:50.9147747Z Selecting previously unselected package node-validate-npm-package-license.
2026-04-23T21:49:50.9174940Z Preparing to unpack .../435-node-validate-npm-package-license_3.0.4-2_all.deb ...
2026-04-23T21:49:50.9181122Z Unpacking node-validate-npm-package-license (3.0.4-2) ...
2026-04-23T21:49:50.9287061Z Selecting previously unselected package node-normalize-package-data.
2026-04-23T21:49:50.9313351Z Preparing to unpack .../436-node-normalize-package-data_4.0.1+~2.4.1-1_all.deb ...
2026-04-23T21:49:50.9319933Z Unpacking node-normalize-package-data (4.0.1+~2.4.1-1) ...
2026-04-23T21:49:50.9433491Z Selecting previously unselected package node-read-pkg.
2026-04-23T21:49:50.9457457Z Preparing to unpack .../437-node-read-pkg_5.2.0-2_all.deb ...
2026-04-23T21:49:50.9465497Z Unpacking node-read-pkg (5.2.0-2) ...
2026-04-23T21:49:50.9610050Z Selecting previously unselected package node-uuid.
2026-04-23T21:49:50.9634850Z Preparing to unpack .../438-node-uuid_8.3.2+~8.3.3-3_all.deb ...
2026-04-23T21:49:50.9640255Z Unpacking node-uuid (8.3.2+~8.3.3-3) ...
2026-04-23T21:49:50.9812534Z Selecting previously unselected package node-isexe.
2026-04-23T21:49:50.9837604Z Preparing to unpack .../439-node-isexe_2.0.0+~2.0.1-5_all.deb ...
2026-04-23T21:49:50.9846606Z Unpacking node-isexe (2.0.0+~2.0.1-5) ...
2026-04-23T21:49:50.9957479Z Selecting previously unselected package node-which.
2026-04-23T21:49:50.9982157Z Preparing to unpack .../440-node-which_2.0.2+~cs1.3.2-3_all.deb ...
2026-04-23T21:49:50.9989911Z Unpacking node-which (2.0.2+~cs1.3.2-3) ...
2026-04-23T21:49:51.0108597Z Selecting previously unselected package node-is-typedarray.
2026-04-23T21:49:51.0133554Z Preparing to unpack .../441-node-is-typedarray_1.0.0-4_all.deb ...
2026-04-23T21:49:51.0146509Z Unpacking node-is-typedarray (1.0.0-4) ...
2026-04-23T21:49:51.0248371Z Selecting previously unselected package node-typedarray-to-buffer.
2026-04-23T21:49:51.0272632Z Preparing to unpack .../442-node-typedarray-to-buffer_4.0.0-2_all.deb ...
2026-04-23T21:49:51.0278836Z Unpacking node-typedarray-to-buffer (4.0.0-2) ...
2026-04-23T21:49:51.0384221Z Selecting previously unselected package node-write-file-atomic.
2026-04-23T21:49:51.0408133Z Preparing to unpack .../443-node-write-file-atomic_4.0.2+~4.0.0-1_all.deb ...
2026-04-23T21:49:51.0413873Z Unpacking node-write-file-atomic (4.0.2+~4.0.0-1) ...
2026-04-23T21:49:51.0527617Z Selecting previously unselected package node-slice-ansi.
2026-04-23T21:49:51.0551341Z Preparing to unpack .../444-node-slice-ansi_5.0.0+~cs9.0.0-5_all.deb ...
2026-04-23T21:49:51.0557875Z Unpacking node-slice-ansi (5.0.0+~cs9.0.0-5) ...
2026-04-23T21:49:51.0673108Z Selecting previously unselected package node-ansi-regex.
2026-04-23T21:49:51.0697339Z Preparing to unpack .../445-node-ansi-regex_5.0.1-1_all.deb ...
2026-04-23T21:49:51.0703249Z Unpacking node-ansi-regex (5.0.1-1) ...
2026-04-23T21:49:51.0811105Z Selecting previously unselected package node-strip-ansi.
2026-04-23T21:49:51.0834595Z Preparing to unpack .../446-node-strip-ansi_6.0.1-2_all.deb ...
2026-04-23T21:49:51.0842077Z Unpacking node-strip-ansi (6.0.1-2) ...
2026-04-23T21:49:51.0949845Z Selecting previously unselected package node-clone.
2026-04-23T21:49:51.0974527Z Preparing to unpack .../447-node-clone_2.1.2-4_all.deb ...
2026-04-23T21:49:51.0982311Z Unpacking node-clone (2.1.2-4) ...
2026-04-23T21:49:51.1091649Z Selecting previously unselected package node-defaults.
2026-04-23T21:49:51.1116096Z Preparing to unpack .../448-node-defaults_1.0.4+~1.0.3-1_all.deb ...
2026-04-23T21:49:51.1122238Z Unpacking node-defaults (1.0.4+~1.0.3-1) ...
2026-04-23T21:49:51.1231999Z Selecting previously unselected package node-wcwidth.js.
2026-04-23T21:49:51.1256417Z Preparing to unpack .../449-node-wcwidth.js_1.0.2-2_all.deb ...
2026-04-23T21:49:51.1261905Z Unpacking node-wcwidth.js (1.0.2-2) ...
2026-04-23T21:49:51.1370622Z Selecting previously unselected package node-string-width.
2026-04-23T21:49:51.1394181Z Preparing to unpack .../450-node-string-width_4.2.3+~cs13.2.3-1_all.deb ...
2026-04-23T21:49:51.1399957Z Unpacking node-string-width (4.2.3+~cs13.2.3-1) ...
2026-04-23T21:49:51.1531285Z Selecting previously unselected package node-wrap-ansi.
2026-04-23T21:49:51.1555557Z Preparing to unpack .../451-node-wrap-ansi_8.0.1+~8.0.1-3_all.deb ...
2026-04-23T21:49:51.1560586Z Unpacking node-wrap-ansi (8.0.1+~8.0.1-3) ...
2026-04-23T21:49:51.1675292Z Selecting previously unselected package node-cliui.
2026-04-23T21:49:51.1699122Z Preparing to unpack .../452-node-cliui_7.0.4+repack+~cs3.1.0-4_all.deb ...
2026-04-23T21:49:51.1705565Z Unpacking node-cliui (7.0.4+repack+~cs3.1.0-4) ...
2026-04-23T21:49:51.1824551Z Selecting previously unselected package node-get-caller-file.
2026-04-23T21:49:51.1848435Z Preparing to unpack .../453-node-get-caller-file_2.0.5+~cs1.1.1-4_all.deb ...
2026-04-23T21:49:51.1854628Z Unpacking node-get-caller-file (2.0.5+~cs1.1.1-4) ...
2026-04-23T21:49:51.1965350Z Selecting previously unselected package node-require-directory.
2026-04-23T21:49:51.1989866Z Preparing to unpack .../454-node-require-directory_2.1.1+~2.1.2-1_all.deb ...
2026-04-23T21:49:51.1996212Z Unpacking node-require-directory (2.1.1+~2.1.2-1) ...
2026-04-23T21:49:51.2105604Z Selecting previously unselected package node-y18n.
2026-04-23T21:49:51.2130380Z Preparing to unpack .../455-node-y18n_5.0.8+~5.0.0-3_all.deb ...
2026-04-23T21:49:51.2137077Z Unpacking node-y18n (5.0.8+~5.0.0-3) ...
2026-04-23T21:49:51.2257031Z Selecting previously unselected package node-camelcase.
2026-04-23T21:49:51.2282345Z Preparing to unpack .../456-node-camelcase_7.0.0-3_all.deb ...
2026-04-23T21:49:51.2290202Z Unpacking node-camelcase (7.0.0-3) ...
2026-04-23T21:49:51.2397586Z Selecting previously unselected package node-yargs-parser.
2026-04-23T21:49:51.2423000Z Preparing to unpack .../457-node-yargs-parser_21.1.1+~21.0.0-4_all.deb ...
2026-04-23T21:49:51.2429585Z Unpacking node-yargs-parser (21.1.1+~21.0.0-4) ...
2026-04-23T21:49:51.2565800Z Selecting previously unselected package node-yargs.
2026-04-23T21:49:51.2590678Z Preparing to unpack .../458-node-yargs_16.2.0+~16.0.4-7_all.deb ...
2026-04-23T21:49:51.2596478Z Unpacking node-yargs (16.2.0+~16.0.4-7) ...
2026-04-23T21:49:51.2837527Z Selecting previously unselected package node-istanbul.
2026-04-23T21:49:51.2862382Z Preparing to unpack .../459-node-istanbul_0.4.5+repack10+~cs97.25.57-3_all.deb ...
2026-04-23T21:49:51.2869037Z Unpacking node-istanbul (0.4.5+repack10+~cs97.25.57-3) ...
2026-04-23T21:49:51.3245653Z Selecting previously unselected package node-through.
2026-04-23T21:49:51.3272415Z Preparing to unpack .../460-node-through_2.3.8+~cs0.0.30-1_all.deb ...
2026-04-23T21:49:51.3278865Z Unpacking node-through (2.3.8+~cs0.0.30-1) ...
2026-04-23T21:49:51.3389296Z Selecting previously unselected package node-resumer.
2026-04-23T21:49:51.3415863Z Preparing to unpack .../461-node-resumer_0.0.0-6_all.deb ...
2026-04-23T21:49:51.3422483Z Unpacking node-resumer (0.0.0-6) ...
2026-04-23T21:49:51.3533218Z Selecting previously unselected package node-tape.
2026-04-23T21:49:51.3558618Z Preparing to unpack .../462-node-tape_5.6.1+~cs8.20.19-1_all.deb ...
2026-04-23T21:49:51.3565274Z Unpacking node-tape (5.6.1+~cs8.20.19-1) ...
2026-04-23T21:49:51.3743440Z Selecting previously unselected package node-deep-equal.
2026-04-23T21:49:51.3769161Z Preparing to unpack .../463-node-deep-equal_2.1.0+~cs31.12.80-1_all.deb ...
2026-04-23T21:49:51.3776077Z Unpacking node-deep-equal (2.1.0+~cs31.12.80-1) ...
2026-04-23T21:49:51.3954958Z Selecting previously unselected package libjs-util.
2026-04-23T21:49:51.3979732Z Preparing to unpack .../464-libjs-util_0.12.5+~1.0.10-1_all.deb ...
2026-04-23T21:49:51.3987040Z Unpacking libjs-util (0.12.5+~1.0.10-1) ...
2026-04-23T21:49:51.4108578Z Selecting previously unselected package libnet-http-perl.
2026-04-23T21:49:51.4132990Z Preparing to unpack .../465-libnet-http-perl_6.22-1_all.deb ...
2026-04-23T21:49:51.4139033Z Unpacking libnet-http-perl (6.22-1) ...
2026-04-23T21:49:51.4261639Z Selecting previously unselected package libtry-tiny-perl.
2026-04-23T21:49:51.4287240Z Preparing to unpack .../466-libtry-tiny-perl_0.31-2_all.deb ...
2026-04-23T21:49:51.4292602Z Unpacking libtry-tiny-perl (0.31-2) ...
2026-04-23T21:49:51.4411811Z Selecting previously unselected package libwww-robotrules-perl.
2026-04-23T21:49:51.4435373Z Preparing to unpack .../467-libwww-robotrules-perl_6.02-1_all.deb ...
2026-04-23T21:49:51.4442850Z Unpacking libwww-robotrules-perl (6.02-1) ...
2026-04-23T21:49:51.4556734Z Selecting previously unselected package libwww-perl.
2026-04-23T21:49:51.4580205Z Preparing to unpack .../468-libwww-perl_6.68-1_all.deb ...
2026-04-23T21:49:51.4587071Z Unpacking libwww-perl (6.68-1) ...
2026-04-23T21:49:51.4825473Z Selecting previously unselected package liblwp-protocol-https-perl.
2026-04-23T21:49:51.4850250Z Preparing to unpack .../469-liblwp-protocol-https-perl_6.10-1_all.deb ...
2026-04-23T21:49:51.4856604Z Unpacking liblwp-protocol-https-perl (6.10-1) ...
2026-04-23T21:49:51.4967569Z Selecting previously unselected package libnet-smtp-ssl-perl.
2026-04-23T21:49:51.4991963Z Preparing to unpack .../470-libnet-smtp-ssl-perl_1.04-2_all.deb ...
2026-04-23T21:49:51.4998299Z Unpacking libnet-smtp-ssl-perl (1.04-2) ...
2026-04-23T21:49:51.5129814Z Selecting previously unselected package libmailtools-perl.
2026-04-23T21:49:51.5154386Z Preparing to unpack .../471-libmailtools-perl_2.21-2_all.deb ...
2026-04-23T21:49:51.5159611Z Unpacking libmailtools-perl (2.21-2) ...
2026-04-23T21:49:51.5334774Z Selecting previously unselected package libxml-parser-perl.
2026-04-23T21:49:51.5360072Z Preparing to unpack .../472-libxml-parser-perl_2.46-4+deb12u1_amd64.deb ...
2026-04-23T21:49:51.5370037Z Unpacking libxml-parser-perl (2.46-4+deb12u1) ...
2026-04-23T21:49:51.5609822Z Selecting previously unselected package libxml-twig-perl.
2026-04-23T21:49:51.5634776Z Preparing to unpack .../473-libxml-twig-perl_1%3a3.52-2_all.deb ...
2026-04-23T21:49:51.5642432Z Unpacking libxml-twig-perl (1:3.52-2) ...
2026-04-23T21:49:51.5858440Z Selecting previously unselected package libnet-dbus-perl.
2026-04-23T21:49:51.5884548Z Preparing to unpack .../474-libnet-dbus-perl_1.2.0-2_amd64.deb ...
2026-04-23T21:49:51.5892845Z Unpacking libnet-dbus-perl (1.2.0-2) ...
2026-04-23T21:49:51.6122607Z Selecting previously unselected package libssl-dev:amd64.
2026-04-23T21:49:51.6149366Z Preparing to unpack .../475-libssl-dev_3.0.19-1~deb12u2_amd64.deb ...
2026-04-23T21:49:51.6155939Z Unpacking libssl-dev:amd64 (3.0.19-1~deb12u2) ...
2026-04-23T21:49:51.7674999Z Selecting previously unselected package libuv1-dev:amd64.
2026-04-23T21:49:51.7703089Z Preparing to unpack .../476-libuv1-dev_1.44.2-1+deb12u1_amd64.deb ...
2026-04-23T21:49:51.7709164Z Unpacking libuv1-dev:amd64 (1.44.2-1+deb12u1) ...
2026-04-23T21:49:51.7957212Z Selecting previously unselected package libnode-dev.
2026-04-23T21:49:51.7985732Z Preparing to unpack .../477-libnode-dev_18.20.4+dfsg-1~deb12u1_amd64.deb ...
2026-04-23T21:49:51.7992044Z Unpacking libnode-dev (18.20.4+dfsg-1~deb12u1) ...
2026-04-23T21:49:51.8479856Z Selecting previously unselected package libnotify4:amd64.
2026-04-23T21:49:51.8509147Z Preparing to unpack .../478-libnotify4_0.8.1-1_amd64.deb ...
2026-04-23T21:49:51.8515661Z Unpacking libnotify4:amd64 (0.8.1-1) ...
2026-04-23T21:49:51.8649000Z Selecting previously unselected package libnotify-bin.
2026-04-23T21:49:51.8677444Z Preparing to unpack .../479-libnotify-bin_0.8.1-1_amd64.deb ...
2026-04-23T21:49:51.8683354Z Unpacking libnotify-bin (0.8.1-1) ...
2026-04-23T21:49:51.8810417Z Selecting previously unselected package libpkgconf3:amd64.
2026-04-23T21:49:51.8837994Z Preparing to unpack .../480-libpkgconf3_1.8.1-1_amd64.deb ...
2026-04-23T21:49:51.8846390Z Unpacking libpkgconf3:amd64 (1.8.1-1) ...
2026-04-23T21:49:51.8976042Z Selecting previously unselected package libsasl2-dev.
2026-04-23T21:49:51.9001305Z Preparing to unpack .../481-libsasl2-dev_2.1.28+dfsg-10_amd64.deb ...
2026-04-23T21:49:51.9007124Z Unpacking libsasl2-dev (2.1.28+dfsg-10) ...
2026-04-23T21:49:51.9295076Z Selecting previously unselected package libsm6:amd64.
2026-04-23T21:49:51.9321785Z Preparing to unpack .../482-libsm6_2%3a1.2.3-1_amd64.deb ...
2026-04-23T21:49:51.9328214Z Unpacking libsm6:amd64 (2:1.2.3-1) ...
2026-04-23T21:49:51.9454855Z Selecting previously unselected package libtext-iconv-perl:amd64.
2026-04-23T21:49:51.9480679Z Preparing to unpack .../483-libtext-iconv-perl_1.7-8_amd64.deb ...
2026-04-23T21:49:51.9490367Z Unpacking libtext-iconv-perl:amd64 (1.7-8) ...
2026-04-23T21:49:51.9606399Z Selecting previously unselected package libtie-ixhash-perl.
2026-04-23T21:49:51.9632681Z Preparing to unpack .../484-libtie-ixhash-perl_1.23-4_all.deb ...
2026-04-23T21:49:51.9639809Z Unpacking libtie-ixhash-perl (1.23-4) ...
2026-04-23T21:49:51.9754167Z Selecting previously unselected package libx11-protocol-perl.
2026-04-23T21:49:51.9779596Z Preparing to unpack .../485-libx11-protocol-perl_0.56-9_all.deb ...
2026-04-23T21:49:51.9785954Z Unpacking libx11-protocol-perl (0.56-9) ...
2026-04-23T21:49:51.9998446Z Selecting previously unselected package libxt6:amd64.
2026-04-23T21:49:52.0024741Z Preparing to unpack .../486-libxt6_1%3a1.2.1-1.1_amd64.deb ...
2026-04-23T21:49:52.0031052Z Unpacking libxt6:amd64 (1:1.2.1-1.1) ...
2026-04-23T21:49:52.0258978Z Selecting previously unselected package libxmu6:amd64.
2026-04-23T21:49:52.0285126Z Preparing to unpack .../487-libxmu6_2%3a1.1.3-3_amd64.deb ...
2026-04-23T21:49:52.0291306Z Unpacking libxmu6:amd64 (2:1.1.3-3) ...
2026-04-23T21:49:52.0449743Z Selecting previously unselected package libxaw7:amd64.
2026-04-23T21:49:52.0475076Z Preparing to unpack .../488-libxaw7_2%3a1.0.14-1_amd64.deb ...
2026-04-23T21:49:52.0481973Z Unpacking libxaw7:amd64 (2:1.0.14-1) ...
2026-04-23T21:49:52.0730519Z Selecting previously unselected package libxcb-shape0:amd64.
2026-04-23T21:49:52.0757512Z Preparing to unpack .../489-libxcb-shape0_1.15-1_amd64.deb ...
2026-04-23T21:49:52.0765291Z Unpacking libxcb-shape0:amd64 (1.15-1) ...
2026-04-23T21:49:52.0962633Z Selecting previously unselected package libxcomposite1:amd64.
2026-04-23T21:49:52.0989893Z Preparing to unpack .../490-libxcomposite1_1%3a0.4.5-1_amd64.deb ...
2026-04-23T21:49:52.0995883Z Unpacking libxcomposite1:amd64 (1:0.4.5-1) ...
2026-04-23T21:49:52.1116062Z Selecting previously unselected package libxrender1:amd64.
2026-04-23T21:49:52.1142318Z Preparing to unpack .../491-libxrender1_1%3a0.9.10-1.1_amd64.deb ...
2026-04-23T21:49:52.1149346Z Unpacking libxrender1:amd64 (1:0.9.10-1.1) ...
2026-04-23T21:49:52.1279034Z Selecting previously unselected package libxcursor1:amd64.
2026-04-23T21:49:52.1304852Z Preparing to unpack .../492-libxcursor1_1%3a1.2.1-1_amd64.deb ...
2026-04-23T21:49:52.1309932Z Unpacking libxcursor1:amd64 (1:1.2.1-1) ...
2026-04-23T21:49:52.1437384Z Selecting previously unselected package libxrender-dev:amd64.
2026-04-23T21:49:52.1462299Z Preparing to unpack .../493-libxrender-dev_1%3a0.9.10-1.1_amd64.deb ...
2026-04-23T21:49:52.1468981Z Unpacking libxrender-dev:amd64 (1:0.9.10-1.1) ...
2026-04-23T21:49:52.1641156Z Selecting previously unselected package libxfixes-dev:amd64.
2026-04-23T21:49:52.1666220Z Preparing to unpack .../494-libxfixes-dev_1%3a6.0.0-2_amd64.deb ...
2026-04-23T21:49:52.1672271Z Unpacking libxfixes-dev:amd64 (1:6.0.0-2) ...
2026-04-23T21:49:52.1800546Z Selecting previously unselected package libxcursor-dev:amd64.
2026-04-23T21:49:52.1828202Z Preparing to unpack .../495-libxcursor-dev_1%3a1.2.1-1_amd64.deb ...
2026-04-23T21:49:52.1834506Z Unpacking libxcursor-dev:amd64 (1:1.2.1-1) ...
2026-04-23T21:49:52.2028919Z Selecting previously unselected package libxext-dev:amd64.
2026-04-23T21:49:52.2056384Z Preparing to unpack .../496-libxext-dev_2%3a1.3.4-1+b1_amd64.deb ...
2026-04-23T21:49:52.2063145Z Unpacking libxext-dev:amd64 (2:1.3.4-1+b1) ...
2026-04-23T21:49:52.2272996Z Selecting previously unselected package libxft2:amd64.
2026-04-23T21:49:52.2301109Z Preparing to unpack .../497-libxft2_2.3.6-1_amd64.deb ...
2026-04-23T21:49:52.2307552Z Unpacking libxft2:amd64 (2.3.6-1) ...
2026-04-23T21:49:52.2526027Z Selecting previously unselected package libxi6:amd64.
2026-04-23T21:49:52.2554953Z Preparing to unpack .../498-libxi6_2%3a1.8-1+b1_amd64.deb ...
2026-04-23T21:49:52.2561133Z Unpacking libxi6:amd64 (2:1.8-1+b1) ...
2026-04-23T21:49:52.2715173Z Selecting previously unselected package libxi-dev:amd64.
2026-04-23T21:49:52.2743254Z Preparing to unpack .../499-libxi-dev_2%3a1.8-1+b1_amd64.deb ...
2026-04-23T21:49:52.2749478Z Unpacking libxi-dev:amd64 (2:1.8-1+b1) ...
2026-04-23T21:49:52.3063577Z Selecting previously unselected package libxinerama1:amd64.
2026-04-23T21:49:52.3091384Z Preparing to unpack .../500-libxinerama1_2%3a1.1.4-3_amd64.deb ...
2026-04-23T21:49:52.3098236Z Unpacking libxinerama1:amd64 (2:1.1.4-3) ...
2026-04-23T21:49:52.3214389Z Selecting previously unselected package libxinerama-dev:amd64.
2026-04-23T21:49:52.3242159Z Preparing to unpack .../501-libxinerama-dev_2%3a1.1.4-3_amd64.deb ...
2026-04-23T21:49:52.3248690Z Unpacking libxinerama-dev:amd64 (2:1.1.4-3) ...
2026-04-23T21:49:52.3477783Z Selecting previously unselected package libxkbfile1:amd64.
2026-04-23T21:49:52.3505457Z Preparing to unpack .../502-libxkbfile1_1%3a1.1.0-1_amd64.deb ...
2026-04-23T21:49:52.3512152Z Unpacking libxkbfile1:amd64 (1:1.1.0-1) ...
2026-04-23T21:49:52.3666656Z Selecting previously unselected package libxml-xpathengine-perl.
2026-04-23T21:49:52.3695083Z Preparing to unpack .../503-libxml-xpathengine-perl_0.14-2_all.deb ...
2026-04-23T21:49:52.3700595Z Unpacking libxml-xpathengine-perl (0.14-2) ...
2026-04-23T21:49:52.3845286Z Selecting previously unselected package libxrandr2:amd64.
2026-04-23T21:49:52.3871968Z Preparing to unpack .../504-libxrandr2_2%3a1.5.2-2+b1_amd64.deb ...
2026-04-23T21:49:52.3878319Z Unpacking libxrandr2:amd64 (2:1.5.2-2+b1) ...
2026-04-23T21:49:52.4027822Z Selecting previously unselected package libxrandr-dev:amd64.
2026-04-23T21:49:52.4054543Z Preparing to unpack .../505-libxrandr-dev_2%3a1.5.2-2+b1_amd64.deb ...
2026-04-23T21:49:52.4060391Z Unpacking libxrandr-dev:amd64 (2:1.5.2-2+b1) ...
2026-04-23T21:49:52.4216002Z Selecting previously unselected package libxtst6:amd64.
2026-04-23T21:49:52.4242829Z Preparing to unpack .../506-libxtst6_2%3a1.2.3-1.1_amd64.deb ...
2026-04-23T21:49:52.4251359Z Unpacking libxtst6:amd64 (2:1.2.3-1.1) ...
2026-04-23T21:49:52.4379121Z Selecting previously unselected package libxv1:amd64.
2026-04-23T21:49:52.4405677Z Preparing to unpack .../507-libxv1_2%3a1.0.11-1.1_amd64.deb ...
2026-04-23T21:49:52.4415676Z Unpacking libxv1:amd64 (2:1.0.11-1.1) ...
2026-04-23T21:49:52.4540997Z Selecting previously unselected package libxxf86dga1:amd64.
2026-04-23T21:49:52.4567691Z Preparing to unpack .../508-libxxf86dga1_2%3a1.1.5-1_amd64.deb ...
2026-04-23T21:49:52.4574397Z Unpacking libxxf86dga1:amd64 (2:1.1.5-1) ...
2026-04-23T21:49:52.4694180Z Selecting previously unselected package libzstd-dev:amd64.
2026-04-23T21:49:52.4719706Z Preparing to unpack .../509-libzstd-dev_1.5.4+dfsg2-5_amd64.deb ...
2026-04-23T21:49:52.4725825Z Unpacking libzstd-dev:amd64 (1.5.4+dfsg2-5) ...
2026-04-23T21:49:52.5102883Z Selecting previously unselected package linux-compiler-gcc-12-x86.
2026-04-23T21:49:52.5130314Z Preparing to unpack .../510-linux-compiler-gcc-12-x86_6.1.164-1_amd64.deb ...
2026-04-23T21:49:52.5135595Z Unpacking linux-compiler-gcc-12-x86 (6.1.164-1) ...
2026-04-23T21:49:52.5515371Z Selecting previously unselected package linux-headers-6.1.0-44-common.
2026-04-23T21:49:52.5543674Z Preparing to unpack .../511-linux-headers-6.1.0-44-common_6.1.164-1_all.deb ...
2026-04-23T21:49:52.5551631Z Unpacking linux-headers-6.1.0-44-common (6.1.164-1) ...
2026-04-23T21:49:53.4512021Z Selecting previously unselected package linux-kbuild-6.1.
2026-04-23T21:49:53.4571588Z Preparing to unpack .../512-linux-kbuild-6.1_6.1.164-1_amd64.deb ...
2026-04-23T21:49:53.4578578Z Unpacking linux-kbuild-6.1 (6.1.164-1) ...
2026-04-23T21:49:53.4953481Z Selecting previously unselected package linux-headers-6.1.0-44-amd64.
2026-04-23T21:49:53.4989428Z Preparing to unpack .../513-linux-headers-6.1.0-44-amd64_6.1.164-1_amd64.deb ...
2026-04-23T21:49:53.4994961Z Unpacking linux-headers-6.1.0-44-amd64 (6.1.164-1) ...
2026-04-23T21:49:53.9994767Z Selecting previously unselected package linux-headers-amd64.
2026-04-23T21:49:54.0049406Z Preparing to unpack .../514-linux-headers-amd64_6.1.164-1_amd64.deb ...
2026-04-23T21:49:54.0105220Z Unpacking linux-headers-amd64 (6.1.164-1) ...
2026-04-23T21:49:54.0221861Z Selecting previously unselected package manpages-dev.
2026-04-23T21:49:54.0259063Z Preparing to unpack .../515-manpages-dev_6.03-2_all.deb ...
2026-04-23T21:49:54.0268319Z Unpacking manpages-dev (6.03-2) ...
2026-04-23T21:49:54.2641163Z Selecting previously unselected package node-agent-base.
2026-04-23T21:49:54.2684105Z Preparing to unpack .../516-node-agent-base_6.0.2+~cs5.4.2-2_all.deb ...
2026-04-23T21:49:54.2690085Z Unpacking node-agent-base (6.0.2+~cs5.4.2-2) ...
2026-04-23T21:49:54.2832268Z Selecting previously unselected package node-ajv-keywords.
2026-04-23T21:49:54.2870701Z Preparing to unpack .../517-node-ajv-keywords_3.5.2-2_all.deb ...
2026-04-23T21:49:54.2877114Z Unpacking node-ajv-keywords (3.5.2-2) ...
2026-04-23T21:49:54.3018556Z Selecting previously unselected package node-ansi-escapes.
2026-04-23T21:49:54.3052414Z Preparing to unpack .../518-node-ansi-escapes_5.0.0+really.4.3.1-1_all.deb ...
2026-04-23T21:49:54.3071231Z Unpacking node-ansi-escapes (5.0.0+really.4.3.1-1) ...
2026-04-23T21:49:54.3184647Z Selecting previously unselected package node-aproba.
2026-04-23T21:49:54.3218588Z Preparing to unpack .../519-node-aproba_2.0.0-3_all.deb ...
2026-04-23T21:49:54.3224808Z Unpacking node-aproba (2.0.0-3) ...
2026-04-23T21:49:54.3339561Z Selecting previously unselected package node-delegates.
2026-04-23T21:49:54.3372255Z Preparing to unpack .../520-node-delegates_1.0.0-3_all.deb ...
2026-04-23T21:49:54.3379872Z Unpacking node-delegates (1.0.0-3) ...
2026-04-23T21:49:54.3489764Z Selecting previously unselected package node-are-we-there-yet.
2026-04-23T21:49:54.3523167Z Preparing to unpack .../521-node-are-we-there-yet_3.0.1+~1.1.0-1_all.deb ...
2026-04-23T21:49:54.3529164Z Unpacking node-are-we-there-yet (3.0.1+~1.1.0-1) ...
2026-04-23T21:49:54.3651381Z Selecting previously unselected package node-async-each.
2026-04-23T21:49:54.3685245Z Preparing to unpack .../522-node-async-each_1.0.3-3_all.deb ...
2026-04-23T21:49:54.3691785Z Unpacking node-async-each (1.0.3-3) ...
2026-04-23T21:49:54.3805036Z Selecting previously unselected package node-auto-bind.
2026-04-23T21:49:54.3838710Z Preparing to unpack .../523-node-auto-bind_4.0.0-2_all.deb ...
2026-04-23T21:49:54.3847138Z Unpacking node-auto-bind (4.0.0-2) ...
2026-04-23T21:49:54.3962090Z Selecting previously unselected package node-babel-plugin-lodash.
2026-04-23T21:49:54.3996494Z Preparing to unpack .../524-node-babel-plugin-lodash_3.3.4+~cs2.0.1-6_all.deb ...
2026-04-23T21:49:54.4004636Z Unpacking node-babel-plugin-lodash (3.3.4+~cs2.0.1-6) ...
2026-04-23T21:49:54.4129261Z Selecting previously unselected package node-isobject.
2026-04-23T21:49:54.4162945Z Preparing to unpack .../525-node-isobject_4.0.0-2_all.deb ...
2026-04-23T21:49:54.4170960Z Unpacking node-isobject (4.0.0-2) ...
2026-04-23T21:49:54.4286626Z Selecting previously unselected package node-object-visit.
2026-04-23T21:49:54.4320140Z Preparing to unpack .../526-node-object-visit_1.0.1-5_all.deb ...
2026-04-23T21:49:54.4328324Z Unpacking node-object-visit (1.0.1-5) ...
2026-04-23T21:49:54.4437913Z Selecting previously unselected package node-map-visit.
2026-04-23T21:49:54.4470951Z Preparing to unpack .../527-node-map-visit_1.0.0-4_all.deb ...
2026-04-23T21:49:54.4479978Z Unpacking node-map-visit (1.0.0-4) ...
2026-04-23T21:49:54.4595522Z Selecting previously unselected package node-collection-visit.
2026-04-23T21:49:54.4628194Z Preparing to unpack .../528-node-collection-visit_1.0.0-4_all.deb ...
2026-04-23T21:49:54.4636455Z Unpacking node-collection-visit (1.0.0-4) ...
2026-04-23T21:49:54.4749288Z Selecting previously unselected package node-get-value.
2026-04-23T21:49:54.4781992Z Preparing to unpack .../529-node-get-value_1%3a3.0.1-4_all.deb ...
2026-04-23T21:49:54.4788708Z Unpacking node-get-value (1:3.0.1-4) ...
2026-04-23T21:49:54.4905312Z Selecting previously unselected package node-sellside-emitter.
2026-04-23T21:49:54.4937951Z Preparing to unpack .../530-node-sellside-emitter_1.2.1-3_all.deb ...
2026-04-23T21:49:54.4943799Z Unpacking node-sellside-emitter (1.2.1-3) ...
2026-04-23T21:49:54.5066150Z Selecting previously unselected package node-is-primitive.
2026-04-23T21:49:54.5100938Z Preparing to unpack .../531-node-is-primitive_3.0.1-3_all.deb ...
2026-04-23T21:49:54.5107957Z Unpacking node-is-primitive (3.0.1-3) ...
2026-04-23T21:49:54.5224942Z Selecting previously unselected package node-set-value.
2026-04-23T21:49:54.5260369Z Preparing to unpack .../532-node-set-value_4.1.0+~4.0.1-2_all.deb ...
2026-04-23T21:49:54.5266382Z Unpacking node-set-value (4.1.0+~4.0.1-2) ...
2026-04-23T21:49:54.5391881Z Selecting previously unselected package node-union-value.
2026-04-23T21:49:54.5428828Z Preparing to unpack .../533-node-union-value_2.0.1-4_all.deb ...
2026-04-23T21:49:54.5434843Z Unpacking node-union-value (2.0.1-4) ...
2026-04-23T21:49:54.5547577Z Selecting previously unselected package node-has-values.
2026-04-23T21:49:54.5585448Z Preparing to unpack .../534-node-has-values_2.0.1-4_all.deb ...
2026-04-23T21:49:54.5591035Z Unpacking node-has-values (2.0.1-4) ...
2026-04-23T21:49:54.5717430Z Selecting previously unselected package node-has-value.
2026-04-23T21:49:54.5754135Z Preparing to unpack .../535-node-has-value_2.0.2-4_all.deb ...
2026-04-23T21:49:54.5760272Z Unpacking node-has-value (2.0.2-4) ...
2026-04-23T21:49:54.5876903Z Selecting previously unselected package node-unset-value.
2026-04-23T21:49:54.5913779Z Preparing to unpack .../536-node-unset-value_2.0.1-1_all.deb ...
2026-04-23T21:49:54.5940173Z Unpacking node-unset-value (2.0.1-1) ...
2026-04-23T21:49:54.6054402Z Selecting previously unselected package node-cache-base.
2026-04-23T21:49:54.6090629Z Preparing to unpack .../537-node-cache-base_4.0.2-1_all.deb ...
2026-04-23T21:49:54.6096965Z Unpacking node-cache-base (4.0.2-1) ...
2026-04-23T21:49:54.6222811Z Selecting previously unselected package node-is-descriptor.
2026-04-23T21:49:54.6259292Z Preparing to unpack .../538-node-is-descriptor_3.0.0-2_all.deb ...
2026-04-23T21:49:54.6266016Z Unpacking node-is-descriptor (3.0.0-2) ...
2026-04-23T21:49:54.6383230Z Selecting previously unselected package node-define-property.
2026-04-23T21:49:54.6418713Z Preparing to unpack .../539-node-define-property_2.0.2+really+2.0.2-3_all.deb ...
2026-04-23T21:49:54.6425322Z Unpacking node-define-property (2.0.2+really+2.0.2-3) ...
2026-04-23T21:49:54.6543253Z Selecting previously unselected package node-mixin-deep.
2026-04-23T21:49:54.6577715Z Preparing to unpack .../540-node-mixin-deep_2.0.1-3_all.deb ...
2026-04-23T21:49:54.6585757Z Unpacking node-mixin-deep (2.0.1-3) ...
2026-04-23T21:49:54.6697634Z Selecting previously unselected package node-pascalcase.
2026-04-23T21:49:54.6731095Z Preparing to unpack .../541-node-pascalcase_1.0.0-1_all.deb ...
2026-04-23T21:49:54.6737594Z Unpacking node-pascalcase (1.0.0-1) ...
2026-04-23T21:49:54.6847957Z Selecting previously unselected package node-base.
2026-04-23T21:49:54.6880644Z Preparing to unpack .../542-node-base_3.0.0-3_all.deb ...
2026-04-23T21:49:54.6886784Z Unpacking node-base (3.0.0-3) ...
2026-04-23T21:49:54.7004779Z Selecting previously unselected package node-base64-js.
2026-04-23T21:49:54.7037810Z Preparing to unpack .../543-node-base64-js_1.5.1+dfsg+~1.3.0-2_all.deb ...
2026-04-23T21:49:54.7046361Z Unpacking node-base64-js (1.5.1+dfsg+~1.3.0-2) ...
2026-04-23T21:49:54.7163128Z Selecting previously unselected package node-binary-extensions.
2026-04-23T21:49:54.7196591Z Preparing to unpack .../544-node-binary-extensions_2.2.0-2_all.deb ...
2026-04-23T21:49:54.7203102Z Unpacking node-binary-extensions (2.2.0-2) ...
2026-04-23T21:49:54.7320199Z Selecting previously unselected package node-builtins.
2026-04-23T21:49:54.7353062Z Preparing to unpack .../545-node-builtins_5.0.1-1_all.deb ...
2026-04-23T21:49:54.7360252Z Unpacking node-builtins (5.0.1-1) ...
2026-04-23T21:49:54.7473454Z Selecting previously unselected package node-chownr.
2026-04-23T21:49:54.7506583Z Preparing to unpack .../546-node-chownr_2.0.0-2_all.deb ...
2026-04-23T21:49:54.7523496Z Unpacking node-chownr (2.0.0-2) ...
2026-04-23T21:49:54.7635982Z Selecting previously unselected package node-iconv-lite.
2026-04-23T21:49:54.7669025Z Preparing to unpack .../547-node-iconv-lite_0.6.3-3_all.deb ...
2026-04-23T21:49:54.7675597Z Unpacking node-iconv-lite (0.6.3-3) ...
2026-04-23T21:49:54.7881560Z Selecting previously unselected package node-encoding.
2026-04-23T21:49:54.7914605Z Preparing to unpack .../548-node-encoding_0.1.13-2_all.deb ...
2026-04-23T21:49:54.7920397Z Unpacking node-encoding (0.1.13-2) ...
2026-04-23T21:49:54.8041259Z Selecting previously unselected package node-jsonparse.
2026-04-23T21:49:54.8074938Z Preparing to unpack .../549-node-jsonparse_1.3.1-10_all.deb ...
2026-04-23T21:49:54.8081157Z Unpacking node-jsonparse (1.3.1-10) ...
2026-04-23T21:49:54.8202125Z Selecting previously unselected package node-minipass.
2026-04-23T21:49:54.8235501Z Preparing to unpack .../550-node-minipass_3.3.6+~cs9.4.19-1+deb12u1_all.deb ...
2026-04-23T21:49:54.8241882Z Unpacking node-minipass (3.3.6+~cs9.4.19-1+deb12u1) ...
2026-04-23T21:49:54.8423082Z Selecting previously unselected package node-iferr.
2026-04-23T21:49:54.8458896Z Preparing to unpack .../551-node-iferr_1.0.2+~1.0.2-1_all.deb ...
2026-04-23T21:49:54.8466236Z Unpacking node-iferr (1.0.2+~1.0.2-1) ...
2026-04-23T21:49:54.8581466Z Selecting previously unselected package node-fs-write-stream-atomic.
2026-04-23T21:49:54.8617119Z Preparing to unpack .../552-node-fs-write-stream-atomic_1.0.10-6_all.deb ...
2026-04-23T21:49:54.8623396Z Unpacking node-fs-write-stream-atomic (1.0.10-6) ...
2026-04-23T21:49:54.8738704Z Selecting previously unselected package node-run-queue.
2026-04-23T21:49:54.8772641Z Preparing to unpack .../553-node-run-queue_2.0.0-3_all.deb ...
2026-04-23T21:49:54.8778752Z Unpacking node-run-queue (2.0.0-3) ...
2026-04-23T21:49:54.8894477Z Selecting previously unselected package node-copy-concurrently.
2026-04-23T21:49:54.8927680Z Preparing to unpack .../554-node-copy-concurrently_1.0.5-9_all.deb ...
2026-04-23T21:49:54.8950728Z Unpacking node-copy-concurrently (1.0.5-9) ...
2026-04-23T21:49:54.9063845Z Selecting previously unselected package node-move-concurrently.
2026-04-23T21:49:54.9098005Z Preparing to unpack .../555-node-move-concurrently_1.0.1-5_all.deb ...
2026-04-23T21:49:54.9104522Z Unpacking node-move-concurrently (1.0.1-5) ...
2026-04-23T21:49:54.9216585Z Selecting previously unselected package node-promise-inflight.
2026-04-23T21:49:54.9249664Z Preparing to unpack .../556-node-promise-inflight_1.0.1+~1.0.0-1_all.deb ...
2026-04-23T21:49:54.9256628Z Unpacking node-promise-inflight (1.0.1+~1.0.0-1) ...
2026-04-23T21:49:54.9375343Z Selecting previously unselected package node-ssri.
2026-04-23T21:49:54.9408003Z Preparing to unpack .../557-node-ssri_9.0.1-2_all.deb ...
2026-04-23T21:49:54.9414620Z Unpacking node-ssri (9.0.1-2) ...
2026-04-23T21:49:54.9533869Z Selecting previously unselected package node-unique-filename.
2026-04-23T21:49:54.9566339Z Preparing to unpack .../558-node-unique-filename_1.1.1+ds-2_all.deb ...
2026-04-23T21:49:54.9575774Z Unpacking node-unique-filename (1.1.1+ds-2) ...
2026-04-23T21:49:54.9688728Z Selecting previously unselected package node-cacache.
2026-04-23T21:49:54.9721231Z Preparing to unpack .../559-node-cacache_17.0.3+~cs10.3.7-1_all.deb ...
2026-04-23T21:49:54.9728244Z Unpacking node-cacache (17.0.3+~cs10.3.7-1) ...
2026-04-23T21:49:54.9895023Z Selecting previously unselected package node-is-binary-path.
2026-04-23T21:49:54.9928093Z Preparing to unpack .../560-node-is-binary-path_2.1.0-5_all.deb ...
2026-04-23T21:49:54.9934848Z Unpacking node-is-binary-path (2.1.0-5) ...
2026-04-23T21:49:55.0048089Z Selecting previously unselected package node-path-is-absolute.
2026-04-23T21:49:55.0081093Z Preparing to unpack .../561-node-path-is-absolute_2.0.0-2_all.deb ...
2026-04-23T21:49:55.0087486Z Unpacking node-path-is-absolute (2.0.0-2) ...
2026-04-23T21:49:55.0200781Z Selecting previously unselected package node-set-immediate-shim.
2026-04-23T21:49:55.0233418Z Preparing to unpack .../562-node-set-immediate-shim_2.0.0-2_all.deb ...
2026-04-23T21:49:55.0239804Z Unpacking node-set-immediate-shim (2.0.0-2) ...
2026-04-23T21:49:55.0349479Z Selecting previously unselected package node-readdirp.
2026-04-23T21:49:55.0382319Z Preparing to unpack .../563-node-readdirp_3.6.0-1_all.deb ...
2026-04-23T21:49:55.0389165Z Unpacking node-readdirp (3.6.0-1) ...
2026-04-23T21:49:55.0510291Z Selecting previously unselected package node-chokidar.
2026-04-23T21:49:55.0545026Z Preparing to unpack .../564-node-chokidar_3.5.3-2_all.deb ...
2026-04-23T21:49:55.0551400Z Unpacking node-chokidar (3.5.3-2) ...
2026-04-23T21:49:55.0690114Z Selecting previously unselected package node-tslib.
2026-04-23T21:49:55.0726836Z Preparing to unpack .../565-node-tslib_2.4.1-1_all.deb ...
2026-04-23T21:49:55.0733105Z Unpacking node-tslib (2.4.1-1) ...
2026-04-23T21:49:55.0863757Z Selecting previously unselected package node-chrome-trace-event.
2026-04-23T21:49:55.0900368Z Preparing to unpack .../566-node-chrome-trace-event_1.0.3-2_all.deb ...
2026-04-23T21:49:55.0906975Z Unpacking node-chrome-trace-event (1.0.3-2) ...
2026-04-23T21:49:55.1030947Z Selecting previously unselected package node-ci-info.
2026-04-23T21:49:55.1068244Z Preparing to unpack .../567-node-ci-info_3.6.1+~cs1.1.0-1_all.deb ...
2026-04-23T21:49:55.1074186Z Unpacking node-ci-info (3.6.1+~cs1.1.0-1) ...
2026-04-23T21:49:55.1196334Z Selecting previously unselected package node-cli-boxes.
2026-04-23T21:49:55.1233389Z Preparing to unpack .../568-node-cli-boxes_2.2.1-2_all.deb ...
2026-04-23T21:49:55.1241242Z Unpacking node-cli-boxes (2.2.1-2) ...
2026-04-23T21:49:55.1356414Z Selecting previously unselected package node-restore-cursor.
2026-04-23T21:49:55.1392127Z Preparing to unpack .../569-node-restore-cursor_4.0.0-2_all.deb ...
2026-04-23T21:49:55.1399783Z Unpacking node-restore-cursor (4.0.0-2) ...
2026-04-23T21:49:55.1511678Z Selecting previously unselected package node-cli-cursor.
2026-04-23T21:49:55.1548422Z Preparing to unpack .../570-node-cli-cursor_4.0.0-3_all.deb ...
2026-04-23T21:49:55.1554845Z Unpacking node-cli-cursor (4.0.0-3) ...
2026-04-23T21:49:55.1671589Z Selecting previously unselected package node-colors.
2026-04-23T21:49:55.1707576Z Preparing to unpack .../571-node-colors_1.4.0-4_all.deb ...
2026-04-23T21:49:55.1713599Z Unpacking node-colors (1.4.0-4) ...
2026-04-23T21:49:55.1849389Z Selecting previously unselected package node-cli-table.
2026-04-23T21:49:55.1886516Z Preparing to unpack .../572-node-cli-table_0.3.11+~cs0.13.4-3_all.deb ...
2026-04-23T21:49:55.1893133Z Unpacking node-cli-table (0.3.11+~cs0.13.4-3) ...
2026-04-23T21:49:55.2051931Z Selecting previously unselected package node-cli-truncate.
2026-04-23T21:49:55.2089295Z Preparing to unpack .../573-node-cli-truncate_2.1.0-5_all.deb ...
2026-04-23T21:49:55.2098703Z Unpacking node-cli-truncate (2.1.0-5) ...
2026-04-23T21:49:55.2212885Z Selecting previously unselected package node-columnify.
2026-04-23T21:49:55.2250303Z Preparing to unpack .../574-node-columnify_1.6.0+~1.5.1-1_all.deb ...
2026-04-23T21:49:55.2256812Z Unpacking node-columnify (1.6.0+~1.5.1-1) ...
2026-04-23T21:49:55.2382024Z Selecting previously unselected package node-console-control-strings.
2026-04-23T21:49:55.2419522Z Preparing to unpack .../575-node-console-control-strings_1.1.0-3_all.deb ...
2026-04-23T21:49:55.2438876Z Unpacking node-console-control-strings (1.1.0-3) ...
2026-04-23T21:49:55.2556711Z Selecting previously unselected package node-growl.
2026-04-23T21:49:55.2594544Z Preparing to unpack .../576-node-growl_1.10.5-4_all.deb ...
2026-04-23T21:49:55.2601809Z Unpacking node-growl (1.10.5-4) ...
2026-04-23T21:49:55.2719840Z Selecting previously unselected package node-lcov-parse.
2026-04-23T21:49:55.2756831Z Preparing to unpack .../577-node-lcov-parse_1.0.0+20170612git80d039574ed9-6_all.deb ...
2026-04-23T21:49:55.2763655Z Unpacking node-lcov-parse (1.0.0+20170612git80d039574ed9-6) ...
2026-04-23T21:49:55.2880626Z Selecting previously unselected package node-log-driver.
2026-04-23T21:49:55.2917560Z Preparing to unpack .../578-node-log-driver_1.2.7+git+20180219+bba1761737-7_all.deb ...
2026-04-23T21:49:55.2924281Z Unpacking node-log-driver (1.2.7+git+20180219+bba1761737-7) ...
2026-04-23T21:49:55.3040983Z Selecting previously unselected package node-data-uri-to-buffer.
2026-04-23T21:49:55.3077838Z Preparing to unpack .../579-node-data-uri-to-buffer_4.0.0-3_all.deb ...
2026-04-23T21:49:55.3085020Z Unpacking node-data-uri-to-buffer (4.0.0-3) ...
2026-04-23T21:49:55.3202684Z Selecting previously unselected package node-fetch.
2026-04-23T21:49:55.3239570Z Preparing to unpack .../580-node-fetch_3.3.0+~cs11.4.11-2_all.deb ...
2026-04-23T21:49:55.3245883Z Unpacking node-fetch (3.3.0+~cs11.4.11-2) ...
2026-04-23T21:49:55.3689208Z Selecting previously unselected package node-coveralls.
2026-04-23T21:49:55.3728567Z Preparing to unpack .../581-node-coveralls_3.1.1-2_all.deb ...
2026-04-23T21:49:55.3734846Z Unpacking node-coveralls (3.1.1-2) ...
2026-04-23T21:49:55.3869939Z Selecting previously unselected package node-css-selector-tokenizer.
2026-04-23T21:49:55.3911433Z Preparing to unpack .../582-node-css-selector-tokenizer_0.8.0+~cs4.8.3-1_all.deb ...
2026-04-23T21:49:55.3916875Z Unpacking node-css-selector-tokenizer (0.8.0+~cs4.8.3-1) ...
2026-04-23T21:49:55.4056387Z Selecting previously unselected package node-postcss.
2026-04-23T21:49:55.4096046Z Preparing to unpack .../583-node-postcss_8.4.20+~cs8.0.23-1+deb12u1_all.deb ...
2026-04-23T21:49:55.4101863Z Unpacking node-postcss (8.4.20+~cs8.0.23-1+deb12u1) ...
2026-04-23T21:49:55.4352113Z Selecting previously unselected package node-icss-utils.
2026-04-23T21:49:55.4390807Z Preparing to unpack .../584-node-icss-utils_5.1.0+~5.1.0-1_all.deb ...
2026-04-23T21:49:55.4396613Z Unpacking node-icss-utils (5.1.0+~5.1.0-1) ...
2026-04-23T21:49:55.4527749Z Selecting previously unselected package node-postcss-modules-extract-imports.
2026-04-23T21:49:55.4567045Z Preparing to unpack .../585-node-postcss-modules-extract-imports_3.0.0-2_all.deb ...
2026-04-23T21:49:55.4572929Z Unpacking node-postcss-modules-extract-imports (3.0.0-2) ...
2026-04-23T21:49:55.4765051Z Selecting previously unselected package node-postcss-modules-values.
2026-04-23T21:49:55.4803315Z Preparing to unpack .../586-node-postcss-modules-values_4.0.0+~4.0.0-1_all.deb ...
2026-04-23T21:49:55.4810733Z Unpacking node-postcss-modules-values (4.0.0+~4.0.0-1) ...
2026-04-23T21:49:55.4928588Z Selecting previously unselected package node-postcss-value-parser.
2026-04-23T21:49:55.4966695Z Preparing to unpack .../587-node-postcss-value-parser_4.2.0-1_all.deb ...
2026-04-23T21:49:55.4973278Z Unpacking node-postcss-value-parser (4.2.0-1) ...
2026-04-23T21:49:55.5100613Z Selecting previously unselected package node-prr.
2026-04-23T21:49:55.5138452Z Preparing to unpack .../588-node-prr_1.0.1-3_all.deb ...
2026-04-23T21:49:55.5145092Z Unpacking node-prr (1.0.1-3) ...
2026-04-23T21:49:55.5262336Z Selecting previously unselected package node-errno.
2026-04-23T21:49:55.5300033Z Preparing to unpack .../589-node-errno_1.0.0-3_all.deb ...
2026-04-23T21:49:55.5306760Z Unpacking node-errno (1.0.0-3) ...
2026-04-23T21:49:55.5423932Z Selecting previously unselected package node-memory-fs.
2026-04-23T21:49:55.5461651Z Preparing to unpack .../590-node-memory-fs_0.5.0+~0.3.3-2_all.deb ...
2026-04-23T21:49:55.5468010Z Unpacking node-memory-fs (0.5.0+~0.3.3-2) ...
2026-04-23T21:49:55.5682765Z Selecting previously unselected package node-tapable.
2026-04-23T21:49:55.5719872Z Preparing to unpack .../591-node-tapable_2.2.1-2_all.deb ...
2026-04-23T21:49:55.5726128Z Unpacking node-tapable (2.2.1-2) ...
2026-04-23T21:49:55.5859127Z Selecting previously unselected package node-enhanced-resolve.
2026-04-23T21:49:55.5896516Z Preparing to unpack .../592-node-enhanced-resolve_5.10.0-1_all.deb ...
2026-04-23T21:49:55.5903600Z Unpacking node-enhanced-resolve (5.10.0-1) ...
2026-04-23T21:49:55.6060887Z Selecting previously unselected package node-es-module-lexer.
2026-04-23T21:49:55.6098717Z Preparing to unpack .../593-node-es-module-lexer_1.1.0+dfsg-2+deb12u1_all.deb ...
2026-04-23T21:49:55.6107158Z Unpacking node-es-module-lexer (1.1.0+dfsg-2+deb12u1) ...
2026-04-23T21:49:55.6232620Z Selecting previously unselected package node-events.
2026-04-23T21:49:55.6269180Z Preparing to unpack .../594-node-events_3.3.0+~3.0.0-3_all.deb ...
2026-04-23T21:49:55.6275919Z Unpacking node-events (3.3.0+~3.0.0-3) ...
2026-04-23T21:49:55.6389297Z Selecting previously unselected package node-resolve-cwd.
2026-04-23T21:49:55.6424489Z Preparing to unpack .../595-node-resolve-cwd_3.0.0-2_all.deb ...
2026-04-23T21:49:55.6431164Z Unpacking node-resolve-cwd (3.0.0-2) ...
2026-04-23T21:49:55.6552247Z Selecting previously unselected package node-jest-debbundle.
2026-04-23T21:49:55.6588410Z Preparing to unpack .../596-node-jest-debbundle_29.3.1~ds1+~cs70.48.25-2_all.deb ...
2026-04-23T21:49:55.6595292Z Unpacking node-jest-debbundle (29.3.1~ds1+~cs70.48.25-2) ...
2026-04-23T21:49:55.6886451Z Selecting previously unselected package node-interpret.
2026-04-23T21:49:55.6922768Z Preparing to unpack .../597-node-interpret_2.2.0-3_all.deb ...
2026-04-23T21:49:55.6929237Z Unpacking node-interpret (2.2.0-3) ...
2026-04-23T21:49:55.7047205Z Selecting previously unselected package node-merge-stream.
2026-04-23T21:49:55.7084803Z Preparing to unpack .../598-node-merge-stream_2.0.0+~1.1.2-2_all.deb ...
2026-04-23T21:49:55.7091029Z Unpacking node-merge-stream (2.0.0+~1.1.2-2) ...
2026-04-23T21:49:55.7209528Z Selecting previously unselected package node-jest-worker.
2026-04-23T21:49:55.7246500Z Preparing to unpack .../599-node-jest-worker_29.3.1~ds1+~cs70.48.25-2_all.deb ...
2026-04-23T21:49:55.7251843Z Unpacking node-jest-worker (29.3.1~ds1+~cs70.48.25-2) ...
2026-04-23T21:49:55.7487905Z Selecting previously unselected package node-loader-runner.
2026-04-23T21:49:55.7525585Z Preparing to unpack .../600-node-loader-runner_4.3.0-1_all.deb ...
2026-04-23T21:49:55.7532034Z Unpacking node-loader-runner (4.3.0-1) ...
2026-04-23T21:49:55.7659647Z Selecting previously unselected package node-mime.
2026-04-23T21:49:55.7696078Z Preparing to unpack .../601-node-mime_3.0.0+dfsg+~cs3.97.1-1_all.deb ...
2026-04-23T21:49:55.7734751Z Unpacking node-mime (3.0.0+dfsg+~cs3.97.1-1) ...
2026-04-23T21:49:55.7879562Z Selecting previously unselected package node-mime-types.
2026-04-23T21:49:55.7915466Z Preparing to unpack .../602-node-mime-types_2.1.35-1_all.deb ...
2026-04-23T21:49:55.7921904Z Unpacking node-mime-types (2.1.35-1) ...
2026-04-23T21:49:55.8058767Z Selecting previously unselected package node-rechoir.
2026-04-23T21:49:55.8095077Z Preparing to unpack .../603-node-rechoir_0.8.0+~0.6.1-2_all.deb ...
2026-04-23T21:49:55.8101843Z Unpacking node-rechoir (0.8.0+~0.6.1-2) ...
2026-04-23T21:49:55.8275180Z Selecting previously unselected package node-schema-utils.
2026-04-23T21:49:55.8311853Z Preparing to unpack .../604-node-schema-utils_3.1.1~ds-2_all.deb ...
2026-04-23T21:49:55.8318875Z Unpacking node-schema-utils (3.1.1~ds-2) ...
2026-04-23T21:49:55.8469478Z Selecting previously unselected package node-randombytes.
2026-04-23T21:49:55.8511715Z Preparing to unpack .../605-node-randombytes_2.1.0+~2.0.0-2_all.deb ...
2026-04-23T21:49:55.8519080Z Unpacking node-randombytes (2.1.0+~2.0.0-2) ...
2026-04-23T21:49:55.8645303Z Selecting previously unselected package node-serialize-javascript.
2026-04-23T21:49:55.8686031Z Preparing to unpack .../606-node-serialize-javascript_6.0.0-2+deb12u1_all.deb ...
2026-04-23T21:49:55.8692306Z Unpacking node-serialize-javascript (6.0.0-2+deb12u1) ...
2026-04-23T21:49:55.8817228Z Selecting previously unselected package node-watchpack.
2026-04-23T21:49:55.8856823Z Preparing to unpack .../607-node-watchpack_2.4.0+~cs2.8.1-1_all.deb ...
2026-04-23T21:49:55.8862787Z Unpacking node-watchpack (2.4.0+~cs2.8.1-1) ...
2026-04-23T21:49:55.9022860Z Selecting previously unselected package node-webassemblyjs.
2026-04-23T21:49:55.9060456Z Preparing to unpack .../608-node-webassemblyjs_1.11.4+dfsg+~cs10.11.17-2_all.deb ...
2026-04-23T21:49:55.9066954Z Unpacking node-webassemblyjs (1.11.4+dfsg+~cs10.11.17-2) ...
2026-04-23T21:49:55.9513924Z Selecting previously unselected package node-source-list-map.
2026-04-23T21:49:55.9555014Z Preparing to unpack .../609-node-source-list-map_2.0.1+dfsg-2_all.deb ...
2026-04-23T21:49:55.9562015Z Unpacking node-source-list-map (2.0.1+dfsg-2) ...
2026-04-23T21:49:55.9680688Z Selecting previously unselected package node-webpack-sources.
2026-04-23T21:49:55.9719110Z Preparing to unpack .../610-node-webpack-sources_3.2.3+~3.2.0-2_all.deb ...
2026-04-23T21:49:55.9725008Z Unpacking node-webpack-sources (3.2.3+~3.2.0-2) ...
2026-04-23T21:49:55.9876505Z Selecting previously unselected package node-terser.
2026-04-23T21:49:55.9913377Z Preparing to unpack .../611-node-terser_5.16.5-2_all.deb ...
2026-04-23T21:49:55.9921432Z Unpacking node-terser (5.16.5-2) ...
2026-04-23T21:49:56.0208817Z Selecting previously unselected package terser.
2026-04-23T21:49:56.0247724Z Preparing to unpack .../612-terser_5.16.5-2_all.deb ...
2026-04-23T21:49:56.0255011Z Unpacking terser (5.16.5-2) ...
2026-04-23T21:49:56.0387761Z Selecting previously unselected package webpack.
2026-04-23T21:49:56.0426583Z Preparing to unpack .../613-webpack_5.75.0+dfsg+~cs17.16.14-1+deb12u1_all.deb ...
2026-04-23T21:49:56.0432069Z Unpacking webpack (5.75.0+dfsg+~cs17.16.14-1+deb12u1) ...
2026-04-23T21:49:56.1286898Z Selecting previously unselected package node-css-loader.
2026-04-23T21:49:56.1328141Z Preparing to unpack .../614-node-css-loader_6.7.2+~cs14.0.11-1_all.deb ...
2026-04-23T21:49:56.1333719Z Unpacking node-css-loader (6.7.2+~cs14.0.11-1) ...
2026-04-23T21:49:56.1522347Z Selecting previously unselected package node-mimic-response.
2026-04-23T21:49:56.1561860Z Preparing to unpack .../615-node-mimic-response_3.1.0-8_all.deb ...
2026-04-23T21:49:56.1568098Z Unpacking node-mimic-response (3.1.0-8) ...
2026-04-23T21:49:56.1684334Z Selecting previously unselected package node-decompress-response.
2026-04-23T21:49:56.1720630Z Preparing to unpack .../616-node-decompress-response_6.0.0-2_all.deb ...
2026-04-23T21:49:56.1726806Z Unpacking node-decompress-response (6.0.0-2) ...
2026-04-23T21:49:56.1841833Z Selecting previously unselected package node-depd.
2026-04-23T21:49:56.1876898Z Preparing to unpack .../617-node-depd_2.0.0-2_all.deb ...
2026-04-23T21:49:56.1883029Z Unpacking node-depd (2.0.0-2) ...
2026-04-23T21:49:56.2030064Z Selecting previously unselected package node-diff.
2026-04-23T21:49:56.2066370Z Preparing to unpack .../618-node-diff_5.0.0~dfsg+~5.0.1-4_all.deb ...
2026-04-23T21:49:56.2077224Z Unpacking node-diff (5.0.0~dfsg+~5.0.1-4) ...
2026-04-23T21:49:56.2239211Z Selecting previously unselected package node-end-of-stream.
2026-04-23T21:49:56.2274770Z Preparing to unpack .../619-node-end-of-stream_1.4.4+~1.4.1-1_all.deb ...
2026-04-23T21:49:56.2280419Z Unpacking node-end-of-stream (1.4.4+~1.4.1-1) ...
2026-04-23T21:49:56.2395691Z Selecting previously unselected package node-err-code.
2026-04-23T21:49:56.2431295Z Preparing to unpack .../620-node-err-code_2.0.3+dfsg-3_all.deb ...
2026-04-23T21:49:56.2438388Z Unpacking node-err-code (2.0.3+dfsg-3) ...
2026-04-23T21:49:56.2561133Z Selecting previously unselected package node-time-stamp.
2026-04-23T21:49:56.2596819Z Preparing to unpack .../621-node-time-stamp_2.2.0-2_all.deb ...
2026-04-23T21:49:56.2603109Z Unpacking node-time-stamp (2.2.0-2) ...
2026-04-23T21:49:56.2716046Z Selecting previously unselected package node-fancy-log.
2026-04-23T21:49:56.2751116Z Preparing to unpack .../622-node-fancy-log_1.3.3+~cs1.3.1-2_all.deb ...
2026-04-23T21:49:56.2757105Z Unpacking node-fancy-log (1.3.3+~cs1.3.1-2) ...
2026-04-23T21:49:56.2882119Z Selecting previously unselected package node-has-unicode.
2026-04-23T21:49:56.2916675Z Preparing to unpack .../623-node-has-unicode_2.0.1-5_all.deb ...
2026-04-23T21:49:56.2922550Z Unpacking node-has-unicode (2.0.1-5) ...
2026-04-23T21:49:56.3049265Z Selecting previously unselected package node-wide-align.
2026-04-23T21:49:56.3083251Z Preparing to unpack .../624-node-wide-align_1.1.3-4_all.deb ...
2026-04-23T21:49:56.3089421Z Unpacking node-wide-align (1.1.3-4) ...
2026-04-23T21:49:56.3204814Z Selecting previously unselected package node-gauge.
2026-04-23T21:49:56.3239075Z Preparing to unpack .../625-node-gauge_4.0.4-1_all.deb ...
2026-04-23T21:49:56.3245315Z Unpacking node-gauge (4.0.4-1) ...
2026-04-23T21:49:56.3378640Z Selecting previously unselected package node-pump.
2026-04-23T21:49:56.3413016Z Preparing to unpack .../626-node-pump_3.0.0-5_all.deb ...
2026-04-23T21:49:56.3419458Z Unpacking node-pump (3.0.0-5) ...
2026-04-23T21:49:56.3531868Z Selecting previously unselected package node-get-stream.
2026-04-23T21:49:56.3565755Z Preparing to unpack .../627-node-get-stream_6.0.1-1_all.deb ...
2026-04-23T21:49:56.3571737Z Unpacking node-get-stream (6.0.1-1) ...
2026-04-23T21:49:56.3686240Z Selecting previously unselected package node-lowercase-keys.
2026-04-23T21:49:56.3720647Z Preparing to unpack .../628-node-lowercase-keys_2.0.0-2_all.deb ...
2026-04-23T21:49:56.3726422Z Unpacking node-lowercase-keys (2.0.0-2) ...
2026-04-23T21:49:56.3840926Z Selecting previously unselected package node-json-buffer.
2026-04-23T21:49:56.3877964Z Preparing to unpack .../629-node-json-buffer_3.0.1+~3.0.0-1_all.deb ...
2026-04-23T21:49:56.3881609Z Unpacking node-json-buffer (3.0.1+~3.0.0-1) ...
2026-04-23T21:49:56.3997063Z Selecting previously unselected package node-p-cancelable.
2026-04-23T21:49:56.4031475Z Preparing to unpack .../630-node-p-cancelable_2.1.1-1_all.deb ...
2026-04-23T21:49:56.4037546Z Unpacking node-p-cancelable (2.1.1-1) ...
2026-04-23T21:49:56.4154107Z Selecting previously unselected package node-got.
2026-04-23T21:49:56.4188202Z Preparing to unpack .../631-node-got_11.8.5+~cs58.13.36-3_all.deb ...
2026-04-23T21:49:56.4194245Z Unpacking node-got (11.8.5+~cs58.13.36-3) ...
2026-04-23T21:49:56.4467229Z Selecting previously unselected package node-https-proxy-agent.
2026-04-23T21:49:56.4501904Z Preparing to unpack .../632-node-https-proxy-agent_5.0.1+~cs8.0.0-3_all.deb ...
2026-04-23T21:49:56.4508319Z Unpacking node-https-proxy-agent (5.0.1+~cs8.0.0-3) ...
2026-04-23T21:49:56.4653792Z Selecting previously unselected package node-set-blocking.
2026-04-23T21:49:56.4688603Z Preparing to unpack .../633-node-set-blocking_2.0.0-2_all.deb ...
2026-04-23T21:49:56.4696045Z Unpacking node-set-blocking (2.0.0-2) ...
2026-04-23T21:49:56.4815011Z Selecting previously unselected package node-npmlog.
2026-04-23T21:49:56.4855950Z Preparing to unpack .../634-node-npmlog_7.0.1+~4.1.4-1_all.deb ...
2026-04-23T21:49:56.4863043Z Unpacking node-npmlog (7.0.1+~4.1.4-1) ...
2026-04-23T21:49:56.4985723Z Selecting previously unselected package node-osenv.
2026-04-23T21:49:56.5021357Z Preparing to unpack .../635-node-osenv_0.1.5+~0.1.1-1_all.deb ...
2026-04-23T21:49:56.5027432Z Unpacking node-osenv (0.1.5+~0.1.1-1) ...
2026-04-23T21:49:56.5141192Z Selecting previously unselected package node-tar.
2026-04-23T21:49:56.5176621Z Preparing to unpack .../636-node-tar_6.1.13+~cs7.0.5-1_all.deb ...
2026-04-23T21:49:56.5182979Z Unpacking node-tar (6.1.13+~cs7.0.5-1) ...
2026-04-23T21:49:56.5347758Z Selecting previously unselected package node-gyp.
2026-04-23T21:49:56.5383392Z Preparing to unpack .../637-node-gyp_9.3.0-2_all.deb ...
2026-04-23T21:49:56.5389656Z Unpacking node-gyp (9.3.0-2) ...
2026-04-23T21:49:56.5553681Z Selecting previously unselected package node-ieee754.
2026-04-23T21:49:56.5589881Z Preparing to unpack .../638-node-ieee754_1.2.1-3_all.deb ...
2026-04-23T21:49:56.5596339Z Unpacking node-ieee754 (1.2.1-3) ...
2026-04-23T21:49:56.5711810Z Selecting previously unselected package node-ini.
2026-04-23T21:49:56.5748159Z Preparing to unpack .../639-node-ini_3.0.1-2_all.deb ...
2026-04-23T21:49:56.5754689Z Unpacking node-ini (3.0.1-2) ...
2026-04-23T21:49:56.5873072Z Selecting previously unselected package node-ip.
2026-04-23T21:49:56.5909098Z Preparing to unpack .../640-node-ip_2.0.0+~1.1.0-1_all.deb ...
2026-04-23T21:49:56.5915397Z Unpacking node-ip (2.0.0+~1.1.0-1) ...
2026-04-23T21:49:56.6041320Z Selecting previously unselected package node-ip-regex.
2026-04-23T21:49:56.6076418Z Preparing to unpack .../641-node-ip-regex_4.3.0+~4.1.1-1_all.deb ...
2026-04-23T21:49:56.6082238Z Unpacking node-ip-regex (4.3.0+~4.1.1-1) ...
2026-04-23T21:49:56.6197378Z Selecting previously unselected package node-mute-stream.
2026-04-23T21:49:56.6231922Z Preparing to unpack .../642-node-mute-stream_0.0.8+~0.0.1-3_all.deb ...
2026-04-23T21:49:56.6237664Z Unpacking node-mute-stream (0.0.8+~0.0.1-3) ...
2026-04-23T21:49:56.6355703Z Selecting previously unselected package node-negotiator.
2026-04-23T21:49:56.6390032Z Preparing to unpack .../643-node-negotiator_0.6.3+~0.6.1-1_all.deb ...
2026-04-23T21:49:56.6396251Z Unpacking node-negotiator (0.6.3+~0.6.1-1) ...
2026-04-23T21:49:56.6525593Z Selecting previously unselected package node-read-package-json.
2026-04-23T21:49:56.6561401Z Preparing to unpack .../644-node-read-package-json_5.0.2+~2.0.0-1_all.deb ...
2026-04-23T21:49:56.6567688Z Unpacking node-read-package-json (5.0.2+~2.0.0-1) ...
2026-04-23T21:49:56.6690997Z Selecting previously unselected package node-npm-bundled.
2026-04-23T21:49:56.6730006Z Preparing to unpack .../645-node-npm-bundled_2.0.1-2_all.deb ...
2026-04-23T21:49:56.6733231Z Unpacking node-npm-bundled (2.0.1-2) ...
2026-04-23T21:49:56.6853430Z Selecting previously unselected package node-validate-npm-package-name.
2026-04-23T21:49:56.6890041Z Preparing to unpack .../646-node-validate-npm-package-name_5.0.0+~4.0.0-1_all.deb ...
2026-04-23T21:49:56.6896380Z Unpacking node-validate-npm-package-name (5.0.0+~4.0.0-1) ...
2026-04-23T21:49:56.7032434Z Selecting previously unselected package node-npm-package-arg.
2026-04-23T21:49:56.7069650Z Preparing to unpack .../647-node-npm-package-arg_10.0.0+~3.0.0-2_all.deb ...
2026-04-23T21:49:56.7078867Z Unpacking node-npm-package-arg (10.0.0+~3.0.0-2) ...
2026-04-23T21:49:56.7211451Z Selecting previously unselected package xdg-utils.
2026-04-23T21:49:56.7248448Z Preparing to unpack .../648-xdg-utils_1.1.3-4.1_all.deb ...
2026-04-23T21:49:56.7254471Z Unpacking xdg-utils (1.1.3-4.1) ...
2026-04-23T21:49:56.7421444Z Selecting previously unselected package node-opener.
2026-04-23T21:49:56.7458644Z Preparing to unpack .../649-node-opener_1.5.2+~1.4.0-1_all.deb ...
2026-04-23T21:49:56.7465662Z Unpacking node-opener (1.5.2+~1.4.0-1) ...
2026-04-23T21:49:56.7585720Z Selecting previously unselected package node-retry.
2026-04-23T21:49:56.7621685Z Preparing to unpack .../650-node-retry_0.13.1+~0.12.1-1_all.deb ...
2026-04-23T21:49:56.7628559Z Unpacking node-retry (0.13.1+~0.12.1-1) ...
2026-04-23T21:49:56.7752522Z Selecting previously unselected package node-promise-retry.
2026-04-23T21:49:56.7787410Z Preparing to unpack .../651-node-promise-retry_2.0.1-4_all.deb ...
2026-04-23T21:49:56.7795211Z Unpacking node-promise-retry (2.0.1-4) ...
2026-04-23T21:49:56.7908307Z Selecting previously unselected package node-read.
2026-04-23T21:49:56.7942711Z Preparing to unpack .../652-node-read_1.0.7-5_all.deb ...
2026-04-23T21:49:56.7951223Z Unpacking node-read (1.0.7-5) ...
2026-04-23T21:49:56.8071641Z Selecting previously unselected package node-promzard.
2026-04-23T21:49:56.8107235Z Preparing to unpack .../653-node-promzard_0.3.0-2_all.deb ...
2026-04-23T21:49:56.8114082Z Unpacking node-promzard (0.3.0-2) ...
2026-04-23T21:49:56.8230302Z Selecting previously unselected package node-shell-quote.
2026-04-23T21:49:56.8265690Z Preparing to unpack .../654-node-shell-quote_1.7.4+~1.7.1-1_all.deb ...
2026-04-23T21:49:56.8272727Z Unpacking node-shell-quote (1.7.4+~1.7.1-1) ...
2026-04-23T21:49:56.8399983Z Selecting previously unselected package node-stack-utils.
2026-04-23T21:49:56.8435401Z Preparing to unpack .../655-node-stack-utils_2.0.6+~2.0.1-1_all.deb ...
2026-04-23T21:49:56.8451833Z Unpacking node-stack-utils (2.0.6+~2.0.1-1) ...
2026-04-23T21:49:56.8573242Z Selecting previously unselected package node-yaml.
2026-04-23T21:49:56.8609157Z Preparing to unpack .../656-node-yaml_2.1.3-2_all.deb ...
2026-04-23T21:49:56.8616338Z Unpacking node-yaml (2.1.3-2) ...
2026-04-23T21:49:56.8955547Z Selecting previously unselected package node-tap-parser.
2026-04-23T21:49:56.8994433Z Preparing to unpack .../657-node-tap-parser_11.0.2+~cs2.1.4-1_all.deb ...
2026-04-23T21:49:56.9002112Z Unpacking node-tap-parser (11.0.2+~cs2.1.4-1) ...
2026-04-23T21:49:56.9187164Z Selecting previously unselected package node-tap-mocha-reporter.
2026-04-23T21:49:56.9225751Z Preparing to unpack .../658-node-tap-mocha-reporter_5.0.3+~2.0.2-2_all.deb ...
2026-04-23T21:49:56.9233886Z Unpacking node-tap-mocha-reporter (5.0.3+~2.0.2-2) ...
2026-04-23T21:49:56.9393579Z Selecting previously unselected package node-widest-line.
2026-04-23T21:49:56.9429782Z Preparing to unpack .../659-node-widest-line_3.1.0-2_all.deb ...
2026-04-23T21:49:56.9436009Z Unpacking node-widest-line (3.1.0-2) ...
2026-04-23T21:49:56.9556296Z Selecting previously unselected package node-ws.
2026-04-23T21:49:56.9591904Z Preparing to unpack .../660-node-ws_8.11.0+~cs13.7.3-1_all.deb ...
2026-04-23T21:49:56.9597478Z Unpacking node-ws (8.11.0+~cs13.7.3-1) ...
2026-04-23T21:49:56.9758987Z Selecting previously unselected package node-tap.
2026-04-23T21:49:56.9794712Z Preparing to unpack .../661-node-tap_16.3.2+ds1+~cs50.8.16-1+deb12u1_all.deb ...
2026-04-23T21:49:56.9800416Z Unpacking node-tap (16.3.2+ds1+~cs50.8.16-1+deb12u1) ...
2026-04-23T21:49:57.0051299Z Selecting previously unselected package node-text-table.
2026-04-23T21:49:57.0087901Z Preparing to unpack .../662-node-text-table_0.2.0-4_all.deb ...
2026-04-23T21:49:57.0094586Z Unpacking node-text-table (0.2.0-4) ...
2026-04-23T21:49:57.0210272Z Selecting previously unselected package nodejs-doc.
2026-04-23T21:49:57.0246251Z Preparing to unpack .../663-nodejs-doc_18.20.4+dfsg-1~deb12u1_all.deb ...
2026-04-23T21:49:57.0252464Z Unpacking nodejs-doc (18.20.4+dfsg-1~deb12u1) ...
2026-04-23T21:49:57.2217461Z Selecting previously unselected package npm.
2026-04-23T21:49:57.2259901Z Preparing to unpack .../664-npm_9.2.0~ds1-1_all.deb ...
2026-04-23T21:49:57.2321801Z Unpacking npm (9.2.0~ds1-1) ...
2026-04-23T21:49:57.3237773Z Selecting previously unselected package pkgconf-bin.
2026-04-23T21:49:57.3282897Z Preparing to unpack .../665-pkgconf-bin_1.8.1-1_amd64.deb ...
2026-04-23T21:49:57.3289181Z Unpacking pkgconf-bin (1.8.1-1) ...
2026-04-23T21:49:57.3433372Z Selecting previously unselected package pkgconf:amd64.
2026-04-23T21:49:57.3475087Z Preparing to unpack .../666-pkgconf_1.8.1-1_amd64.deb ...
2026-04-23T21:49:57.3494174Z Unpacking pkgconf:amd64 (1.8.1-1) ...
2026-04-23T21:49:57.3637293Z Selecting previously unselected package pkg-config:amd64.
2026-04-23T21:49:57.3677920Z Preparing to unpack .../667-pkg-config_1.8.1-1_amd64.deb ...
2026-04-23T21:49:57.3696154Z Unpacking pkg-config:amd64 (1.8.1-1) ...
2026-04-23T21:49:57.3822981Z Selecting previously unselected package psmisc.
2026-04-23T21:49:57.3863729Z Preparing to unpack .../668-psmisc_23.6-1_amd64.deb ...
2026-04-23T21:49:57.3870149Z Unpacking psmisc (23.6-1) ...
2026-04-23T21:49:57.4224227Z Selecting previously unselected package uuid-dev:amd64.
2026-04-23T21:49:57.4265661Z Preparing to unpack .../669-uuid-dev_2.38.1-5+deb12u3_amd64.deb ...
2026-04-23T21:49:57.4342759Z Unpacking uuid-dev:amd64 (2.38.1-5+deb12u3) ...
2026-04-23T21:49:57.4513772Z Selecting previously unselected package x11-utils.
2026-04-23T21:49:57.4555752Z Preparing to unpack .../670-x11-utils_7.7+5_amd64.deb ...
2026-04-23T21:49:57.4563070Z Unpacking x11-utils (7.7+5) ...
2026-04-23T21:49:57.4839148Z Selecting previously unselected package x11-xserver-utils.
2026-04-23T21:49:57.4880353Z Preparing to unpack .../671-x11-xserver-utils_7.7+9+b1_amd64.deb ...
2026-04-23T21:49:57.4886867Z Unpacking x11-xserver-utils (7.7+9+b1) ...
2026-04-23T21:49:57.5160450Z Selecting previously unselected package xdg-user-dirs.
2026-04-23T21:49:57.5201582Z Preparing to unpack .../672-xdg-user-dirs_0.18-1_amd64.deb ...
2026-04-23T21:49:57.5235268Z Unpacking xdg-user-dirs (0.18-1) ...
2026-04-23T21:49:57.5481146Z Selecting previously unselected package zlib1g-dev:amd64.
2026-04-23T21:49:57.5522751Z Preparing to unpack .../673-zlib1g-dev_1%3a1.2.13.dfsg-1_amd64.deb ...
2026-04-23T21:49:57.5530235Z Unpacking zlib1g-dev:amd64 (1:1.2.13.dfsg-1) ...
2026-04-23T21:49:57.5853828Z Selecting previously unselected package zutty.
2026-04-23T21:49:57.5895835Z Preparing to unpack .../674-zutty_0.14.0.20230218+dfsg1-1_amd64.deb ...
2026-04-23T21:49:57.5901418Z Unpacking zutty (0.14.0.20230218+dfsg1-1) ...
2026-04-23T21:49:57.6307411Z Setting up libksba8:amd64 (1.6.3-2) ...
2026-04-23T21:49:57.6330457Z Setting up media-types (10.0.0) ...
2026-04-23T21:49:57.6356261Z Setting up libtext-iconv-perl:amd64 (1.7-8) ...
2026-04-23T21:49:57.6373424Z Setting up javascript-common (11+nmu1) ...
2026-04-23T21:49:57.6483005Z Setting up libxcb-dri3-0:amd64 (1.15-1) ...
2026-04-23T21:49:57.6500255Z Setting up node-colors (1.4.0-4) ...
2026-04-23T21:49:57.6520319Z Setting up node-fs.realpath (1.0.0-3) ...
2026-04-23T21:49:57.6536846Z Setting up libwayland-server0:amd64 (1.21.0-1) ...
2026-04-23T21:49:57.6556690Z Setting up node-ampproject-remapping (2.2.0+~cs5.15.37-1) ...
2026-04-23T21:49:57.6572162Z Setting up node-diff (5.0.0~dfsg+~5.0.1-4) ...
2026-04-23T21:49:57.6587750Z Setting up libaom3:amd64 (3.6.0-1+deb12u2) ...
2026-04-23T21:49:57.6606147Z Setting up libx11-xcb1:amd64 (2:1.8.4-2+deb12u2) ...
2026-04-23T21:49:57.6624110Z Setting up libpciaccess0:amd64 (0.17-2) ...
2026-04-23T21:49:57.6642076Z Setting up libabsl20220623:amd64 (20220623.1-1+deb12u2) ...
2026-04-23T21:49:57.6660521Z Setting up libapparmor1:amd64 (3.0.8-3) ...
2026-04-23T21:49:57.6677430Z Setting up node-abbrev (1.1.1+~1.1.2-1) ...
2026-04-23T21:49:57.6691570Z Setting up libtie-ixhash-perl (1.23-4) ...
2026-04-23T21:49:57.6706240Z Setting up node-path-is-inside (1.0.2+~1.0.0-1) ...
2026-04-23T21:49:57.6723628Z Setting up libjs-sprintf-js (1.1.2+ds1+~1.1.2-1) ...
2026-04-23T21:49:57.6740648Z Setting up libgpm2:amd64 (1.20.7-10+b1) ...
2026-04-23T21:49:57.6758560Z Setting up libicu72:amd64 (72.1-3+deb12u1) ...
2026-04-23T21:49:57.6776160Z Setting up libxcb-xfixes0:amd64 (1.15-1) ...
2026-04-23T21:49:57.6799430Z Setting up node-pify (5.0.0+~cs5.0.1-1) ...
2026-04-23T21:49:57.6815450Z Setting up node-p-limit (4.0.0+~cs4.0.0-5) ...
2026-04-23T21:49:57.6830748Z Setting up node-yallist (4.0.0+~4.0.1-1) ...
2026-04-23T21:49:57.6845862Z Setting up liblerc4:amd64 (4.0.0+ds-2) ...
2026-04-23T21:49:57.6864673Z Setting up libzstd-dev:amd64 (1.5.4+dfsg2-5) ...
2026-04-23T21:49:57.6880266Z Setting up libjs-inherits (2.0.4-6) ...
2026-04-23T21:49:57.6896536Z Setting up node-p-cancelable (2.1.1-1) ...
2026-04-23T21:49:57.6911782Z Setting up node-is-windows (1.0.2+~cs1.0.0-1) ...
2026-04-23T21:49:57.6929398Z Setting up node-ansi-regex (5.0.1-1) ...
2026-04-23T21:49:57.6949627Z Setting up libxpm4:amd64 (1:3.5.12-1.1+deb12u1) ...
2026-04-23T21:49:57.6969802Z Setting up libglvnd-core-dev:amd64 (1.6.0-1) ...
2026-04-23T21:49:57.6986679Z Setting up node-yaml (2.1.3-2) ...
2026-04-23T21:49:57.7002041Z Setting up libxi6:amd64 (2:1.8-1+b1) ...
2026-04-23T21:49:57.7019121Z Setting up node-loader-runner (4.3.0-1) ...
2026-04-23T21:49:57.7036950Z Setting up libfont-afm-perl (1.20-4) ...
2026-04-23T21:49:57.7056755Z Setting up node-object-inspect (1.12.2+~cs1.8.1-1) ...
2026-04-23T21:49:57.7073882Z Setting up libxrender1:amd64 (1:0.9.10-1.1) ...
2026-04-23T21:49:57.7093702Z Setting up node-slash (4.0.0-3) ...
2026-04-23T21:49:57.7109977Z Setting up xdg-user-dirs (0.18-1) ...
2026-04-23T21:49:57.7169842Z Setting up node-util-deprecate (1.0.2-3) ...
2026-04-23T21:49:57.7187410Z Setting up libmagic-mgc (1:5.44-3) ...
2026-04-23T21:49:57.7209292Z Setting up node-ieee754 (1.2.1-3) ...
2026-04-23T21:49:57.7226330Z Setting up node-fs-readdir-recursive (1.1.0+~1.1.0-1) ...
2026-04-23T21:49:57.7242334Z Setting up node-v8flags (3.2.0+~3.1.1-1) ...
2026-04-23T21:49:57.7260109Z Setting up node-retry (0.13.1+~0.12.1-1) ...
2026-04-23T21:49:57.7276650Z Setting up libfile-fcntllock-perl (0.22-4+b1) ...
2026-04-23T21:49:57.7295735Z Setting up node-get-caller-file (2.0.5+~cs1.1.1-4) ...
2026-04-23T21:49:57.7312725Z Setting up node-arrify (2.0.1-3) ...
2026-04-23T21:49:57.7330874Z Setting up psmisc (23.6-1) ...
2026-04-23T21:49:57.7362781Z Setting up libclone-perl:amd64 (0.46-1) ...
2026-04-23T21:49:57.7380309Z Setting up libalgorithm-diff-perl (1.201-1) ...
2026-04-23T21:49:57.7410870Z Setting up node-eslint-visitor-keys (3.3.0+~1.0.0-1) ...
2026-04-23T21:49:57.7426261Z Setting up libglib2.0-0:amd64 (2.74.6-2+deb12u8) ...
2026-04-23T21:49:57.7463882Z No schema files found: doing nothing.
2026-04-23T21:49:57.7486847Z Setting up node-caniuse-lite (1.0.30001436+dfsg+~1.0.1-1) ...
2026-04-23T21:49:57.7502794Z Setting up manpages (6.03-2) ...
2026-04-23T21:49:57.7518623Z Setting up node-isobject (4.0.0-2) ...
2026-04-23T21:49:57.7534995Z Setting up libglvnd0:amd64 (1.6.0-1) ...
2026-04-23T21:49:57.7564450Z Setting up node-get-value (1:3.0.1-4) ...
2026-04-23T21:49:57.7590959Z Setting up libio-stringy-perl (2.111-3) ...
2026-04-23T21:49:57.7611665Z Setting up node-delegates (1.0.0-3) ...
2026-04-23T21:49:57.7628800Z Setting up libtirpc-common (1.3.3+ds-1) ...
2026-04-23T21:49:57.7652498Z Setting up libhtml-tagset-perl (3.20-6) ...
2026-04-23T21:49:57.7668335Z Setting up node-depd (2.0.0-2) ...
2026-04-23T21:49:57.7687195Z Setting up libauthen-sasl-perl (2.1600-3) ...
2026-04-23T21:49:57.7705056Z Setting up libxcb-glx0:amd64 (1.15-1) ...
2026-04-23T21:49:57.7722476Z Setting up node-isexe (2.0.0+~2.0.1-5) ...
2026-04-23T21:49:57.7753279Z Setting up node-jsonparse (1.3.1-10) ...
2026-04-23T21:49:57.7769081Z Setting up libsqlite3-0:amd64 (3.40.1-2+deb12u2) ...
2026-04-23T21:49:57.7785805Z Setting up node-core-js-pure (3.26.1-3) ...
2026-04-23T21:49:57.7802088Z Setting up node-es-module-lexer (1.1.0+dfsg-2+deb12u1) ...
2026-04-23T21:49:57.7819093Z Setting up node-path-exists (5.0.0-8) ...
2026-04-23T21:49:57.7835631Z Setting up liblwp-mediatypes-perl (6.04-2) ...
2026-04-23T21:49:57.7855371Z Setting up libgdk-pixbuf2.0-common (2.42.10+dfsg-1+deb12u4) ...
2026-04-23T21:49:57.7875811Z Setting up node-unicode-match-property-value-ecmascript (2.1.0+ds-1) ...
2026-04-23T21:49:57.7892083Z Setting up node-escape-string-regexp (4.0.0-2) ...
2026-04-23T21:49:57.7909724Z Setting up node-through (2.3.8+~cs0.0.30-1) ...
2026-04-23T21:49:57.7926774Z Setting up libxcb-shape0:amd64 (1.15-1) ...
2026-04-23T21:49:57.7944373Z Setting up binutils-common:amd64 (2.40-2) ...
2026-04-23T21:49:57.7966944Z Setting up libjs-source-map (0.7.0++dfsg2+really.0.6.1-15) ...
2026-04-23T21:49:57.8050229Z Setting up x11-common (1:7.7+23) ...
2026-04-23T21:49:57.8735718Z debconf: unable to initialize frontend: Dialog
2026-04-23T21:49:57.8736099Z debconf: (TERM is not set, so the dialog frontend is not usable.)
2026-04-23T21:49:57.8736435Z debconf: falling back to frontend: Readline
2026-04-23T21:49:57.8779881Z debconf: unable to initialize frontend: Readline
2026-04-23T21:49:57.8780432Z debconf: (This frontend requires a controlling tty.)
2026-04-23T21:49:57.8780727Z debconf: falling back to frontend: Teletype
2026-04-23T21:49:57.8903528Z invoke-rc.d: could not determine current runlevel
2026-04-23T21:49:57.8925776Z invoke-rc.d: policy-rc.d denied execution of restart.
2026-04-23T21:49:57.8954899Z Setting up node-p-locate (6.0.0-12) ...
2026-04-23T21:49:57.8973366Z Setting up libtry-tiny-perl (0.31-2) ...
2026-04-23T21:49:57.9000801Z Setting up libsensors-config (1:3.6.0-7.1) ...
2026-04-23T21:49:57.9033402Z Setting up node-negotiator (0.6.3+~0.6.1-1) ...
2026-04-23T21:49:57.9050686Z Setting up node-tslib (2.4.1-1) ...
2026-04-23T21:49:57.9068229Z Setting up libmagic1:amd64 (1:5.44-3) ...
2026-04-23T21:49:57.9094754Z Setting up node-strip-bom (4.0.0-2) ...
2026-04-23T21:49:57.9113850Z Setting up libxxf86dga1:amd64 (2:1.1.5-1) ...
2026-04-23T21:49:57.9131073Z Setting up libdeflate0:amd64 (1.14-1) ...
2026-04-23T21:49:57.9149266Z Setting up perl-openssl-defaults:amd64 (7+b1) ...
2026-04-23T21:49:57.9167279Z Setting up node-stack-utils (2.0.6+~2.0.1-1) ...
2026-04-23T21:49:57.9184619Z Setting up linux-libc-dev:amd64 (6.1.164-1) ...
2026-04-23T21:49:57.9201856Z Setting up libctf-nobfd0:amd64 (2.40-2) ...
2026-04-23T21:49:57.9218105Z Setting up node-ci-info (3.6.1+~cs1.1.0-1) ...
2026-04-23T21:49:57.9237723Z Setting up node-color-name (1.1.4+~1.1.1-2) ...
2026-04-23T21:49:57.9253507Z Setting up node-chrome-trace-event (1.0.3-2) ...
2026-04-23T21:49:57.9272430Z Setting up node-json-buffer (3.0.1+~3.0.0-1) ...
2026-04-23T21:49:57.9289643Z Setting up node-electron-to-chromium (1.4.284-1) ...
2026-04-23T21:49:57.9309493Z Setting up libencode-locale-perl (1.05-3) ...
2026-04-23T21:49:57.9327701Z Setting up node-cjs-module-lexer (1.2.2+dfsg-5) ...
2026-04-23T21:49:57.9342712Z Setting up node-console-control-strings (1.1.0-3) ...
2026-04-23T21:49:57.9360952Z Setting up libnpth0:amd64 (1.6-3) ...
2026-04-23T21:49:57.9376165Z Setting up linux-headers-6.1.0-44-common (6.1.164-1) ...
2026-04-23T21:49:57.9399253Z Setting up node-source-list-map (2.0.1+dfsg-2) ...
2026-04-23T21:49:57.9414809Z Setting up libxcb-shm0:amd64 (1.15-1) ...
2026-04-23T21:49:57.9432169Z Setting up node-camelcase (7.0.0-3) ...
2026-04-23T21:49:57.9451595Z Setting up node-resumer (0.0.0-6) ...
2026-04-23T21:49:57.9489169Z Setting up libc-ares2:amd64 (1.18.1-3) ...
2026-04-23T21:49:57.9508386Z Setting up file (1:5.44-3) ...
2026-04-23T21:49:57.9522825Z Setting up node-uuid (8.3.2+~8.3.3-3) ...
2026-04-23T21:49:57.9538317Z Setting up libsvtav1enc1:amd64 (1.4.1+dfsg-1) ...
2026-04-23T21:49:57.9555070Z Setting up libassuan0:amd64 (2.5.5-5) ...
2026-04-23T21:49:57.9571033Z Setting up node-pascalcase (1.0.0-1) ...
2026-04-23T21:49:57.9586708Z Setting up libgomp1:amd64 (12.2.0-14+deb12u1) ...
2026-04-23T21:49:57.9604559Z Setting up bzip2 (1.0.8-5+b1) ...
2026-04-23T21:49:57.9621980Z Setting up node-auto-bind (4.0.0-2) ...
2026-04-23T21:49:57.9640898Z Setting up node-terser (5.16.5-2) ...
2026-04-23T21:49:57.9659337Z Setting up libpthread-stubs0-dev:amd64 (0.4-1) ...
2026-04-23T21:49:57.9674864Z Setting up libjbig0:amd64 (2.1-6.1) ...
2026-04-23T21:49:57.9694106Z Setting up node-path-type (4.0.0-3) ...
2026-04-23T21:49:57.9711297Z Setting up node-indent-string (4.0.0-2) ...
2026-04-23T21:49:57.9728676Z Setting up librav1e0:amd64 (0.5.1-6) ...
2026-04-23T21:49:57.9746609Z Setting up libsource-highlight-common (3.1.9-4.2) ...
2026-04-23T21:49:57.9762363Z Setting up libopengl0:amd64 (1.6.0-1) ...
2026-04-23T21:49:57.9783183Z Setting up node-typedarray (0.0.7-1) ...
2026-04-23T21:49:57.9800446Z Setting up libfakeroot:amd64 (1.31-1.2) ...
2026-04-23T21:49:57.9824571Z Setting up libjansson4:amd64 (2.14-2) ...
2026-04-23T21:49:57.9841980Z Setting up node-function-bind (1.1.1+repacked+~1.0.3-2) ...
2026-04-23T21:49:57.9860815Z Setting up libxxf86vm1:amd64 (1:1.1.4-1+b2) ...
2026-04-23T21:49:57.9879709Z Setting up libc6-dbg:amd64 (2.36-9+deb12u13) ...
2026-04-23T21:49:57.9897226Z Setting up node-clone (2.1.2-4) ...
2026-04-23T21:49:57.9915943Z Setting up node-p-map (4.0.0+~3.1.0+~3.0.1-1) ...
2026-04-23T21:49:57.9932383Z Setting up node-iferr (1.0.2+~1.0.2-1) ...
2026-04-23T21:49:57.9953080Z Setting up node-chownr (2.0.0-2) ...
2026-04-23T21:49:57.9975270Z Setting up node-has-flag (4.0.0-3) ...
2026-04-23T21:49:57.9996438Z Setting up node-estraverse (5.3.0+ds+~5.1.1-1) ...
2026-04-23T21:49:58.0014587Z Setting up node-regjsgen (0.7.1+ds-1) ...
2026-04-23T21:49:58.0033456Z Setting up fakeroot (1.31-1.2) ...
2026-04-23T21:49:58.0059528Z update-alternatives: using /usr/bin/fakeroot-sysv to provide /usr/bin/fakeroot (fakeroot) in auto mode
2026-04-23T21:49:58.0090125Z Setting up libxcb-present0:amd64 (1.15-1) ...
2026-04-23T21:49:58.0109811Z Setting up node-lodash-packages (4.17.21+dfsg+~cs8.31.198.20210220-9) ...
2026-04-23T21:49:58.0130161Z Setting up libasound2-data (1.2.8-1) ...
2026-04-23T21:49:58.0148297Z Setting up node-json-schema-traverse (1.0.0-3) ...
2026-04-23T21:49:58.0165456Z Setting up node-inherits (2.0.4-6) ...
2026-04-23T21:49:58.0182592Z Setting up node-path-is-absolute (2.0.0-2) ...
2026-04-23T21:49:58.0200899Z Setting up node-locate-path (7.1.1-2) ...
2026-04-23T21:49:58.0224973Z Setting up xtrans-dev (1.4.0-1) ...
2026-04-23T21:49:58.0237809Z Setting up node-ini (3.0.1-2) ...
2026-04-23T21:49:58.0261569Z Setting up node-postcss-value-parser (4.2.0-1) ...
2026-04-23T21:49:58.0279031Z Setting up libfontenc1:amd64 (1:1.1.4-1) ...
2026-04-23T21:49:58.0297222Z Setting up node-is-descriptor (3.0.0-2) ...
2026-04-23T21:49:58.0313638Z Setting up libz3-4:amd64 (4.8.12-3.1) ...
2026-04-23T21:49:58.0333638Z Setting up node-safe-buffer (5.2.1+~cs2.1.2-3) ...
2026-04-23T21:49:58.0350074Z Setting up node-promise-inflight (1.0.1+~1.0.0-1) ...
2026-04-23T21:49:58.0368554Z Setting up libglib2.0-data (2.74.6-2+deb12u8) ...
2026-04-23T21:49:58.0384402Z Setting up libpkgconf3:amd64 (1.8.1-1) ...
2026-04-23T21:49:58.0400246Z Setting up libgmpxx4ldbl:amd64 (2:6.2.1+dfsg1-1.1) ...
2026-04-23T21:49:58.0440163Z Setting up libuv1:amd64 (1.44.2-1+deb12u1) ...
2026-04-23T21:49:58.0523010Z Setting up rpcsvc-proto (1.4.3-1) ...
2026-04-23T21:49:58.0540555Z Setting up libgles2:amd64 (1.6.0-1) ...
2026-04-23T21:49:58.0558498Z Setting up node-json-parse-better-errors (1.0.2+~cs3.3.1-2) ...
2026-04-23T21:49:58.0580467Z Setting up libjpeg62-turbo:amd64 (1:2.1.5-2) ...
2026-04-23T21:49:58.0607559Z Setting up node-unicode-canonical-property-names-ecmascript (2.0.0-2) ...
2026-04-23T21:49:58.0622331Z Setting up node-sprintf-js (1.1.2+ds1+~1.1.2-1) ...
2026-04-23T21:49:58.0676469Z Setting up node-flatted (3.2.7~ds-1) ...
2026-04-23T21:49:58.0693762Z Setting up node-y18n (5.0.8+~5.0.0-3) ...
2026-04-23T21:49:58.0713203Z Setting up node-fast-deep-equal (3.1.3-3) ...
2026-04-23T21:49:58.0731831Z Setting up node-shebang-regex (3.0.0-2) ...
2026-04-23T21:49:58.0747866Z Setting up node-err-code (2.0.3+dfsg-3) ...
2026-04-23T21:49:58.0767314Z Setting up libdata-dump-perl (1.25-1) ...
2026-04-23T21:49:58.0784330Z Setting up node-resolve-from (5.0.0+~3.1.0+~3.3.0+~2.0.0-1) ...
2026-04-23T21:49:58.0803717Z Setting up make (4.3-4.1) ...
2026-04-23T21:49:58.0820090Z Setting up libmpfr6:amd64 (4.2.0-1) ...
2026-04-23T21:49:58.0835969Z Setting up gnupg-l10n (2.2.40-1.1+deb12u2) ...
2026-04-23T21:49:58.0855851Z Setting up libxfixes3:amd64 (1:6.0.0-2) ...
2026-04-23T21:49:58.0873259Z Setting up libxcb-sync1:amd64 (1.15-1) ...
2026-04-23T21:49:58.0897919Z Setting up libipc-system-simple-perl (1.30-2) ...
2026-04-23T21:49:58.0912912Z Setting up node-balanced-match (2.0.0-1) ...
2026-04-23T21:49:58.0931572Z Setting up node-convert-source-map (1.9.0+~1.5.2-1) ...
2026-04-23T21:49:58.0947049Z Setting up libxml-xpathengine-perl (0.14-2) ...
2026-04-23T21:49:58.0965367Z Setting up node-brace-expansion (2.0.1-2) ...
2026-04-23T21:49:58.0982289Z Setting up node-is-stream (3.0.0-4) ...
2026-04-23T21:49:58.1000650Z Setting up node-spdx-exceptions (2.3.0-2) ...
2026-04-23T21:49:58.1017293Z Setting up libgles1:amd64 (1.6.0-1) ...
2026-04-23T21:49:58.1033678Z Setting up libdbus-1-3:amd64 (1.14.10-1~deb12u1) ...
2026-04-23T21:49:58.1090281Z Setting up xz-utils (5.4.1-1) ...
2026-04-23T21:49:58.1118875Z update-alternatives: using /usr/bin/xz to provide /usr/bin/lzma (lzma) in auto mode
2026-04-23T21:49:58.1150356Z Setting up libboost-regex1.74.0:amd64 (1.74.0+ds1-21) ...
2026-04-23T21:49:58.1165595Z Setting up libquadmath0:amd64 (12.2.0-14+deb12u1) ...
2026-04-23T21:49:58.1181061Z Setting up libxinerama1:amd64 (2:1.1.4-3) ...
2026-04-23T21:49:58.1196349Z Setting up node-js-tokens (8.0.0-2) ...
2026-04-23T21:49:58.1213670Z Setting up node-core-js (3.26.1-3) ...
2026-04-23T21:49:58.1229941Z Setting up node-interpret (2.2.0-3) ...
2026-04-23T21:49:58.1247913Z Setting up libproc2-0:amd64 (2:4.0.2-3) ...
2026-04-23T21:49:58.1267159Z Setting up node-set-blocking (2.0.0-2) ...
2026-04-23T21:49:58.1284437Z Setting up node-prr (1.0.1-3) ...
2026-04-23T21:49:58.1299885Z Setting up libxv1:amd64 (2:1.0.11-1.1) ...
2026-04-23T21:49:58.1317746Z Setting up libssl-dev:amd64 (3.0.19-1~deb12u2) ...
2026-04-23T21:49:58.1333934Z Setting up libpng16-16:amd64 (1.6.39-2+deb12u4) ...
2026-04-23T21:49:58.1350099Z Setting up libmpc3:amd64 (1.3.1-1) ...
2026-04-23T21:49:58.1370215Z Setting up node-repeat-string (1.6.1+repack-1) ...
2026-04-23T21:49:58.1387949Z Setting up libatomic1:amd64 (12.2.0-14+deb12u1) ...
2026-04-23T21:49:58.1406021Z Setting up libio-html-perl (1.004-3) ...
2026-04-23T21:49:58.1423330Z Setting up node-globals (13.18.0-1) ...
2026-04-23T21:49:58.1440714Z Setting up node-deep-is (0.1.4-1) ...
2026-04-23T21:49:58.1464627Z Setting up libxrandr2:amd64 (2:1.5.2-2+b1) ...
2026-04-23T21:49:58.1480655Z Setting up libjsoncpp25:amd64 (1.9.5-4) ...
2026-04-23T21:49:58.1495958Z Setting up libipt2 (2.0.5-1) ...
2026-04-23T21:49:58.1511497Z Setting up fonts-dejavu-core (2.37-6) ...
2026-04-23T21:49:58.1618368Z Setting up node-signal-exit (3.0.7+~3.0.1-1) ...
2026-04-23T21:49:58.1633453Z Setting up libgav1-1:amd64 (0.18.0-1+b1) ...
2026-04-23T21:49:58.1654544Z Setting up node-randombytes (2.1.0+~2.0.0-2) ...
2026-04-23T21:49:58.1672895Z Setting up pkgconf-bin (1.8.1-1) ...
2026-04-23T21:49:58.1691292Z Setting up libsensors5:amd64 (1:3.6.0-7.1) ...
2026-04-23T21:49:58.1711136Z Setting up libncursesw6:amd64 (6.4-4) ...
2026-04-23T21:49:58.1727927Z Setting up node-source-map (0.7.0++dfsg2+really.0.6.1-15) ...
2026-04-23T21:49:58.1781184Z Setting up libdav1d6:amd64 (1.0.0-2+deb12u1) ...
2026-04-23T21:49:58.1797084Z Setting up node-wrappy (1.0.2-3) ...
2026-04-23T21:49:58.1824355Z Setting up node-object-visit (1.0.1-5) ...
2026-04-23T21:49:58.1841648Z Setting up libglapi-mesa:amd64 (22.3.6-1+deb12u1) ...
2026-04-23T21:49:58.1858192Z Setting up node-text-table (0.2.0-4) ...
2026-04-23T21:49:58.1875346Z Setting up libdpkg-perl (1.21.22) ...
2026-04-23T21:49:58.1892870Z Setting up node-require-directory (2.1.1+~2.1.2-1) ...
2026-04-23T21:49:58.1915209Z Setting up node-ip (2.0.0+~1.1.0-1) ...
2026-04-23T21:49:58.1932473Z Setting up nodejs-doc (18.20.4+dfsg-1~deb12u1) ...
2026-04-23T21:49:58.1947851Z Setting up node-quick-lru (6.1.1-4) ...
2026-04-23T21:49:58.1967016Z Setting up node-regenerator-runtime (0.15.1+~0.10.8-1) ...
2026-04-23T21:49:58.1994312Z Setting up libwebp7:amd64 (1.2.4-0.2+deb12u1) ...
2026-04-23T21:49:58.2013602Z Setting up libtimedate-perl (2.3300-2) ...
2026-04-23T21:49:58.2037944Z Setting up libregexp-ipv6-perl (0.03-3) ...
2026-04-23T21:49:58.2053903Z Setting up libubsan1:amd64 (12.2.0-14+deb12u1) ...
2026-04-23T21:49:58.2070017Z Setting up libxcb-dri2-0:amd64 (1.15-1) ...
2026-04-23T21:49:58.2085863Z Setting up node-to-fast-properties (3.0.1-3) ...
2026-04-23T21:49:58.2102422Z Setting up node-defaults (1.0.4+~1.0.3-1) ...
2026-04-23T21:49:58.2118140Z Setting up node-mute-stream (0.0.8+~0.0.1-3) ...
2026-04-23T21:49:58.2135479Z Setting up node-memfs (3.4.12+~cs1.0.3-1) ...
2026-04-23T21:49:58.2155026Z Setting up node-mimic-response (3.1.0-8) ...
2026-04-23T21:49:58.2171090Z Setting up node-commander (9.4.1-1) ...
2026-04-23T21:49:58.2255858Z Setting up libnuma1:amd64 (2.0.16-1) ...
2026-04-23T21:49:58.2266890Z Setting up libjs-typedarray-to-buffer (4.0.0-2) ...
2026-04-23T21:49:58.2284399Z Setting up alsa-topology-conf (1.2.5.1-2) ...
2026-04-23T21:49:58.2300422Z Setting up sensible-utils (0.0.17+nmu1) ...
2026-04-23T21:49:58.2316229Z Setting up node-graceful-fs (4.2.10-1) ...
2026-04-23T21:49:58.2333186Z Setting up node-merge-stream (2.0.0+~1.1.2-2) ...
2026-04-23T21:49:58.2349920Z Setting up node-is-path-cwd (2.2.0-2) ...
2026-04-23T21:49:58.2366453Z Setting up libxshmfence1:amd64 (1.3-1) ...
2026-04-23T21:49:58.2386340Z Setting up librhash0:amd64 (1.4.3-3) ...
2026-04-23T21:49:58.2402495Z Setting up libcrypt-dev:amd64 (1:4.4.33-2) ...
2026-04-23T21:49:58.2449351Z Setting up libtiff6:amd64 (4.5.0-6+deb12u4) ...
2026-04-23T21:49:58.2475299Z Setting up libxcb-randr0:amd64 (1.15-1) ...
2026-04-23T21:49:58.2497441Z Setting up dbus-session-bus-common (1.14.10-1~deb12u1) ...
2026-04-23T21:49:58.2513763Z Setting up libiberty-dev:amd64 (20230104-1) ...
2026-04-23T21:49:58.2529607Z Setting up node-jsonify (0.0.1-1) ...
2026-04-23T21:49:58.2545017Z Setting up libasan8:amd64 (12.2.0-14+deb12u1) ...
2026-04-23T21:49:58.2561885Z Setting up procps (2:4.0.2-3) ...
2026-04-23T21:49:58.2721742Z Setting up libasound2:amd64 (1.2.8-1+b1) ...
2026-04-23T21:49:58.2738979Z Setting up node-json-stable-stringify (1.0.2+~cs5.2.34-1) ...
2026-04-23T21:49:58.2754893Z Setting up node-fast-levenshtein (2.0.6+ds-3) ...
2026-04-23T21:49:58.2771115Z Setting up libjs-regenerate (1.4.2-3) ...
2026-04-23T21:49:58.2788548Z Setting up node-aproba (2.0.0-3) ...
2026-04-23T21:49:58.2806060Z Setting up node-unicode-property-aliases-ecmascript (2.1.0+ds-1) ...
2026-04-23T21:49:58.2821260Z Setting up node-binary-extensions (2.2.0-2) ...
2026-04-23T21:49:58.2836939Z Setting up node-is-plain-object (5.0.0-7) ...
2026-04-23T21:49:58.2853586Z Setting up node-eslint-utils (3.0.0-3) ...
2026-04-23T21:49:58.2870165Z Setting up node-path-dirname (1.0.2-2) ...
2026-04-23T21:49:58.2887268Z Setting up node-ip-regex (4.3.0+~4.1.1-1) ...
2026-04-23T21:49:58.2903300Z Setting up libcurl4:amd64 (7.88.1-10+deb12u14) ...
2026-04-23T21:49:58.2919846Z Setting up node-spdx-license-ids (3.0.12-1) ...
2026-04-23T21:49:58.2959403Z Setting up node-string-decoder (1.3.0-6) ...
2026-04-23T21:49:58.2975922Z Setting up xorg-sgml-doctools (1:1.11-1.1) ...
2026-04-23T21:49:58.2992179Z Setting up node-esutils (2.0.3+~2.0.0-1) ...
2026-04-23T21:49:58.3008425Z Setting up node-time-stamp (2.2.0-2) ...
2026-04-23T21:49:58.3025696Z Setting up node-commondir (1.0.1+~1.0.0-1) ...
2026-04-23T21:49:58.3039958Z Setting up libjs-prettify (2015.12.04+dfsg-1.1) ...
2026-04-23T21:49:58.3054439Z Setting up libjs-events (3.3.0+~3.0.0-3) ...
2026-04-23T21:49:58.3068810Z Setting up cmake-data (3.25.1-1) ...
2026-04-23T21:49:58.3116178Z Setting up node-run-queue (2.0.0-3) ...
2026-04-23T21:49:58.3132424Z Setting up libglu1-mesa:amd64 (9.0.2-1.1) ...
2026-04-23T21:49:58.3147717Z Setting up node-core-util-is (1.0.3-1) ...
2026-04-23T21:49:58.3163788Z Setting up node-json-schema (0.4.0+~7.0.11-1) ...
2026-04-23T21:49:58.3181175Z Setting up node-prelude-ls (1.2.1+dfsg-3) ...
2026-04-23T21:49:58.3198017Z Setting up node-minimatch (5.1.1+~5.1.2-1) ...
2026-04-23T21:49:58.3213813Z Setting up libxkbfile1:amd64 (1:1.1.0-1) ...
2026-04-23T21:49:58.3228943Z Setting up node-cli-boxes (2.2.1-2) ...
2026-04-23T21:49:58.3244292Z Setting up libtsan2:amd64 (12.2.0-14+deb12u1) ...
2026-04-23T21:49:58.3262083Z Setting up libopengl-dev:amd64 (1.6.0-1) ...
2026-04-23T21:49:58.3277661Z Setting up libbinutils:amd64 (2.40-2) ...
2026-04-23T21:49:58.3292861Z Setting up libjs-async (0.8.0-6) ...
2026-04-23T21:49:58.3308309Z Setting up dbus-system-bus-common (1.14.10-1~deb12u1) ...
2026-04-23T21:49:58.3728041Z Setting up node-imurmurhash (0.1.4+dfsg+~0.1.1-2) ...
2026-04-23T21:49:58.3742956Z Setting up node-xtend (4.0.2-3) ...
2026-04-23T21:49:58.3759113Z Setting up libisl23:amd64 (0.25-1.1) ...
2026-04-23T21:49:58.3775557Z Setting up node-set-immediate-shim (2.0.0-2) ...
2026-04-23T21:49:58.3792268Z Setting up libasound2-dev:amd64 (1.2.8-1+b1) ...
2026-04-23T21:49:58.3808106Z Setting up node-foreground-child (2.0.0-5) ...
2026-04-23T21:49:58.3826420Z Setting up libde265-0:amd64 (1.0.11-1+deb12u2) ...
2026-04-23T21:49:58.3842094Z Setting up libc-dev-bin (2.36-9+deb12u13) ...
2026-04-23T21:49:58.3859466Z Setting up node-wordwrap (1.0.0-4) ...
2026-04-23T21:49:58.3883731Z Setting up node-read (1.0.7-5) ...
2026-04-23T21:49:58.3901401Z Setting up node-regexpp (3.2.0-4) ...
2026-04-23T21:49:58.3916674Z Setting up node-is-arrayish (0.3.2-3) ...
2026-04-23T21:49:58.3932290Z Setting up libdrm-common (2.4.114-1) ...
2026-04-23T21:49:58.3948107Z Setting up libyuv0:amd64 (0.0~git20230123.b2528b0-1) ...
2026-04-23T21:49:58.3964352Z Setting up libelf1:amd64 (0.188-2.1) ...
2026-04-23T21:49:58.3981184Z Setting up node-base64-js (1.5.1+dfsg+~1.3.0-2) ...
2026-04-23T21:49:58.3998266Z Setting up node-map-visit (1.0.0-4) ...
2026-04-23T21:49:58.4013462Z Setting up libxcomposite1:amd64 (1:0.4.5-1) ...
2026-04-23T21:49:58.4036872Z Setting up node-esquery (1.4.2~ds-1) ...
2026-04-23T21:49:58.4064983Z Setting up node-npm-run-path (5.1.0+~4.0.0-8) ...
2026-04-23T21:49:58.4082468Z Setting up libalgorithm-diff-xs-perl:amd64 (0.04-8+b1) ...
2026-04-23T21:49:58.4098371Z Setting up readline-common (8.2-1.3) ...
2026-04-23T21:49:58.4133710Z Setting up libxml2:amd64 (2.9.14+dfsg-1.3~deb12u5) ...
2026-04-23T21:49:58.4150442Z Setting up node-is-buffer (2.0.5-2) ...
2026-04-23T21:49:58.4166192Z Setting up xdg-utils (1.1.3-4.1) ...
2026-04-23T21:49:58.4188965Z update-alternatives: using /usr/bin/xdg-open to provide /usr/bin/open (open) in auto mode
2026-04-23T21:49:58.4205833Z Setting up node-color-convert (2.0.1+~cs2.0.0-2) ...
2026-04-23T21:49:58.4222460Z Setting up libcc1-0:amd64 (12.2.0-14+deb12u1) ...
2026-04-23T21:49:58.4244687Z Setting up liburi-perl (5.17-1) ...
2026-04-23T21:49:58.4260156Z Setting up dbus-bin (1.14.10-1~deb12u1) ...
2026-04-23T21:49:58.4276925Z Setting up liblocale-gettext-perl (1.07-5) ...
2026-04-23T21:49:58.4295234Z Setting up libx11-protocol-perl (0.56-9) ...
2026-04-23T21:49:58.4311570Z Setting up node-data-uri-to-buffer (4.0.0-3) ...
2026-04-23T21:49:58.4389643Z Setting up liblsan0:amd64 (12.2.0-14+deb12u1) ...
2026-04-23T21:49:58.4406244Z Setting up node-async-each (1.0.3-3) ...
2026-04-23T21:49:58.4421250Z Setting up libitm1:amd64 (12.2.0-14+deb12u1) ...
2026-04-23T21:49:58.4439513Z Setting up node-isarray (2.0.5-4) ...
2026-04-23T21:49:58.4455754Z Setting up node-osenv (0.1.5+~0.1.1-1) ...
2026-04-23T21:49:58.4473186Z Setting up libsource-highlight4v5:amd64 (3.1.9-4.2+b3) ...
2026-04-23T21:49:58.4489145Z Setting up node-is-plain-obj (3.0.0-2) ...
2026-04-23T21:49:58.4503087Z Setting up node-is-extglob (2.1.1-5) ...
2026-04-23T21:49:58.4538107Z Setting up node-tapable (2.2.1-2) ...
2026-04-23T21:49:58.4553156Z Setting up node-shebang-command (2.0.0-1) ...
2026-04-23T21:49:58.4567973Z Setting up libalgorithm-merge-perl (0.08-5) ...
2026-04-23T21:49:58.4584881Z Setting up libjs-is-typedarray (1.0.0-4) ...
2026-04-23T21:49:58.4599938Z Setting up node-lowercase-keys (2.0.0-2) ...
2026-04-23T21:49:58.4616599Z Setting up libhiredis0.14:amd64 (0.14.1-3) ...
2026-04-23T21:49:58.4632985Z Setting up node-babel-plugin-add-module-exports (1.0.4+dfsg1~cs5.8.0-4) ...
2026-04-23T21:49:58.4648578Z Setting up node-decompress-response (6.0.0-2) ...
2026-04-23T21:49:58.4662278Z Setting up node-process-nextick-args (2.0.1-3) ...
2026-04-23T21:49:58.4684735Z Setting up node-has-unicode (2.0.1-5) ...
2026-04-23T21:49:58.4700108Z Setting up node-busboy (1.6.0+~cs2.6.0-2) ...
2026-04-23T21:49:58.4715754Z Setting up libwayland-client0:amd64 (1.21.0-1) ...
2026-04-23T21:49:58.4731615Z Setting up libctf0:amd64 (2.40-2) ...
2026-04-23T21:49:58.4747676Z Setting up libnet-ssleay-perl:amd64 (1.92-2+b1) ...
2026-04-23T21:49:58.4763274Z Setting up pinentry-curses (1.2.1-1) ...
2026-04-23T21:49:58.4800133Z Setting up x11proto-dev (2022.1-1) ...
2026-04-23T21:49:58.4816123Z Setting up libuv1-dev:amd64 (1.44.2-1+deb12u1) ...
2026-04-23T21:49:58.4833510Z Setting up libtirpc3:amd64 (1.3.3+ds-1) ...
2026-04-23T21:49:58.4851738Z Setting up node-readable-stream (3.6.0+~cs3.0.0-4) ...
2026-04-23T21:49:58.4867702Z Setting up manpages-dev (6.03-2) ...
2026-04-23T21:49:58.4885335Z Setting up libice6:amd64 (2:1.0.10-1) ...
2026-04-23T21:49:58.4901493Z Setting up libhttp-date-perl (6.05-2) ...
2026-04-23T21:49:58.4916542Z Setting up libdw1:amd64 (0.188-2.1) ...
2026-04-23T21:49:58.4932490Z Setting up node-lru-cache (7.14.1-1) ...
2026-04-23T21:49:58.4948378Z Setting up node-promise-retry (2.0.1-4) ...
2026-04-23T21:49:58.4965966Z Setting up cpp-12 (12.2.0-14+deb12u1) ...
2026-04-23T21:49:58.4986881Z Setting up libfile-basedir-perl (0.09-2) ...
2026-04-23T21:49:58.5005854Z Setting up node-supports-color (8.1.1+~8.1.1-1) ...
2026-04-23T21:49:58.5024372Z Setting up libgmp-dev:amd64 (2:6.2.1+dfsg1-1.1) ...
2026-04-23T21:49:58.5039955Z Setting up libfile-listing-perl (6.15-1) ...
2026-04-23T21:49:58.5055870Z Setting up libxau-dev:amd64 (1:1.0.9-1) ...
2026-04-23T21:49:58.5071795Z Setting up libavif15:amd64 (0.11.1-1+deb12u1) ...
2026-04-23T21:49:58.5086891Z Setting up node-error-ex (1.3.2-4) ...
2026-04-23T21:49:58.5102497Z Setting up node-once (1.4.0-7) ...
2026-04-23T21:49:58.5118390Z Setting up node-webpack-sources (3.2.3+~3.2.0-2) ...
2026-04-23T21:49:58.5132982Z Setting up node-n3 (1.16.3+~1.2.3+~1.10.4-1) ...
2026-04-23T21:49:58.5154585Z Setting up alsa-ucm-conf (1.2.8-1) ...
2026-04-23T21:49:58.5171718Z Setting up libarchive13:amd64 (3.6.2-1+deb12u3) ...
2026-04-23T21:49:58.5189503Z Setting up fontconfig-config (2.14.1-4) ...
2026-04-23T21:49:58.5790513Z debconf: unable to initialize frontend: Dialog
2026-04-23T21:49:58.5791058Z debconf: (TERM is not set, so the dialog frontend is not usable.)
2026-04-23T21:49:58.5791595Z debconf: falling back to frontend: Readline
2026-04-23T21:49:58.5836303Z debconf: unable to initialize frontend: Readline
2026-04-23T21:49:58.5836844Z debconf: (This frontend requires a controlling tty.)
2026-04-23T21:49:58.5837239Z debconf: falling back to frontend: Teletype
2026-04-23T21:49:58.6711571Z Setting up node-serialize-javascript (6.0.0-2+deb12u1) ...
2026-04-23T21:49:58.6731765Z Setting up libxtst6:amd64 (2:1.2.3-1.1) ...
2026-04-23T21:49:58.6749796Z Setting up libxcursor1:amd64 (1:1.2.1-1) ...
2026-04-23T21:49:58.6766524Z Setting up node-resolve (1.22.1+~cs5.31.10-1) ...
2026-04-23T21:49:58.6781457Z Setting up libreadline8:amd64 (8.2-1.3) ...
2026-04-23T21:49:58.6799933Z Setting up ccache (4.8+really4.7.5-1) ...
2026-04-23T21:49:58.6818812Z Updating symlinks in /usr/lib/ccache ...
2026-04-23T21:49:58.6872489Z Setting up node-are-we-there-yet (3.0.1+~1.1.0-1) ...
2026-04-23T21:49:58.6892162Z Setting up node-shell-quote (1.7.4+~1.7.1-1) ...
2026-04-23T21:49:58.6910507Z Setting up node-find-up (6.3.0-7) ...
2026-04-23T21:49:58.6926987Z Setting up libnet-http-perl (6.22-1) ...
2026-04-23T21:49:58.6944963Z Setting up node-kind-of (6.0.3+dfsg-2) ...
2026-04-23T21:49:58.6961440Z Setting up node-is-binary-path (2.1.0-5) ...
2026-04-23T21:49:58.6977544Z Setting up dbus-daemon (1.14.10-1~deb12u1) ...
2026-04-23T21:49:58.7023026Z Setting up node-events (3.3.0+~3.0.0-3) ...
2026-04-23T21:49:58.7041065Z Setting up node-minimist (1.2.7+~cs5.3.2-2) ...
2026-04-23T21:49:58.7062094Z Setting up node-fancy-log (1.3.3+~cs1.3.1-2) ...
2026-04-23T21:49:58.7082473Z Setting up pkgconf:amd64 (1.8.1-1) ...
2026-04-23T21:49:58.7098828Z Setting up node-define-property (2.0.2+really+2.0.2-3) ...
2026-04-23T21:49:58.7115181Z Setting up node-promzard (0.3.0-2) ...
2026-04-23T21:49:58.7131138Z Setting up node-wcwidth.js (1.0.2-2) ...
2026-04-23T21:49:58.7146441Z Setting up node-resolve-cwd (3.0.0-2) ...
2026-04-23T21:49:58.7161750Z Setting up node-fetch (3.3.0+~cs11.4.11-2) ...
2026-04-23T21:49:58.7178868Z Setting up node-babel7-runtime (7.20.15+ds1+~cs214.269.168-3+deb12u2) ...
2026-04-23T21:49:58.7203553Z Setting up libxdmcp-dev:amd64 (1:1.1.2-3) ...
2026-04-23T21:49:58.7224335Z Setting up node-iconv-lite (0.6.3-3) ...
2026-04-23T21:49:58.7242664Z Setting up node-type-check (0.4.0+dfsg-3) ...
2026-04-23T21:49:58.7258950Z Setting up libgprofng0:amd64 (2.40-2) ...
2026-04-23T21:49:58.7277340Z Setting up libtirpc-dev:amd64 (1.3.3+ds-1) ...
2026-04-23T21:49:58.7293386Z Setting up node-rechoir (0.8.0+~0.6.1-2) ...
2026-04-23T21:49:58.7310169Z Setting up libfreetype6:amd64 (2.12.1+dfsg-5+deb12u4) ...
2026-04-23T21:49:58.7327391Z Setting up node-ansi-styles (6.2.1-2) ...
2026-04-23T21:49:58.7344483Z Setting up libcurl4-openssl-dev:amd64 (7.88.1-10+deb12u14) ...
2026-04-23T21:49:58.7368046Z Setting up node-pkg-dir (5.0.0-2) ...
2026-04-23T21:49:58.7383950Z Setting up dbus (1.14.10-1~deb12u1) ...
2026-04-23T21:49:58.7513063Z invoke-rc.d: could not determine current runlevel
2026-04-23T21:49:58.7535402Z invoke-rc.d: policy-rc.d denied execution of start.
2026-04-23T21:49:58.7546652Z Setting up libgcc-12-dev:amd64 (12.2.0-14+deb12u1) ...
2026-04-23T21:49:58.7629145Z Setting up shared-mime-info (2.2-1) ...
2026-04-23T21:49:59.5009887Z Setting up node-collection-visit (1.0.0-4) ...
2026-04-23T21:49:59.5931810Z Setting up node-restore-cursor (4.0.0-2) ...
2026-04-23T21:49:59.5967641Z Setting up node-async (0.8.0-6) ...
2026-04-23T21:49:59.5995146Z Setting up node-optimist (0.6.1+~0.0.30-2) ...
2026-04-23T21:49:59.6022305Z Setting up pkg-config:amd64 (1.8.1-1) ...
2026-04-23T21:49:59.6587625Z Setting up node-spdx-expression-parse (3.0.1+~3.0.1-1) ...
2026-04-23T21:49:59.6635721Z Setting up ucf (3.0043+nmu1+deb12u1) ...
2026-04-23T21:49:59.9127928Z debconf: unable to initialize frontend: Dialog
2026-04-23T21:49:59.9128590Z debconf: (TERM is not set, so the dialog frontend is not usable.)
2026-04-23T21:49:59.9129183Z debconf: falling back to frontend: Readline
2026-04-23T21:49:59.9175657Z debconf: unable to initialize frontend: Readline
2026-04-23T21:49:59.9176526Z debconf: (This frontend requires a controlling tty.)
2026-04-23T21:49:59.9176972Z debconf: falling back to frontend: Teletype
2026-04-23T21:50:00.0525288Z Setting up libbabeltrace1:amd64 (1.5.11-1+b2) ...
2026-04-23T21:50:00.0547206Z Setting up libfile-desktopentry-perl (0.22-3) ...
2026-04-23T21:50:00.0569918Z Setting up libx265-199:amd64 (3.5-2+b1) ...
2026-04-23T21:50:00.0595429Z Setting up node-concat-stream (2.0.0+~2.0.0-2) ...
2026-04-23T21:50:00.0617592Z Setting up node-is-typedarray (1.0.0-4) ...
2026-04-23T21:50:00.0638358Z Setting up libwww-robotrules-perl (6.02-1) ...
2026-04-23T21:50:00.0666539Z Setting up node-undici (5.15.0+dfsg1+~cs20.10.9.3-1+deb12u4) ...
2026-04-23T21:50:00.0732584Z Setting up libdrm2:amd64 (2.4.114-1+b1) ...
2026-04-23T21:50:00.0759791Z Setting up node-inflight (1.0.6-2) ...
2026-04-23T21:50:00.1475869Z Setting up cpp (4:12.2.0-3) ...
2026-04-23T21:50:00.1979912Z Setting up libhtml-parser-perl:amd64 (3.81-1) ...
2026-04-23T21:50:00.2628792Z Setting up libllvm15:amd64 (1:15.0.6-4+b1) ...
2026-04-23T21:50:00.2684433Z Setting up libnsl2:amd64 (1.3.0-2) ...
2026-04-23T21:50:00.2708572Z Setting up node-hosted-git-info (6.1.1-2) ...
2026-04-23T21:50:00.2737020Z Setting up gpgconf (2.2.40-1.1+deb12u2) ...
2026-04-23T21:50:00.2759683Z Setting up cmake (3.25.1-1) ...
2026-04-23T21:50:00.2783069Z Setting up libgdk-pixbuf-2.0-0:amd64 (2.42.10+dfsg-1+deb12u4) ...
2026-04-23T21:50:00.3046756Z Setting up node-has-values (2.0.1-4) ...
2026-04-23T21:50:00.3085363Z Setting up libfontconfig1:amd64 (2.14.1-4) ...
2026-04-23T21:50:00.3495170Z Setting up linux-kbuild-6.1 (6.1.164-1) ...
2026-04-23T21:50:00.4070078Z Setting up node-encoding (0.1.13-2) ...
2026-04-23T21:50:00.4490790Z Setting up libsm6:amd64 (2:1.2.3-1) ...
2026-04-23T21:50:00.5506080Z Setting up libio-socket-ssl-perl (2.081-2) ...
2026-04-23T21:50:00.7997117Z Setting up gpg (2.2.40-1.1+deb12u2) ...
2026-04-23T21:50:00.8032036Z Setting up node-slice-ansi (5.0.0+~cs9.0.0-5) ...
2026-04-23T21:50:00.8438606Z Setting up gnupg-utils (2.2.40-1.1+deb12u2) ...
2026-04-23T21:50:00.8511386Z Setting up libhttp-message-perl (6.44-1) ...
2026-04-23T21:50:00.8545369Z Setting up binutils-x86-64-linux-gnu (2.40-2) ...
2026-04-23T21:50:00.9070610Z Setting up libdrm-amdgpu1:amd64 (2.4.114-1+b1) ...
2026-04-23T21:50:00.9097575Z Setting up libhtml-form-perl (6.11-1) ...
2026-04-23T21:50:00.9152006Z Setting up node-fs-write-stream-atomic (1.0.10-6) ...
2026-04-23T21:50:00.9198949Z Setting up node-cli-cursor (4.0.0-3) ...
2026-04-23T21:50:00.9225589Z Setting up libfile-mimeinfo-perl (0.33-1) ...
2026-04-23T21:50:00.9249454Z Setting up libhttp-negotiate-perl (6.01-2) ...
2026-04-23T21:50:00.9274945Z Setting up libxft2:amd64 (2.3.6-1) ...
2026-04-23T21:50:00.9475329Z Setting up libdrm-nouveau2:amd64 (2.4.114-1+b1) ...
2026-04-23T21:50:00.9507210Z Setting up gpg-agent (2.2.40-1.1+deb12u2) ...
2026-04-23T21:50:01.3565691Z Setting up libxcb1-dev:amd64 (1.15-1) ...
2026-04-23T21:50:01.3595881Z Setting up node-end-of-stream (1.4.4+~1.4.1-1) ...
2026-04-23T21:50:01.3621615Z Setting up node-pump (3.0.0-5) ...
2026-04-23T21:50:01.3645730Z Setting up libdebuginfod-common (0.188-2.1) ...
2026-04-23T21:50:01.4597194Z debconf: unable to initialize frontend: Dialog
2026-04-23T21:50:01.4597863Z debconf: (TERM is not set, so the dialog frontend is not usable.)
2026-04-23T21:50:01.4598454Z debconf: falling back to frontend: Readline
2026-04-23T21:50:01.4645247Z debconf: unable to initialize frontend: Readline
2026-04-23T21:50:01.4645612Z debconf: (This frontend requires a controlling tty.)
2026-04-23T21:50:01.4645925Z debconf: falling back to frontend: Teletype
2026-04-23T21:50:01.4825801Z Setting up libgbm1:amd64 (22.3.6-1+deb12u1) ...
2026-04-23T21:50:01.4842905Z Setting up node-regenerator-transform (0.15.1+~0.10.8-1) ...
2026-04-23T21:50:01.4859772Z Setting up libhttp-cookies-perl (6.10-1) ...
2026-04-23T21:50:01.4874752Z Setting up libdrm-radeon1:amd64 (2.4.114-1+b1) ...
2026-04-23T21:50:01.4890739Z Setting up libhtml-tree-perl (5.07-3) ...
2026-04-23T21:50:01.4906985Z Setting up libpython3.11-stdlib:amd64 (3.11.2-6+deb12u6) ...
2026-04-23T21:50:01.4926623Z Setting up libdebuginfod1:amd64 (0.188-2.1) ...
2026-04-23T21:50:01.4944613Z Setting up gpgsm (2.2.40-1.1+deb12u2) ...
2026-04-23T21:50:01.4962899Z Setting up libdrm-intel1:amd64 (2.4.114-1+b1) ...
2026-04-23T21:50:01.4987590Z Setting up libgl1-mesa-dri:amd64 (22.3.6-1+deb12u1) ...
2026-04-23T21:50:01.5035499Z Setting up libheif1:amd64 (1.15.1-1+deb12u1) ...
2026-04-23T21:50:01.5050877Z Setting up libx11-dev:amd64 (2:1.8.4-2+deb12u2) ...
2026-04-23T21:50:01.5067587Z Setting up libhtml-format-perl (2.16-2) ...
2026-04-23T21:50:01.5086919Z Setting up binutils (2.40-2) ...
2026-04-23T21:50:01.5103423Z Setting up dpkg-dev (1.21.22) ...
2026-04-23T21:50:01.5132257Z Setting up libxfixes-dev:amd64 (1:6.0.0-2) ...
2026-04-23T21:50:01.5149426Z Setting up node-levn (0.4.1+dfsg-2) ...
2026-04-23T21:50:01.5165213Z Setting up dirmngr (2.2.40-1.1+deb12u2) ...
2026-04-23T21:50:01.6133773Z Setting up node-spdx-correct (3.1.1-2) ...
2026-04-23T21:50:01.6153070Z Setting up libegl-mesa0:amd64 (22.3.6-1+deb12u1) ...
2026-04-23T21:50:01.6170782Z Setting up libnet-smtp-ssl-perl (1.04-2) ...
2026-04-23T21:50:01.6191920Z Setting up node-glob (8.0.3+~cs8.4.15-1) ...
2026-04-23T21:50:01.6210728Z Setting up gcc-12 (12.2.0-14+deb12u1) ...
2026-04-23T21:50:01.6227356Z Setting up libmailtools-perl (2.21-2) ...
2026-04-23T21:50:01.6243675Z Setting up libnotify4:amd64 (0.8.1-1) ...
2026-04-23T21:50:01.6263699Z Setting up node-get-stream (6.0.1-1) ...
2026-04-23T21:50:01.6284635Z Setting up libgd3:amd64 (2.3.3-9) ...
2026-04-23T21:50:01.6304827Z Setting up node-got (11.8.5+~cs58.13.36-3) ...
2026-04-23T21:50:01.6324162Z Setting up libxt6:amd64 (1:1.2.1-1.1) ...
2026-04-23T21:50:01.6342742Z Setting up node-typedarray-to-buffer (4.0.0-2) ...
2026-04-23T21:50:01.6362549Z Setting up libxext-dev:amd64 (2:1.3.4-1+b1) ...
2026-04-23T21:50:01.6382465Z Setting up libnotify-bin (0.8.1-1) ...
2026-04-23T21:50:01.6403802Z Setting up gpg-wks-server (2.2.40-1.1+deb12u2) ...
2026-04-23T21:50:01.6496988Z Setting up libhttp-daemon-perl (6.16-1) ...
2026-04-23T21:50:01.6517076Z Setting up libnsl-dev:amd64 (1.3.0-2) ...
2026-04-23T21:50:01.6538299Z Setting up libgdk-pixbuf2.0-bin (2.42.10+dfsg-1+deb12u4) ...
2026-04-23T21:50:01.6561758Z Setting up node-minipass (3.3.6+~cs9.4.19-1+deb12u1) ...
2026-04-23T21:50:01.6580365Z Setting up node-has-value (2.0.2-4) ...
2026-04-23T21:50:01.6600606Z Setting up libegl1:amd64 (1.6.0-1) ...
2026-04-23T21:50:01.6619380Z Setting up libc6-dev:amd64 (2.36-9+deb12u13) ...
2026-04-23T21:50:01.6640557Z Setting up libxi-dev:amd64 (2:1.8-1+b1) ...
2026-04-23T21:50:01.6660203Z Setting up libxrender-dev:amd64 (1:0.9.10-1.1) ...
2026-04-23T21:50:01.6678185Z Setting up node-unset-value (2.0.1-1) ...
2026-04-23T21:50:01.6695812Z Setting up libpython3-stdlib:amd64 (3.11.2-1+b1) ...
2026-04-23T21:50:01.6716472Z Setting up libc-devtools (2.36-9+deb12u13) ...
2026-04-23T21:50:01.6733431Z Setting up node-validate-npm-package-license (3.0.4-2) ...
2026-04-23T21:50:01.6753861Z Setting up node-optionator (0.9.1+dfsg+~cs1.2.3-1) ...
2026-04-23T21:50:01.6775928Z Setting up node-ssri (9.0.1-2) ...
2026-04-23T21:50:01.6794558Z Setting up python3.11 (3.11.2-6+deb12u6) ...
2026-04-23T21:50:02.2224075Z Setting up libxmu6:amd64 (2:1.1.3-3) ...
2026-04-23T21:50:02.2242918Z Setting up libglx-mesa0:amd64 (22.3.6-1+deb12u1) ...
2026-04-23T21:50:02.2263171Z Setting up libpython3.11:amd64 (3.11.2-6+deb12u6) ...
2026-04-23T21:50:02.2282040Z Setting up gpg-wks-client (2.2.40-1.1+deb12u2) ...
2026-04-23T21:50:02.2299903Z Setting up libglx0:amd64 (1.6.0-1) ...
2026-04-23T21:50:02.2318666Z Setting up node-write-file-atomic (4.0.2+~4.0.0-1) ...
2026-04-23T21:50:02.2336292Z Setting up libstdc++-12-dev:amd64 (12.2.0-14+deb12u1) ...
2026-04-23T21:50:02.2355463Z Setting up libxcursor-dev:amd64 (1:1.2.1-1) ...
2026-04-23T21:50:02.2373572Z Setting up node-growl (1.10.5-4) ...
2026-04-23T21:50:02.2391261Z Setting up binutils-dev (2.40-2) ...
2026-04-23T21:50:02.2412998Z Setting up python3 (3.11.2-1+b1) ...
2026-04-23T21:50:02.2453370Z running python rtupdate hooks for python3.11...
2026-04-23T21:50:02.2453918Z running python post-rtupdate hooks for python3.11...
2026-04-23T21:50:02.3112773Z Setting up libxaw7:amd64 (2:1.0.14-1) ...
2026-04-23T21:50:02.3130359Z Setting up x11-xserver-utils (7.7+9+b1) ...
2026-04-23T21:50:02.3164864Z Setting up gcc (4:12.2.0-3) ...
2026-04-23T21:50:02.3227399Z Setting up linux-compiler-gcc-12-x86 (6.1.164-1) ...
2026-04-23T21:50:02.3246883Z Setting up python3-six (1.16.0-4) ...
2026-04-23T21:50:02.4124456Z Setting up libxrandr-dev:amd64 (2:1.5.2-2+b1) ...
2026-04-23T21:50:02.4142512Z Setting up libsasl2-dev (2.1.28+dfsg-10) ...
2026-04-23T21:50:02.4162205Z Setting up gdb (13.1-3) ...
2026-04-23T21:50:02.4183763Z Setting up libgl1:amd64 (1.6.0-1) ...
2026-04-23T21:50:02.4204461Z Setting up uuid-dev:amd64 (2.38.1-5+deb12u3) ...
2026-04-23T21:50:02.4223492Z Setting up libxinerama-dev:amd64 (2:1.1.4-3) ...
2026-04-23T21:50:02.4241561Z Setting up zlib1g-dev:amd64 (1:1.2.13.dfsg-1) ...
2026-04-23T21:50:02.4260694Z Setting up zutty (0.14.0.20230218+dfsg1-1) ...
2026-04-23T21:50:02.4286840Z update-alternatives: using /usr/bin/zutty to provide /usr/bin/x-terminal-emulator (x-terminal-emulator) in auto mode
2026-04-23T21:50:02.4303319Z Setting up gnupg (2.2.40-1.1+deb12u2) ...
2026-04-23T21:50:02.4322593Z Setting up x11-utils (7.7+5) ...
2026-04-23T21:50:02.4403899Z Setting up libglx-dev:amd64 (1.6.0-1) ...
2026-04-23T21:50:02.4422088Z Setting up libgl-dev:amd64 (1.6.0-1) ...
2026-04-23T21:50:02.4444867Z Setting up g++-12 (12.2.0-14+deb12u1) ...
2026-04-23T21:50:02.4470731Z Setting up python3-pkg-resources (66.1.1-1+deb12u2) ...
2026-04-23T21:50:02.6311912Z Setting up libegl-dev:amd64 (1.6.0-1) ...
2026-04-23T21:50:02.6331827Z Setting up linux-headers-6.1.0-44-amd64 (6.1.164-1) ...
2026-04-23T21:50:02.6366505Z Setting up libglu1-mesa-dev:amd64 (9.0.2-1.1) ...
2026-04-23T21:50:02.6385167Z Setting up g++ (4:12.2.0-3) ...
2026-04-23T21:50:02.6411124Z update-alternatives: using /usr/bin/g++ to provide /usr/bin/c++ (c++) in auto mode
2026-04-23T21:50:02.6426398Z Setting up build-essential (12.9) ...
2026-04-23T21:50:02.6446746Z Setting up libgles-dev:amd64 (1.6.0-1) ...
2026-04-23T21:50:02.6469506Z Setting up gyp (0.1+20220404git9ecf45e-2) ...
2026-04-23T21:50:02.8395482Z Setting up linux-headers-amd64 (6.1.164-1) ...
2026-04-23T21:50:02.8450334Z Setting up libglvnd-dev:amd64 (1.6.0-1) ...
2026-04-23T21:50:02.8470842Z Setting up libgl1-mesa-dev:amd64 (22.3.6-1+deb12u1) ...
2026-04-23T21:50:02.8568699Z Setting up node-define-properties (1.1.4+~1.1.3-1) ...
2026-04-23T21:50:02.8590729Z Setting up libwww-perl (6.68-1) ...
2026-04-23T21:50:02.8698649Z Setting up node-acorn (8.8.1+ds+~cs25.17.7-2) ...
2026-04-23T21:50:02.8735172Z Setting up node-espree (9.4.1~dfsg-1) ...
2026-04-23T21:50:02.8782763Z Setting up node-debbundle-es-to-primitive (1.2.1+~cs9.7.25-2) ...
2026-04-23T21:50:02.8812894Z Setting up node-deep-equal (2.1.0+~cs31.12.80-1) ...
2026-04-23T21:50:02.8835002Z Setting up liblwp-protocol-https-perl (6.10-1) ...
2026-04-23T21:50:02.8865738Z Setting up libxml-parser-perl (2.46-4+deb12u1) ...
2026-04-23T21:50:02.8920799Z Setting up libxml-twig-perl (1:3.52-2) ...
2026-04-23T21:50:02.8951346Z Setting up libnet-dbus-perl (1.2.0-2) ...
2026-04-23T21:50:02.8974326Z Setting up libnode108:amd64 (18.20.4+dfsg-1~deb12u1) ...
2026-04-23T21:50:02.8996024Z Setting up libjs-util (0.12.5+~1.0.10-1) ...
2026-04-23T21:50:02.9018065Z Setting up nodejs (18.20.4+dfsg-1~deb12u1) ...
2026-04-23T21:50:02.9049551Z update-alternatives: using /usr/bin/nodejs to provide /usr/bin/js (js) in auto mode
2026-04-23T21:50:02.9068680Z Setting up node-argparse (2.0.1-2) ...
2026-04-23T21:50:02.9089612Z Setting up node-sellside-emitter (1.2.1-3) ...
2026-04-23T21:50:02.9119033Z Setting up terser (5.16.5-2) ...
2026-04-23T21:50:02.9136423Z Setting up node-mime (3.0.0+dfsg+~cs3.97.1-1) ...
2026-04-23T21:50:02.9187993Z Setting up node-source-map-support (0.5.21+ds+~0.5.4-1) ...
2026-04-23T21:50:02.9215643Z Setting up node-unique-filename (1.1.1+ds-2) ...
2026-04-23T21:50:02.9236794Z Setting up node-unicode-match-property-ecmascript (2.0.0-2) ...
2026-04-23T21:50:02.9254801Z Setting up node-defined (1.0.1+~1.0.0-1) ...
2026-04-23T21:50:02.9276174Z Setting up node-mime-types (2.1.35-1) ...
2026-04-23T21:50:02.9304957Z Setting up node-ansi-escapes (5.0.0+really.4.3.1-1) ...
2026-04-23T21:50:02.9327947Z Setting up node-lcov-parse (1.0.0+20170612git80d039574ed9-6) ...
2026-04-23T21:50:02.9418588Z Setting up node-strip-ansi (6.0.1-2) ...
2026-04-23T21:50:02.9439844Z Setting up node-write (2.0.0~6.0.0+~3.0.4+~2.0.0+~1.0.0+~2.0.1-5) ...
2026-04-23T21:50:02.9459557Z Setting up node-ignore (5.2.1-1) ...
2026-04-23T21:50:02.9481934Z Setting up node-chalk (5.2.0-1) ...
2026-04-23T21:50:02.9504699Z Setting up node-which (2.0.2+~cs1.3.2-3) ...
2026-04-23T21:50:02.9529792Z Setting up node-punycode (2.1.1-6) ...
2026-04-23T21:50:02.9552181Z Setting up node-css-selector-tokenizer (0.8.0+~cs4.8.3-1) ...
2026-04-23T21:50:02.9572371Z Setting up node-tap-parser (11.0.2+~cs2.1.4-1) ...
2026-04-23T21:50:02.9601921Z Setting up node-esprima (4.0.1+ds+~4.0.3-2) ...
2026-04-23T21:50:02.9675296Z Setting up node-is-path-inside (3.0.3-2) ...
2026-04-23T21:50:02.9693355Z Setting up node-neo-async (2.6.2+~cs3.0.0-2) ...
2026-04-23T21:50:02.9712570Z Setting up node-mkdirp (1.0.4+~1.0.2-4) ...
2026-04-23T21:50:02.9734181Z Setting up node-uri-js (4.4.0+dfsg-8) ...
2026-04-23T21:50:02.9752995Z Setting up node-es6-error (4.1.1-5) ...
2026-04-23T21:50:02.9775427Z Setting up node-opener (1.5.2+~1.4.0-1) ...
2026-04-23T21:50:02.9796213Z Setting up node-archy (1.0.0-6) ...
2026-04-23T21:50:02.9822899Z Setting up node-js-yaml (4.1.0+dfsg+~4.0.5-7) ...
2026-04-23T21:50:02.9842053Z Setting up node-nopt (5.0.0-4) ...
2026-04-23T21:50:02.9860456Z Setting up node-lodash (4.17.21+dfsg+~cs8.31.198.20210220-9) ...
2026-04-23T21:50:02.9877798Z Setting up node-progress (2.0.3-2) ...
2026-04-23T21:50:02.9897740Z Setting up node-json5 (2.2.3+dfsg-1) ...
2026-04-23T21:50:02.9921606Z Setting up node-ms (2.1.3+~cs0.7.31-3) ...
2026-04-23T21:50:02.9939943Z Setting up node-rimraf (3.0.2-2) ...
2026-04-23T21:50:02.9957601Z Setting up node-string-width (4.2.3+~cs13.2.3-1) ...
2026-04-23T21:50:02.9976488Z Setting up node-regenerate (1.4.2-3) ...
2026-04-23T21:50:02.9995606Z Setting up node-semver (7.3.5+~7.3.9-2) ...
2026-04-23T21:50:03.0016822Z Setting up node-picocolors (1.0.0-4) ...
2026-04-23T21:50:03.0038306Z Setting up node-es-abstract (1.20.4+~cs26.27.47-1) ...
2026-04-23T21:50:03.0056036Z Setting up node-builtins (5.0.1-1) ...
2026-04-23T21:50:03.0080023Z Setting up node-is-primitive (3.0.1-3) ...
2026-04-23T21:50:03.0098598Z Setting up node-log-driver (1.2.7+git+20180219+bba1761737-7) ...
2026-04-23T21:50:03.0116513Z Setting up handlebars (3:4.7.7+~4.1.0-1) ...
2026-04-23T21:50:03.0145564Z Setting up node-object-assign (4.1.1-7) ...
2026-04-23T21:50:03.0163838Z Setting up node-is-glob (4.0.3-2) ...
2026-04-23T21:50:03.0183553Z Setting up node-v8-compile-cache (2.3.0-3+deb12u1) ...
2026-04-23T21:50:03.0203922Z Setting up node-flat-cache (3.0.4~6.0.0+~3.0.4+~2.0.0+~1.0.0+~2.0.1-5) ...
2026-04-23T21:50:03.0222514Z Setting up node-is-number (7.0.0-4) ...
2026-04-23T21:50:03.0244326Z Setting up node-for-in (1.0.2-4) ...
2026-04-23T21:50:03.0264895Z Setting up node-webassemblyjs (1.11.4+dfsg+~cs10.11.17-2) ...
2026-04-23T21:50:03.0285442Z Setting up node-strip-json-comments (4.0.0-4) ...
2026-04-23T21:50:03.0307160Z Setting up libnode-dev (18.20.4+dfsg-1~deb12u1) ...
2026-04-23T21:50:03.0325431Z Setting up node-is-extendable (1.0.1-3) ...
2026-04-23T21:50:03.0343857Z Setting up node-columnify (1.6.0+~1.5.1-1) ...
2026-04-23T21:50:03.0367630Z Setting up node-doctrine (3.0.0-4) ...
2026-04-23T21:50:03.0386069Z Setting up node-copy-concurrently (1.0.5-9) ...
2026-04-23T21:50:03.0410039Z Setting up node-set-value (4.1.0+~4.0.1-2) ...
2026-04-23T21:50:03.0429849Z Setting up node-ajv (6.12.6-3) ...
2026-04-23T21:50:03.0449568Z Setting up node-jsesc (3.0.2+~3.0.1-1) ...
2026-04-23T21:50:03.0469976Z Setting up node-regjsparser (0.9.1+ds-2) ...
2026-04-23T21:50:03.0492890Z Setting up node-errno (1.0.0-3) ...
2026-04-23T21:50:03.0517083Z Setting up node-decamelize (4.0.0-2) ...
2026-04-23T21:50:03.0536767Z Setting up node-move-concurrently (1.0.1-5) ...
2026-04-23T21:50:03.0557405Z Setting up node-normalize-path (3.0.0+~3.0.0-1) ...
2026-04-23T21:50:03.0579330Z Setting up node-util (0.12.5+~1.0.10-1) ...
2026-04-23T21:50:03.0598502Z Setting up node-functional-red-black-tree (1.0.1+20181105-7) ...
2026-04-23T21:50:03.0618867Z Setting up node-debug (4.3.4+~cs4.1.7-1) ...
2026-04-23T21:50:03.0638024Z Setting up node-agent-base (6.0.2+~cs5.4.2-2) ...
2026-04-23T21:50:03.0659809Z Setting up node-browserslist (4.21.4+~cs6.1.17-2) ...
2026-04-23T21:50:03.0678601Z Setting up node-yargs-parser (21.1.1+~21.0.0-4) ...
2026-04-23T21:50:03.0698448Z Setting up node-coveralls (3.1.1-2) ...
2026-04-23T21:50:03.0720800Z Setting up node-make-dir (3.1.0-3) ...
2026-04-23T21:50:03.0740725Z Setting up node-validate-npm-package-name (5.0.0+~4.0.0-1) ...
2026-04-23T21:50:03.0768599Z Setting up node-esrecurse (4.3.0-2) ...
2026-04-23T21:50:03.0793088Z Setting up node-tap-mocha-reporter (5.0.3+~2.0.2-2) ...
2026-04-23T21:50:03.0814573Z Setting up node-file-entry-cache (6.0.0+~3.0.4+~2.0.0+~1.0.0+~2.0.1-5) ...
2026-04-23T21:50:03.0835826Z Setting up node-wrap-ansi (8.0.1+~8.0.1-3) ...
2026-04-23T21:50:03.0857848Z Setting up node-normalize-package-data (4.0.1+~2.4.1-1) ...
2026-04-23T21:50:03.0877887Z Setting up node-for-own (1.0.0-3) ...
2026-04-23T21:50:03.0900894Z Setting up node-eslint-scope (7.1.1+~3.7.4-1) ...
2026-04-23T21:50:03.0927198Z Setting up node-escodegen (2.0.0+dfsg+~0.0.7-2) ...
2026-04-23T21:50:03.0947290Z Setting up node-widest-line (3.1.0-2) ...
2026-04-23T21:50:03.0968593Z Setting up node-mixin-deep (2.0.1-3) ...
2026-04-23T21:50:03.0991550Z Setting up node-memory-fs (0.5.0+~0.3.3-2) ...
2026-04-23T21:50:03.1012942Z Setting up node-babel-helper-define-polyfill-provider (0.3.3~0~20220913+ds1-1) ...
2026-04-23T21:50:03.1039482Z Setting up node-assert (2.0.0+~cs3.9.8-2) ...
2026-04-23T21:50:03.1057943Z Setting up node-cli-table (0.3.11+~cs0.13.4-3) ...
2026-04-23T21:50:03.1079943Z Setting up node-tar (6.1.13+~cs7.0.5-1) ...
2026-04-23T21:50:03.1100266Z Setting up node-regenerate-unicode-properties (10.1.0+ds-1) ...
2026-04-23T21:50:03.1119559Z Setting up node-glob-parent (6.0.2+~5.1.1-2) ...
2026-04-23T21:50:03.1137742Z Setting up node-cli-truncate (2.1.0-5) ...
2026-04-23T21:50:03.1155961Z Setting up node-enhanced-resolve (5.10.0-1) ...
2026-04-23T21:50:03.1174700Z Setting up node-postcss (8.4.20+~cs8.0.23-1+deb12u1) ...
2026-04-23T21:50:03.1192920Z Setting up node-wide-align (1.1.3-4) ...
2026-04-23T21:50:03.1211125Z Setting up node-npm-package-arg (10.0.0+~3.0.0-2) ...
2026-04-23T21:50:03.1294468Z Setting up node-anymatch (3.1.3+~cs4.6.1-2) ...
2026-04-23T21:50:03.1313753Z Setting up node-postcss-modules-extract-imports (3.0.0-2) ...
2026-04-23T21:50:03.1333267Z Setting up node-https-proxy-agent (5.0.1+~cs8.0.0-3) ...
2026-04-23T21:50:03.1350218Z Setting up node-cliui (7.0.4+repack+~cs3.1.0-4) ...
2026-04-23T21:50:03.1374716Z Setting up node-regexpu-core (5.2.2-3) ...
2026-04-23T21:50:03.1409025Z Setting up node-yargs (16.2.0+~16.0.4-7) ...
2026-04-23T21:50:03.1426367Z Setting up node-to-regex-range (5.0.1-4) ...
2026-04-23T21:50:03.1443738Z Setting up node-union-value (2.0.1-4) ...
2026-04-23T21:50:03.1459386Z Setting up node-cacache (17.0.3+~cs10.3.7-1) ...
2026-04-23T21:50:03.1477990Z Setting up node-babel-plugin-polyfill-corejs2 (0.3.3~0~20220913+ds1-1) ...
2026-04-23T21:50:03.1498387Z Setting up node-ajv-keywords (3.5.2-2) ...
2026-04-23T21:50:03.1517553Z Setting up node-read-package-json (5.0.2+~2.0.0-1) ...
2026-04-23T21:50:03.1533600Z Setting up node-core-js-compat (3.26.1-3) ...
2026-04-23T21:50:03.1560754Z Setting up node-clone-deep (4.0.1+~cs7.0.2-1) ...
2026-04-23T21:50:03.1578080Z Setting up eslint (6.4.0~dfsg+~6.1.9-7) ...
2026-04-23T21:50:03.1601100Z Setting up node-babel-plugin-polyfill-regenerator (0.4.1~0~20220913+ds1-1) ...
2026-04-23T21:50:03.1618968Z Setting up node-gauge (4.0.4-1) ...
2026-04-23T21:50:03.1641503Z Setting up node-readdirp (3.6.0-1) ...
2026-04-23T21:50:03.1658749Z Setting up node-ws (8.11.0+~cs13.7.3-1) ...
2026-04-23T21:50:03.1677391Z Setting up node-cache-base (4.0.2-1) ...
2026-04-23T21:50:03.1693805Z Setting up node-icss-utils (5.1.0+~5.1.0-1) ...
2026-04-23T21:50:03.1710885Z Setting up node-npm-bundled (2.0.1-2) ...
2026-04-23T21:50:03.1727850Z Setting up node-schema-utils (3.1.1~ds-2) ...
2026-04-23T21:50:03.1749058Z Setting up node-jest-worker (29.3.1~ds1+~cs70.48.25-2) ...
2026-04-23T21:50:03.1771054Z Setting up node-npmlog (7.0.1+~4.1.4-1) ...
2026-04-23T21:50:03.1790886Z Setting up node-babel-plugin-polyfill-corejs3 (0.6.0~0~20220913+ds1-1) ...
2026-04-23T21:50:03.1809772Z Setting up node-postcss-modules-values (4.0.0+~4.0.0-1) ...
2026-04-23T21:50:03.1830131Z Setting up node-fill-range (7.0.1+~7.0.0-1) ...
2026-04-23T21:50:03.1855228Z Setting up node-base (3.0.0-3) ...
2026-04-23T21:50:03.1886608Z Setting up node-gyp (9.3.0-2) ...
2026-04-23T21:50:03.1908953Z Setting up node-braces (3.0.2+~3.0.1-1) ...
2026-04-23T21:50:03.1937976Z Setting up node-chokidar (3.5.3-2) ...
2026-04-23T21:50:03.1962016Z Setting up node-watchpack (2.4.0+~cs2.8.1-1) ...
2026-04-23T21:50:03.1990555Z Setting up node-micromatch (4.0.5+~4.0.2-1) ...
2026-04-23T21:50:03.2013883Z Setting up node-globby (13.1.3+~cs16.25.40-1+deb12u1) ...
2026-04-23T21:50:03.2037615Z Setting up node-del (7.0.0-5) ...
2026-04-23T21:50:03.2063537Z Setting up node-find-cache-dir (3.3.2+~3.2.1-1) ...
2026-04-23T21:50:03.2101911Z Setting up node-babel7 (7.20.15+ds1+~cs214.269.168-3+deb12u2) ...
2026-04-23T21:50:03.2140277Z update-alternatives: using /usr/bin/babeljs-7 to provide /usr/bin/babeljs (babeljs) in auto mode
2026-04-23T21:50:03.2154551Z update-alternatives: using /usr/bin/babeljs-7-external-helpers to provide /usr/bin/babeljs-external-helpers (babeljs-external-helpers) in auto mode
2026-04-23T21:50:03.2168380Z update-alternatives: using /usr/bin/babeljs-7-node to provide /usr/bin/babeljs-node (babeljs-node) in auto mode
2026-04-23T21:50:03.2182911Z update-alternatives: using /usr/bin/babeljs-7-parser to provide /usr/bin/babeljs-parser (babeljs-parser) in auto mode
2026-04-23T21:50:03.2211537Z Setting up node-babel-plugin-lodash (3.3.4+~cs2.0.1-6) ...
2026-04-23T21:50:03.2230376Z Setting up node-jest-debbundle (29.3.1~ds1+~cs70.48.25-2) ...
2026-04-23T21:50:03.2250897Z Setting up node-parse-json (5.2.0+~cs5.1.7-1) ...
2026-04-23T21:50:03.2272477Z Setting up node-read-pkg (5.2.0-2) ...
2026-04-23T21:50:03.2290518Z Setting up node-istanbul (0.4.5+repack10+~cs97.25.57-3) ...
2026-04-23T21:50:03.2308335Z Setting up node-tape (5.6.1+~cs8.20.19-1) ...
2026-04-23T21:50:03.2331228Z Setting up webpack (5.75.0+dfsg+~cs17.16.14-1+deb12u1) ...
2026-04-23T21:50:03.2351979Z Setting up node-tap (16.3.2+ds1+~cs50.8.16-1+deb12u1) ...
2026-04-23T21:50:03.2375006Z Setting up node-css-loader (6.7.2+~cs14.0.11-1) ...
2026-04-23T21:50:03.2395802Z Setting up npm (9.2.0~ds1-1) ...
2026-04-23T21:50:03.2473724Z Processing triggers for libc-bin (2.36-9+deb12u13) ...
2026-04-23T21:50:03.3093510Z ##[group]Run actions/cache@v4
2026-04-23T21:50:03.3093734Z with:
2026-04-23T21:50:03.3093907Z   path: .ccache
2026-04-23T21:50:03.3094583Z   key: Linux-debian:bookworm-ccache-3feec416b6112e3307d7373bad75ab95341fa20a
2026-04-23T21:50:03.3094976Z   restore-keys: Linux-debian:bookworm-ccache-

2026-04-23T21:50:03.3095256Z   enableCrossOsArchive: false
2026-04-23T21:50:03.3095475Z   fail-on-cache-miss: false
2026-04-23T21:50:03.3095671Z   lookup-only: false
2026-04-23T21:50:03.3095855Z   save-always: false
2026-04-23T21:50:03.3096032Z ##[endgroup]
2026-04-23T21:50:03.3099375Z ##[command]/usr/bin/docker exec  f10879d27972d8e5720335e700e20f5abb292cc741dd7c49a275438ad59207bb sh -c "cat /etc/*release | grep ^ID"
2026-04-23T21:50:03.7503948Z Cache hit for restore-key: Linux-debian:bookworm-ccache-53746563a4657479f6f4bc4ddd763b1f2572352b
2026-04-23T21:50:04.9560435Z Received 25165824 of 65358414 (38.5%), 24.0 MBs/sec
2026-04-23T21:50:05.1593779Z Received 65358414 of 65358414 (100.0%), 51.8 MBs/sec
2026-04-23T21:50:05.1594460Z Cache Size: ~62 MB (65358414 B)
2026-04-23T21:50:05.1621830Z [command]/usr/bin/tar -xf /__w/_temp/32602cae-1286-4253-b178-745841d3945a/cache.tgz -P -C /__w/quasar/quasar -z
2026-04-23T21:50:05.6168954Z Cache restored successfully
2026-04-23T21:50:05.6262767Z Cache restored from key: Linux-debian:bookworm-ccache-53746563a4657479f6f4bc4ddd763b1f2572352b
2026-04-23T21:50:05.6382522Z ##[group]Run mkdir -p .ccache
2026-04-23T21:50:05.6382801Z [36;1mmkdir -p .ccache[0m
2026-04-23T21:50:05.6383061Z [36;1mcmake -S cmake-projects -B build-projects \[0m
2026-04-23T21:50:05.6383393Z [36;1m      -DCMAKE_C_COMPILER_LAUNCHER=ccache \[0m
2026-04-23T21:50:05.6383685Z [36;1m      -DCMAKE_CXX_COMPILER_LAUNCHER=ccache[0m
2026-04-23T21:50:05.6384235Z shell: sh -e {0}
2026-04-23T21:50:05.6384506Z env:
2026-04-23T21:50:05.6384852Z   CCACHE_DIR: /home/runner/work/quasar/quasar/.ccache
2026-04-23T21:50:05.6385177Z ##[endgroup]
2026-04-23T21:50:05.7308528Z -- The C compiler identification is GNU 12.2.0
2026-04-23T21:50:05.7788645Z -- The CXX compiler identification is GNU 12.2.0
2026-04-23T21:50:05.7862875Z -- Detecting C compiler ABI info
2026-04-23T21:50:05.8394288Z -- Detecting C compiler ABI info - done
2026-04-23T21:50:05.8462421Z -- Check for working C compiler: /usr/bin/cc - skipped
2026-04-23T21:50:05.8465480Z -- Detecting C compile features
2026-04-23T21:50:05.8470406Z -- Detecting C compile features - done
2026-04-23T21:50:05.8497956Z -- Detecting CXX compiler ABI info
2026-04-23T21:50:05.9121695Z -- Detecting CXX compiler ABI info - done
2026-04-23T21:50:05.9191011Z -- Check for working CXX compiler: /usr/bin/c++ - skipped
2026-04-23T21:50:05.9194215Z -- Detecting CXX compile features
2026-04-23T21:50:05.9201337Z -- Detecting CXX compile features - done
2026-04-23T21:50:05.9224541Z -- Performing Test COMPILER_HAS_THOSE_TOGGLES
2026-04-23T21:50:05.9746608Z -- Performing Test COMPILER_HAS_THOSE_TOGGLES - Success
2026-04-23T21:50:05.9747241Z -- Testing if -Werror=pointer-arith can be used -- compiles
2026-04-23T21:50:05.9748854Z -- Testing if -Werror=implicit-function-declaration can be used -- compiles
2026-04-23T21:50:05.9751062Z -- Testing if -fno-strict-aliasing can be used -- compiles
2026-04-23T21:50:05.9817890Z CMake Warning at third-party/raylib/src/CMakeLists.txt:14 (message):
2026-04-23T21:50:05.9818541Z -- Setting build type to '' as none was specified.
2026-04-23T21:50:05.9819209Z   Default build type is not set (CMAKE_BUILD_TYPE)
2026-04-23T21:50:05.9819551Z 
2026-04-23T21:50:05.9819557Z 
2026-04-23T21:50:05.9819643Z -- Using raylib's GLFW
2026-04-23T21:50:05.9848238Z -- Performing Test CMAKE_HAVE_LIBC_PTHREAD
2026-04-23T21:50:06.0430381Z -- Performing Test CMAKE_HAVE_LIBC_PTHREAD - Success
2026-04-23T21:50:06.0438568Z -- Found Threads: TRUE  
2026-04-23T21:50:06.0439606Z -- Including X11 support
2026-04-23T21:50:06.0591911Z -- Found X11: /usr/include   
2026-04-23T21:50:06.0595831Z -- Looking for XOpenDisplay in /usr/lib/x86_64-linux-gnu/libX11.so;/usr/lib/x86_64-linux-gnu/libXext.so
2026-04-23T21:50:06.1186840Z -- Looking for XOpenDisplay in /usr/lib/x86_64-linux-gnu/libX11.so;/usr/lib/x86_64-linux-gnu/libXext.so - found
2026-04-23T21:50:06.1187705Z -- Looking for gethostbyname
2026-04-23T21:50:06.1739854Z -- Looking for gethostbyname - found
2026-04-23T21:50:06.1740169Z -- Looking for connect
2026-04-23T21:50:06.2277158Z -- Looking for connect - found
2026-04-23T21:50:06.2277479Z -- Looking for remove
2026-04-23T21:50:06.2814463Z -- Looking for remove - found
2026-04-23T21:50:06.2814855Z -- Looking for shmat
2026-04-23T21:50:06.3342273Z -- Looking for shmat - found
2026-04-23T21:50:06.3387071Z -- Audio Backend: miniaudio
2026-04-23T21:50:06.3387594Z -- Building raylib static library
2026-04-23T21:50:06.3405974Z -- Generated build type: 
2026-04-23T21:50:06.3406434Z -- Compiling with the flags:
2026-04-23T21:50:06.3407101Z --   PLATFORM=PLATFORM_DESKTOP
2026-04-23T21:50:06.3407549Z --   GRAPHICS=GRAPHICS_API_OPENGL_33
2026-04-23T21:50:06.6441465Z -- Performing Test NO_WARN_IMPLICIT_FALL_THROUGH_FLAG
2026-04-23T21:50:06.7055031Z -- Performing Test NO_WARN_IMPLICIT_FALL_THROUGH_FLAG - Success
2026-04-23T21:50:06.9986580Z -- Linker supports --exclude-libs
2026-04-23T21:50:06.9992766Z -- Looking for sys/types.h
2026-04-23T21:50:07.0541883Z -- Looking for sys/types.h - found
2026-04-23T21:50:07.0542361Z -- Looking for stdint.h
2026-04-23T21:50:07.1072731Z -- Looking for stdint.h - found
2026-04-23T21:50:07.1073204Z -- Looking for stddef.h
2026-04-23T21:50:07.1598410Z -- Looking for stddef.h - found
2026-04-23T21:50:07.1599050Z -- Check size of long double
2026-04-23T21:50:07.2158722Z -- Check size of long double - done
2026-04-23T21:50:07.5571259Z -- Found GMP: /usr/lib/x86_64-linux-gnu/libgmp.so  
2026-04-23T21:50:07.5625008Z -- Performing Test COMPILER_HAS_HIDDEN_VISIBILITY
2026-04-23T21:50:07.6249030Z -- Performing Test COMPILER_HAS_HIDDEN_VISIBILITY - Success
2026-04-23T21:50:07.6255375Z -- Performing Test COMPILER_HAS_HIDDEN_INLINE_VISIBILITY
2026-04-23T21:50:07.6911533Z -- Performing Test COMPILER_HAS_HIDDEN_INLINE_VISIBILITY - Success
2026-04-23T21:50:07.6913127Z -- Performing Test COMPILER_HAS_DEPRECATED_ATTR
2026-04-23T21:50:07.7545617Z -- Performing Test COMPILER_HAS_DEPRECATED_ATTR - Success
2026-04-23T21:50:07.7589332Z --------------------------------------------------------------------------------
2026-04-23T21:50:07.7589823Z 
2026-04-23T21:50:07.7590514Z +-------------------------------+
2026-04-23T21:50:07.7590999Z | Configuration results SUMMARY |
2026-04-23T21:50:07.7591355Z +-------------------------------+
2026-04-23T21:50:07.7591596Z 
2026-04-23T21:50:07.7591725Z CMAKE_C_COMPILER:   /usr/bin/cc
2026-04-23T21:50:07.7592089Z CMAKE_CXX_COMPILER: /usr/bin/c++
2026-04-23T21:50:07.7592428Z CMAKE_BUILD_TYPE: Release
2026-04-23T21:50:07.7592761Z CMAKE_CONFIGURATION_TYPES: 
2026-04-23T21:50:07.7593106Z CMAKE_C_FLAGS:           
2026-04-23T21:50:07.7593472Z CMAKE_CXX_FLAGS:         -std=c++11  -fPIC
2026-04-23T21:50:07.7594165Z CMAKE_CXX_FLAGS_DEBUG:   -g -Wno-unknown-pragmas
2026-04-23T21:50:07.7594737Z CMAKE_CXX_FLAGS_RELEASE: -O3 -DNDEBUG -Wno-unknown-pragmas
2026-04-23T21:50:07.7595240Z CMAKE_INSTALL_PREFIX: /usr/local
2026-04-23T21:50:07.7595627Z BUILD_SHARED_LIBS: OFF
2026-04-23T21:50:07.7595946Z INTEGER_CLASS : GMP
2026-04-23T21:50:07.7596246Z HAVE_SYMENGINE_GMP: yes
2026-04-23T21:50:07.7596574Z WITH_SYMENGINE_ASSERT: no
2026-04-23T21:50:07.7596916Z WITH_SYMENGINE_RCP: yes
2026-04-23T21:50:07.7597241Z WITH_SYMENGINE_TEUCHOS: no
2026-04-23T21:50:07.7597589Z WITH_COTIRE: no
2026-04-23T21:50:07.7597919Z WITH_GENERATE_PARSER: no
2026-04-23T21:50:07.7598262Z HAVE_GCC_ABI_DEMANGLE: yes
2026-04-23T21:50:07.7598624Z HAVE_C_FUNCTION_NOT_FUNC: no
2026-04-23T21:50:07.7598989Z HAVE_DEFAULT_CONSTRUCTORS: yes
2026-04-23T21:50:07.7599360Z HAVE_SYMENGINE_NOEXCEPT: yes
2026-04-23T21:50:07.7599731Z HAVE_SYMENGINE_IS_CONSTRUCTIBLE: yes
2026-04-23T21:50:07.7600136Z HAVE_SYMENGINE_RESERVE: yes
2026-04-23T21:50:07.7600476Z HAVE_SYMENGINE_STD_TO_STRING: TRUE
2026-04-23T21:50:07.7600875Z WITH_SYMENGINE_THREAD_SAFE: ON
2026-04-23T21:50:07.7601214Z BUILD_TESTS: OFF
2026-04-23T21:50:07.7601511Z BUILD_BENCHMARKS: OFF
2026-04-23T21:50:07.7601833Z BUILD_BENCHMARKS_GOOGLE: no
2026-04-23T21:50:07.7602176Z WITH_GMP: yes
2026-04-23T21:50:07.7602521Z GMP_INCLUDE_DIRS: /usr/include/x86_64-linux-gnu
2026-04-23T21:50:07.7603007Z GMP_LIBRARIES: /usr/lib/x86_64-linux-gnu/libgmp.so
2026-04-23T21:50:07.7605536Z WITH_BFD: no
2026-04-23T21:50:07.7605918Z WITH_ECM: no
2026-04-23T21:50:07.7606219Z WITH_PRIMESIEVE: no
2026-04-23T21:50:07.7606533Z WITH_FLINT: no
2026-04-23T21:50:07.7606826Z WITH_ARB: no
2026-04-23T21:50:07.7607113Z WITH_MPFR: no
2026-04-23T21:50:07.7607390Z WITH_PIRANHA: no
2026-04-23T21:50:07.7607675Z WITH_LLVM: no
2026-04-23T21:50:07.7607945Z WITH_BOOST: no
2026-04-23T21:50:07.7608231Z WITH_PTHREAD: no
2026-04-23T21:50:07.7608536Z WITH_MPC: no
2026-04-23T21:50:07.7609066Z WITH_TCMALLOC: no
2026-04-23T21:50:07.7609406Z WITH_OPENMP: no
2026-04-23T21:50:07.7609718Z WITH_VIRTUAL_TYPEID: no
2026-04-23T21:50:07.7610081Z WITH_SYSTEM_CEREAL: no
2026-04-23T21:50:07.7610452Z WITH_SYSTEM_FASTFLOAT: no
2026-04-23T21:50:07.7610814Z LIBS: gmp
2026-04-23T21:50:07.7610985Z 
2026-04-23T21:50:07.7611264Z --------------------------------------------------------------------------------
2026-04-23T21:50:07.7611743Z 
2026-04-23T21:50:07.8292080Z -- Found Python3: /usr/bin/python3 (found version "3.11.2") found components: Interpreter 
2026-04-23T21:50:07.8393738Z -- jsoncons v1.5.0
2026-04-23T21:50:07.8652362Z -- Performing Test HAVE_FLAG__ffile_prefix_map____w_quasar_quasar_cmake_projects_third_party_Catch2__
2026-04-23T21:50:07.9273394Z -- Performing Test HAVE_FLAG__ffile_prefix_map____w_quasar_quasar_cmake_projects_third_party_Catch2__ - Success
2026-04-23T21:50:07.9350155Z -- Detected ZMQ Version - 4.3.6
2026-04-23T21:50:07.9383242Z -- Found PkgConfig: /usr/bin/pkg-config (found version "1.8.1") 
2026-04-23T21:50:07.9391519Z -- Performing Test COMPILER_SUPPORTS_C11
2026-04-23T21:50:07.9919445Z -- Performing Test COMPILER_SUPPORTS_C11 - Success
2026-04-23T21:50:07.9926749Z -- Performing Test CXX_HAS_TAUT_WARNING
2026-04-23T21:50:08.0556572Z -- Performing Test CXX_HAS_TAUT_WARNING - Success
2026-04-23T21:50:08.0563414Z -- Performing Test CC_HAS_TAUT_WARNING
2026-04-23T21:50:08.1101123Z -- Performing Test CC_HAS_TAUT_WARNING - Success
2026-04-23T21:50:08.1101991Z -- Not building draft classes and methods
2026-04-23T21:50:08.1107285Z -- Checking for module 'libbsd'
2026-04-23T21:50:08.1135218Z --   Package 'libbsd', required by 'virtual:world', not found
2026-04-23T21:50:08.1138299Z -- Looking for strlcpy
2026-04-23T21:50:08.1390067Z -- Looking for strlcpy - not found
2026-04-23T21:50:08.1390526Z -- CURVE security is disabled
2026-04-23T21:50:08.1392172Z -- Looking for kqueue
2026-04-23T21:50:08.1628933Z -- Looking for kqueue - not found
2026-04-23T21:50:08.1630029Z -- Looking for epoll_create
2026-04-23T21:50:08.2276619Z -- Looking for epoll_create - found
2026-04-23T21:50:08.2277593Z -- Looking for epoll_create1
2026-04-23T21:50:08.2929398Z -- Looking for epoll_create1 - found
2026-04-23T21:50:08.2929919Z -- Using polling method in I/O threads: epoll
2026-04-23T21:50:08.2930350Z -- Using polling method in zmq_poll(er)_* API: poll
2026-04-23T21:50:08.2931982Z -- Looking for pselect
2026-04-23T21:50:08.3566563Z -- Looking for pselect - found
2026-04-23T21:50:08.3580126Z -- Using 64 bytes alignment for lock-free data structures
2026-04-23T21:50:08.3581747Z -- Looking for posix_memalign
2026-04-23T21:50:08.4272584Z -- Looking for posix_memalign - found
2026-04-23T21:50:08.4274156Z -- Looking for include file windows.h
2026-04-23T21:50:08.4484847Z -- Looking for include file windows.h - not found
2026-04-23T21:50:08.4486963Z -- Looking for include file condition_variable
2026-04-23T21:50:08.8806492Z -- Looking for include file condition_variable - found
2026-04-23T21:50:08.8807396Z -- Using condition_variable_t implementation: stl11
2026-04-23T21:50:08.8808295Z -- Looking for include file ifaddrs.h
2026-04-23T21:50:08.9391192Z -- Looking for include file ifaddrs.h - found
2026-04-23T21:50:08.9392254Z -- Looking for include file sys/uio.h
2026-04-23T21:50:08.9960222Z -- Looking for include file sys/uio.h - found
2026-04-23T21:50:08.9961089Z -- Looking for include file sys/eventfd.h
2026-04-23T21:50:09.0527265Z -- Looking for include file sys/eventfd.h - found
2026-04-23T21:50:09.0527934Z -- Checking whether EFD_CLOEXEC is supported
2026-04-23T21:50:09.0528450Z -- Performing Test ZMQ_HAVE_EVENTFD_CLOEXEC
2026-04-23T21:50:09.1108405Z -- Performing Test ZMQ_HAVE_EVENTFD_CLOEXEC - Success
2026-04-23T21:50:09.1110436Z -- Looking for if_nametoindex
2026-04-23T21:50:09.1797420Z -- Looking for if_nametoindex - found
2026-04-23T21:50:09.1797984Z -- Looking for SO_PEERCRED
2026-04-23T21:50:09.2485760Z -- Looking for SO_PEERCRED - found
2026-04-23T21:50:09.2486400Z -- Looking for LOCAL_PEERCRED
2026-04-23T21:50:09.2765776Z -- Looking for LOCAL_PEERCRED - not found
2026-04-23T21:50:09.2766654Z -- Looking for SO_BUSY_POLL
2026-04-23T21:50:09.3435875Z -- Looking for SO_BUSY_POLL - found
2026-04-23T21:50:09.3436937Z -- Looking for clock_gettime
2026-04-23T21:50:09.4100858Z -- Looking for clock_gettime - found
2026-04-23T21:50:09.4117580Z -- Looking for fork
2026-04-23T21:50:09.4769421Z -- Looking for fork - found
2026-04-23T21:50:09.4770109Z -- Looking for gethrtime
2026-04-23T21:50:09.5021327Z -- Looking for gethrtime - not found
2026-04-23T21:50:09.5022292Z -- Looking for mkdtemp
2026-04-23T21:50:09.5749187Z -- Looking for mkdtemp - found
2026-04-23T21:50:09.5749713Z -- Looking for accept4
2026-04-23T21:50:09.6416303Z -- Looking for accept4 - found
2026-04-23T21:50:09.6417548Z -- Looking for strnlen
2026-04-23T21:50:09.7071862Z -- Looking for strnlen - found
2026-04-23T21:50:09.7078477Z -- Performing Test HAVE_FLAG_-Wall
2026-04-23T21:50:09.7712523Z -- Performing Test HAVE_FLAG_-Wall - Failed
2026-04-23T21:50:09.7720030Z -- Performing Test HAVE_FLAG_-Wextra
2026-04-23T21:50:09.8351834Z -- Performing Test HAVE_FLAG_-Wextra - Failed
2026-04-23T21:50:09.8358799Z -- Performing Test HAVE_FLAG_-Wno-long-long
2026-04-23T21:50:09.8975718Z -- Performing Test HAVE_FLAG_-Wno-long-long - Failed
2026-04-23T21:50:09.8982471Z -- Performing Test HAVE_FLAG_-Wno-uninitialized
2026-04-23T21:50:09.9611675Z -- Performing Test HAVE_FLAG_-Wno-uninitialized - Failed
2026-04-23T21:50:09.9618791Z -- Performing Test HAVE_FLAG_-pedantic
2026-04-23T21:50:10.0234250Z -- Performing Test HAVE_FLAG_-pedantic - Failed
2026-04-23T21:50:10.0235258Z -- Checking whether noexcept is supported
2026-04-23T21:50:10.0236544Z -- Performing Test ZMQ_HAVE_NOEXCEPT
2026-04-23T21:50:10.0863300Z -- Performing Test ZMQ_HAVE_NOEXCEPT - Success
2026-04-23T21:50:10.0863875Z -- Checking pthread_setname signature
2026-04-23T21:50:10.0864445Z -- Performing Test ZMQ_HAVE_PTHREAD_SETNAME_1
2026-04-23T21:50:10.1118379Z -- Performing Test ZMQ_HAVE_PTHREAD_SETNAME_1 - Failed
2026-04-23T21:50:10.1119113Z -- Performing Test ZMQ_HAVE_PTHREAD_SETNAME_2
2026-04-23T21:50:10.1690744Z -- Performing Test ZMQ_HAVE_PTHREAD_SETNAME_2 - Success
2026-04-23T21:50:10.1691675Z -- Performing Test ZMQ_HAVE_PTHREAD_SETNAME_3
2026-04-23T21:50:10.1948120Z -- Performing Test ZMQ_HAVE_PTHREAD_SETNAME_3 - Failed
2026-04-23T21:50:10.1948619Z -- Performing Test ZMQ_HAVE_PTHREAD_SET_NAME
2026-04-23T21:50:10.2249669Z -- Performing Test ZMQ_HAVE_PTHREAD_SET_NAME - Failed
2026-04-23T21:50:10.2250152Z -- Checking pthread_setaffinity signature
2026-04-23T21:50:10.2250482Z -- Performing Test ZMQ_HAVE_PTHREAD_SET_AFFINITY
2026-04-23T21:50:10.2840092Z -- Performing Test ZMQ_HAVE_PTHREAD_SET_AFFINITY - Success
2026-04-23T21:50:10.2841004Z -- Checking whether SOCK_CLOEXEC is supported
2026-04-23T21:50:10.2841693Z -- Performing Test ZMQ_HAVE_SOCK_CLOEXEC
2026-04-23T21:50:10.3427331Z -- Performing Test ZMQ_HAVE_SOCK_CLOEXEC - Success
2026-04-23T21:50:10.3427920Z -- Checking whether O_CLOEXEC is supported
2026-04-23T21:50:10.3428631Z -- Performing Test ZMQ_HAVE_O_CLOEXEC
2026-04-23T21:50:10.4012941Z -- Performing Test ZMQ_HAVE_O_CLOEXEC - Success
2026-04-23T21:50:10.4013533Z -- Checking whether SO_BINDTODEVICE is supported
2026-04-23T21:50:10.4014505Z -- Performing Test ZMQ_HAVE_SO_BINDTODEVICE
2026-04-23T21:50:10.4607893Z -- Performing Test ZMQ_HAVE_SO_BINDTODEVICE - Success
2026-04-23T21:50:10.4608524Z -- Checking whether SO_KEEPALIVE is supported
2026-04-23T21:50:10.4608972Z -- Performing Test ZMQ_HAVE_SO_KEEPALIVE
2026-04-23T21:50:10.5199342Z -- Performing Test ZMQ_HAVE_SO_KEEPALIVE - Success
2026-04-23T21:50:10.5199933Z -- Checking whether SO_PRIORITY is supported
2026-04-23T21:50:10.5200396Z -- Performing Test ZMQ_HAVE_SO_PRIORITY
2026-04-23T21:50:10.5794325Z -- Performing Test ZMQ_HAVE_SO_PRIORITY - Success
2026-04-23T21:50:10.5795031Z -- Checking whether TCP_KEEPCNT is supported
2026-04-23T21:50:10.5795819Z -- Performing Test ZMQ_HAVE_TCP_KEEPCNT
2026-04-23T21:50:10.6400056Z -- Performing Test ZMQ_HAVE_TCP_KEEPCNT - Success
2026-04-23T21:50:10.6400941Z -- Checking whether TCP_KEEPIDLE is supported
2026-04-23T21:50:10.6401617Z -- Performing Test ZMQ_HAVE_TCP_KEEPIDLE
2026-04-23T21:50:10.7006242Z -- Performing Test ZMQ_HAVE_TCP_KEEPIDLE - Success
2026-04-23T21:50:10.7007103Z -- Checking whether TCP_KEEPINTVL is supported
2026-04-23T21:50:10.7008177Z -- Performing Test ZMQ_HAVE_TCP_KEEPINTVL
2026-04-23T21:50:10.7621771Z -- Performing Test ZMQ_HAVE_TCP_KEEPINTVL - Success
2026-04-23T21:50:10.7622532Z -- Checking whether TCP_KEEPALIVE is supported
2026-04-23T21:50:10.7623051Z -- Performing Test ZMQ_HAVE_TCP_KEEPALIVE
2026-04-23T21:50:10.7896649Z -- Performing Test ZMQ_HAVE_TCP_KEEPALIVE - Failed
2026-04-23T21:50:10.7897210Z -- Checking whether TIPC is supported
2026-04-23T21:50:10.7897643Z -- Performing Test ZMQ_HAVE_TIPC
2026-04-23T21:50:10.8546054Z -- Performing Test ZMQ_HAVE_TIPC - Success
2026-04-23T21:50:10.8546605Z -- Checking whether getrandom is supported
2026-04-23T21:50:10.8547947Z -- Performing Test ZMQ_HAVE_GETRANDOM
2026-04-23T21:50:10.9133766Z -- Performing Test ZMQ_HAVE_GETRANDOM - Success
2026-04-23T21:50:10.9149004Z -- Could NOT find AsciiDoctor (missing: ASCIIDOCTOR_EXECUTABLE) 
2026-04-23T21:50:10.9384707Z -- Found Git: /usr/bin/git (found version "2.39.5") 
2026-04-23T21:50:10.9400386Z -- open62541 Version: v1.5.2
2026-04-23T21:50:10.9400824Z -- The selected architecture is: posix
2026-04-23T21:50:10.9708295Z -- Found OpenSSL: /usr/lib/x86_64-linux-gnu/libcrypto.so (found version "3.0.19")  
2026-04-23T21:50:10.9711757Z -- Test CC flag -std=c99
2026-04-23T21:50:10.9717503Z -- Performing Test flag_supported
2026-04-23T21:50:11.0254439Z -- Performing Test flag_supported - Success
2026-04-23T21:50:11.0254947Z -- Test CC flag -pipe
2026-04-23T21:50:11.0260864Z -- Performing Test flag_supported
2026-04-23T21:50:11.0777545Z -- Performing Test flag_supported - Success
2026-04-23T21:50:11.0778147Z -- Test CC flag -Wall
2026-04-23T21:50:11.0784948Z -- Performing Test flag_supported
2026-04-23T21:50:11.1311564Z -- Performing Test flag_supported - Success
2026-04-23T21:50:11.1313089Z -- Test CC flag -Wextra
2026-04-23T21:50:11.1319241Z -- Performing Test flag_supported
2026-04-23T21:50:11.1838293Z -- Performing Test flag_supported - Success
2026-04-23T21:50:11.1840176Z -- Test CC flag -Wpedantic
2026-04-23T21:50:11.1846344Z -- Performing Test flag_supported
2026-04-23T21:50:11.2361943Z -- Performing Test flag_supported - Success
2026-04-23T21:50:11.2362987Z -- Test CC flag -Wno-unused-parameter
2026-04-23T21:50:11.2368900Z -- Performing Test flag_supported
2026-04-23T21:50:11.2881023Z -- Performing Test flag_supported - Success
2026-04-23T21:50:11.2881638Z -- Test CC flag -Wno-overlength-strings
2026-04-23T21:50:11.2888612Z -- Performing Test flag_supported
2026-04-23T21:50:11.3394951Z -- Performing Test flag_supported - Success
2026-04-23T21:50:11.3396172Z -- Test CC flag -Wc++-compat
2026-04-23T21:50:11.3402104Z -- Performing Test flag_supported
2026-04-23T21:50:11.3904308Z -- Performing Test flag_supported - Success
2026-04-23T21:50:11.3904980Z -- Test CC flag -Wno-jump-misses-init
2026-04-23T21:50:11.3911483Z -- Performing Test flag_supported
2026-04-23T21:50:11.4410457Z -- Performing Test flag_supported - Success
2026-04-23T21:50:11.4411019Z -- Test CC flag -Wformat
2026-04-23T21:50:11.4417758Z -- Performing Test flag_supported
2026-04-23T21:50:11.4918055Z -- Performing Test flag_supported - Success
2026-04-23T21:50:11.4918643Z -- Test CC flag -Wformat-security
2026-04-23T21:50:11.4925342Z -- Performing Test flag_supported
2026-04-23T21:50:11.5432239Z -- Performing Test flag_supported - Success
2026-04-23T21:50:11.5433322Z -- Test CC flag -Wformat-nonliteral
2026-04-23T21:50:11.5439592Z -- Performing Test flag_supported
2026-04-23T21:50:11.5947954Z -- Performing Test flag_supported - Success
2026-04-23T21:50:11.5949549Z -- Test CC flag -Wmissing-prototypes
2026-04-23T21:50:11.5954840Z -- Performing Test flag_supported
2026-04-23T21:50:11.6467437Z -- Performing Test flag_supported - Success
2026-04-23T21:50:11.6468251Z -- Test CC flag -Wstrict-prototypes
2026-04-23T21:50:11.6474075Z -- Performing Test flag_supported
2026-04-23T21:50:11.6987902Z -- Performing Test flag_supported - Success
2026-04-23T21:50:11.6988581Z -- Test CC flag -Wredundant-decls
2026-04-23T21:50:11.6994897Z -- Performing Test flag_supported
2026-04-23T21:50:11.7502814Z -- Performing Test flag_supported - Success
2026-04-23T21:50:11.7503394Z -- Test CC flag -Wuninitialized
2026-04-23T21:50:11.7510202Z -- Performing Test flag_supported
2026-04-23T21:50:11.8032839Z -- Performing Test flag_supported - Success
2026-04-23T21:50:11.8033284Z -- Test CC flag -Winit-self
2026-04-23T21:50:11.8039218Z -- Performing Test flag_supported
2026-04-23T21:50:11.8563057Z -- Performing Test flag_supported - Success
2026-04-23T21:50:11.8563854Z -- Test CC flag -Wcast-qual
2026-04-23T21:50:11.8569825Z -- Performing Test flag_supported
2026-04-23T21:50:11.9093708Z -- Performing Test flag_supported - Success
2026-04-23T21:50:11.9094517Z -- Test CC flag -Wstrict-overflow
2026-04-23T21:50:11.9101068Z -- Performing Test flag_supported
2026-04-23T21:50:11.9616301Z -- Performing Test flag_supported - Success
2026-04-23T21:50:11.9616868Z -- Test CC flag -Wnested-externs
2026-04-23T21:50:11.9623325Z -- Performing Test flag_supported
2026-04-23T21:50:12.0141294Z -- Performing Test flag_supported - Success
2026-04-23T21:50:12.0142605Z -- Test CC flag -Wmultichar
2026-04-23T21:50:12.0148571Z -- Performing Test flag_supported
2026-04-23T21:50:12.0660383Z -- Performing Test flag_supported - Success
2026-04-23T21:50:12.0660981Z -- Test CC flag -Wundef
2026-04-23T21:50:12.0667119Z -- Performing Test flag_supported
2026-04-23T21:50:12.1191953Z -- Performing Test flag_supported - Success
2026-04-23T21:50:12.1192754Z -- Test CC flag -fno-strict-aliasing
2026-04-23T21:50:12.1199675Z -- Performing Test flag_supported
2026-04-23T21:50:12.1728716Z -- Performing Test flag_supported - Success
2026-04-23T21:50:12.1729620Z -- Test CC flag -fexceptions
2026-04-23T21:50:12.1735880Z -- Performing Test flag_supported
2026-04-23T21:50:12.2259798Z -- Performing Test flag_supported - Success
2026-04-23T21:50:12.2260361Z -- Test CC flag -ffunction-sections
2026-04-23T21:50:12.2267085Z -- Performing Test flag_supported
2026-04-23T21:50:12.2787249Z -- Performing Test flag_supported - Success
2026-04-23T21:50:12.2787826Z -- Test CC flag -fdata-sections
2026-04-23T21:50:12.2794578Z -- Performing Test flag_supported
2026-04-23T21:50:12.3311277Z -- Performing Test flag_supported - Success
2026-04-23T21:50:12.3312298Z -- Test CC flag -pthread
2026-04-23T21:50:12.3319434Z -- Performing Test flag_supported
2026-04-23T21:50:12.3858440Z -- Performing Test flag_supported - Success
2026-04-23T21:50:12.7337094Z -- Test CC flag -fno-unwind-tables
2026-04-23T21:50:12.7342801Z -- Performing Test flag_supported
2026-04-23T21:50:12.7872729Z -- Performing Test flag_supported - Success
2026-04-23T21:50:12.7873918Z -- Test CC flag -fno-asynchronous-unwind-tables
2026-04-23T21:50:12.7880109Z -- Performing Test flag_supported
2026-04-23T21:50:12.8395294Z -- Performing Test flag_supported - Success
2026-04-23T21:50:12.8396162Z -- Test CC flag -fno-math-errno
2026-04-23T21:50:12.8402098Z -- Performing Test flag_supported
2026-04-23T21:50:12.8925314Z -- Performing Test flag_supported - Success
2026-04-23T21:50:12.9557080Z -- Could NOT find Sphinx (missing: SPHINX_EXECUTABLE) 
2026-04-23T21:50:12.9583869Z -- Could NOT find LATEX (missing: LATEX_COMPILER) 
2026-04-23T21:50:12.9662063Z -- Building for Linux
2026-04-23T21:50:12.9789000Z -- Could NOT find Doxygen (missing: DOXYGEN_EXECUTABLE) 
2026-04-23T21:50:12.9793463Z -- The System identification is Linux 6.17.0-1010-azure Platform/Linux
2026-04-23T21:50:12.9877208Z -- Could NOT find Doxygen (missing: DOXYGEN_EXECUTABLE) 
2026-04-23T21:50:12.9881309Z -- The System identification is Linux 6.17.0-1010-azure Platform/Linux
2026-04-23T21:50:12.9912164Z -- Check size of off64_t
2026-04-23T21:50:13.0482575Z -- Check size of off64_t - done
2026-04-23T21:50:13.0483896Z -- Looking for fseeko
2026-04-23T21:50:13.1021706Z -- Looking for fseeko - found
2026-04-23T21:50:13.1022182Z -- Looking for unistd.h
2026-04-23T21:50:13.1587085Z -- Looking for unistd.h - found
2026-04-23T21:50:13.1628436Z -- Could NOT find Doxygen (missing: DOXYGEN_EXECUTABLE) 
2026-04-23T21:50:13.1639085Z -- The System identification is Linux 6.17.0-1010-azure Platform/Linux
2026-04-23T21:50:13.1662540Z -- Found LibBFD: /usr/lib/x86_64-linux-gnu/libbfd.so  
2026-04-23T21:50:13.1673209Z -- Found LibDL: /usr/lib/x86_64-linux-gnu/libdl.a  
2026-04-23T21:50:13.1683803Z -- Found LibRT: /usr/lib/x86_64-linux-gnu/librt.a  
2026-04-23T21:50:13.1695135Z -- Found LibUUID: /usr/lib/x86_64-linux-gnu/libuuid.so  
2026-04-23T21:50:13.1748707Z -- OpenSSL version: 3.0.19 /usr/include /usr/lib/x86_64-linux-gnu/libssl.so;/usr/lib/x86_64-linux-gnu/libcrypto.so
2026-04-23T21:50:13.1777377Z -- ┌─ FTXUI options ─────────────────────
2026-04-23T21:50:13.1778060Z -- │ FTXUI_ENABLE_INSTALL     : ON
2026-04-23T21:50:13.1778597Z -- │ FTXUI_BUILD_EXAMPLES     : OFF
2026-04-23T21:50:13.1779079Z -- │ FTXUI_QUIET              : OFF
2026-04-23T21:50:13.1779527Z -- │ FTXUI_BUILD_DOCS         : OFF
2026-04-23T21:50:13.1779976Z -- │ FTXUI_BUILD_TESTS        : OFF
2026-04-23T21:50:13.1780452Z -- │ FTXUI_BUILD_TESTS_FUZZER : OFF
2026-04-23T21:50:13.1780895Z -- │ FTXUI_ENABLE_COVERAGE    : OFF
2026-04-23T21:50:13.1781345Z -- │ FTXUI_DEV_WARNINGS       : OFF
2026-04-23T21:50:13.1781802Z -- │ FTXUI_CLANG_TIDY         : OFF
2026-04-23T21:50:13.1782287Z -- └─────────────────────────────────────
2026-04-23T21:50:13.2050656Z -- Checking for module 'yaml-cpp'
2026-04-23T21:50:13.2078782Z --   Package 'yaml-cpp', required by 'virtual:world', not found
2026-04-23T21:50:13.2083081Z -- Checking for module 'tinyxml2'
2026-04-23T21:50:13.2111334Z --   Package 'tinyxml2', required by 'virtual:world', not found
2026-04-23T21:50:13.2115664Z -- Checking for module 'jsoncons'
2026-04-23T21:50:13.2143277Z --   Package 'jsoncons', required by 'virtual:world', not found
2026-04-23T21:50:13.2203151Z -- Checking for module 'jsoncons'
2026-04-23T21:50:13.2230520Z --   Package 'jsoncons', required by 'virtual:world', not found
2026-04-23T21:50:13.2755908Z -- Configuring done
2026-04-23T21:50:13.5482977Z -- Generating done
2026-04-23T21:50:13.5607397Z -- Build files have been written to: /__w/quasar/quasar/build-projects
2026-04-23T21:50:13.5765369Z ##[group]Run ccache -z
2026-04-23T21:50:13.5765737Z [36;1mccache -z[0m
2026-04-23T21:50:13.5766070Z [36;1mcmake --build build-projects[0m
2026-04-23T21:50:13.5766452Z [36;1mccache -s[0m
2026-04-23T21:50:13.5766866Z shell: sh -e {0}
2026-04-23T21:50:13.5767155Z env:
2026-04-23T21:50:13.5767488Z   CCACHE_DIR: /home/runner/work/quasar/quasar/.ccache
2026-04-23T21:50:13.5767959Z ##[endgroup]
2026-04-23T21:50:13.6458779Z Statistics zeroed
2026-04-23T21:50:13.6984116Z [  0%] Building C object third-party/raylib/raylib/external/glfw/src/CMakeFiles/glfw.dir/context.c.o
2026-04-23T21:50:13.7091431Z [  0%] Building C object third-party/raylib/raylib/external/glfw/src/CMakeFiles/glfw.dir/init.c.o
2026-04-23T21:50:13.7195314Z [  0%] Building C object third-party/raylib/raylib/external/glfw/src/CMakeFiles/glfw.dir/input.c.o
2026-04-23T21:50:13.7304497Z [  0%] Building C object third-party/raylib/raylib/external/glfw/src/CMakeFiles/glfw.dir/monitor.c.o
2026-04-23T21:50:13.7408178Z [  0%] Building C object third-party/raylib/raylib/external/glfw/src/CMakeFiles/glfw.dir/platform.c.o
2026-04-23T21:50:13.7510384Z [  1%] Building C object third-party/raylib/raylib/external/glfw/src/CMakeFiles/glfw.dir/vulkan.c.o
2026-04-23T21:50:13.7611686Z [  1%] Building C object third-party/raylib/raylib/external/glfw/src/CMakeFiles/glfw.dir/window.c.o
2026-04-23T21:50:13.7716394Z [  1%] Building C object third-party/raylib/raylib/external/glfw/src/CMakeFiles/glfw.dir/egl_context.c.o
2026-04-23T21:50:13.7820315Z [  1%] Building C object third-party/raylib/raylib/external/glfw/src/CMakeFiles/glfw.dir/osmesa_context.c.o
2026-04-23T21:50:13.7922009Z [  1%] Building C object third-party/raylib/raylib/external/glfw/src/CMakeFiles/glfw.dir/null_init.c.o
2026-04-23T21:50:13.8024375Z [  1%] Building C object third-party/raylib/raylib/external/glfw/src/CMakeFiles/glfw.dir/null_monitor.c.o
2026-04-23T21:50:13.8126657Z [  1%] Building C object third-party/raylib/raylib/external/glfw/src/CMakeFiles/glfw.dir/null_window.c.o
2026-04-23T21:50:13.8227456Z [  1%] Building C object third-party/raylib/raylib/external/glfw/src/CMakeFiles/glfw.dir/null_joystick.c.o
2026-04-23T21:50:13.8327495Z [  1%] Building C object third-party/raylib/raylib/external/glfw/src/CMakeFiles/glfw.dir/posix_module.c.o
2026-04-23T21:50:13.8427450Z [  1%] Building C object third-party/raylib/raylib/external/glfw/src/CMakeFiles/glfw.dir/posix_time.c.o
2026-04-23T21:50:13.8527394Z [  1%] Building C object third-party/raylib/raylib/external/glfw/src/CMakeFiles/glfw.dir/posix_thread.c.o
2026-04-23T21:50:13.8629909Z [  2%] Building C object third-party/raylib/raylib/external/glfw/src/CMakeFiles/glfw.dir/x11_init.c.o
2026-04-23T21:50:13.8737241Z [  2%] Building C object third-party/raylib/raylib/external/glfw/src/CMakeFiles/glfw.dir/x11_monitor.c.o
2026-04-23T21:50:13.8843854Z [  2%] Building C object third-party/raylib/raylib/external/glfw/src/CMakeFiles/glfw.dir/x11_window.c.o
2026-04-23T21:50:13.8951374Z [  2%] Building C object third-party/raylib/raylib/external/glfw/src/CMakeFiles/glfw.dir/xkb_unicode.c.o
2026-04-23T21:50:13.9055301Z [  2%] Building C object third-party/raylib/raylib/external/glfw/src/CMakeFiles/glfw.dir/glx_context.c.o
2026-04-23T21:50:13.9160634Z [  2%] Building C object third-party/raylib/raylib/external/glfw/src/CMakeFiles/glfw.dir/linux_joystick.c.o
2026-04-23T21:50:13.9266924Z [  2%] Building C object third-party/raylib/raylib/external/glfw/src/CMakeFiles/glfw.dir/posix_poll.c.o
2026-04-23T21:50:13.9374262Z [  2%] Built target glfw
2026-04-23T21:50:13.9523747Z [  2%] Building C object third-party/raylib/raylib/CMakeFiles/raylib.dir/raudio.c.o
2026-04-23T21:50:13.9674654Z [  2%] Building C object third-party/raylib/raylib/CMakeFiles/raylib.dir/rcore.c.o
2026-04-23T21:50:13.9790502Z [  2%] Building C object third-party/raylib/raylib/CMakeFiles/raylib.dir/rmodels.c.o
2026-04-23T21:50:13.9902255Z [  2%] Building C object third-party/raylib/raylib/CMakeFiles/raylib.dir/rshapes.c.o
2026-04-23T21:50:13.9996412Z [  3%] Building C object third-party/raylib/raylib/CMakeFiles/raylib.dir/rtext.c.o
2026-04-23T21:50:14.0092506Z [  3%] Building C object third-party/raylib/raylib/CMakeFiles/raylib.dir/rtextures.c.o
2026-04-23T21:50:14.0203816Z [  3%] Linking C static library ../../../lib/libraylib.a
2026-04-23T21:50:14.0597434Z [  3%] Built target raylib
2026-04-23T21:50:14.0776836Z [  3%] Building CXX object third-party/symengine/symengine/CMakeFiles/symengine.dir/add.cpp.o
2026-04-23T21:50:14.0909379Z [  3%] Building CXX object third-party/symengine/symengine/CMakeFiles/symengine.dir/basic.cpp.o
2026-04-23T21:50:14.1081335Z [  3%] Building CXX object third-party/symengine/symengine/CMakeFiles/symengine.dir/complex.cpp.o
2026-04-23T21:50:14.1209721Z [  4%] Building CXX object third-party/symengine/symengine/CMakeFiles/symengine.dir/complex_double.cpp.o
2026-04-23T21:50:14.1334525Z [  4%] Building CXX object third-party/symengine/symengine/CMakeFiles/symengine.dir/constants.cpp.o
2026-04-23T21:50:14.1459035Z [  4%] Building CXX object third-party/symengine/symengine/CMakeFiles/symengine.dir/cse.cpp.o
2026-04-23T21:50:14.1592728Z [  4%] Building CXX object third-party/symengine/symengine/CMakeFiles/symengine.dir/cwrapper.cpp.o
2026-04-23T21:50:14.1731617Z [  4%] Building CXX object third-party/symengine/symengine/CMakeFiles/symengine.dir/dense_matrix.cpp.o
2026-04-23T21:50:14.1887292Z [  4%] Building CXX object third-party/symengine/symengine/CMakeFiles/symengine.dir/derivative.cpp.o
2026-04-23T21:50:14.2028281Z [  4%] Building CXX object third-party/symengine/symengine/CMakeFiles/symengine.dir/dict.cpp.o
2026-04-23T21:50:14.2154774Z [  4%] Building CXX object third-party/symengine/symengine/CMakeFiles/symengine.dir/diophantine.cpp.o
2026-04-23T21:50:14.2281370Z [  4%] Building CXX object third-party/symengine/symengine/CMakeFiles/symengine.dir/eval.cpp.o
2026-04-23T21:50:14.2416283Z [  4%] Building CXX object third-party/symengine/symengine/CMakeFiles/symengine.dir/eval_double.cpp.o
2026-04-23T21:50:14.2554576Z [  4%] Building CXX object third-party/symengine/symengine/CMakeFiles/symengine.dir/expand.cpp.o
2026-04-23T21:50:14.2692602Z [  5%] Building CXX object third-party/symengine/symengine/CMakeFiles/symengine.dir/expression.cpp.o
2026-04-23T21:50:14.2830044Z [  5%] Building CXX object third-party/symengine/symengine/CMakeFiles/symengine.dir/fields.cpp.o
2026-04-23T21:50:14.2962664Z [  5%] Building CXX object third-party/symengine/symengine/CMakeFiles/symengine.dir/finitediff.cpp.o
2026-04-23T21:50:14.3089912Z [  5%] Building CXX object third-party/symengine/symengine/CMakeFiles/symengine.dir/functions.cpp.o
2026-04-23T21:50:14.3165803Z In file included from /usr/include/c++/12/atomic:41,
2026-04-23T21:50:14.3166510Z                  from /__w/quasar/quasar/cmake-projects/third-party/symengine/symengine/basic.h:34,
2026-04-23T21:50:14.3167124Z                  from /__w/quasar/quasar/cmake-projects/third-party/symengine/symengine/polys/upolybase.h:8,
2026-04-23T21:50:14.3167741Z                  from /__w/quasar/quasar/cmake-projects/third-party/symengine/symengine/polys/uintpoly_flint.h:8,
2026-04-23T21:50:14.3168380Z                  from /__w/quasar/quasar/cmake-projects/third-party/symengine/symengine/visitor.h:9,
2026-04-23T21:50:14.3169086Z                  from /__w/quasar/quasar/cmake-projects/third-party/symengine/symengine/functions.cpp:1:
2026-04-23T21:50:14.3175115Z In member function 'std::__atomic_base<_IntTp>::__int_type std::__atomic_base<_IntTp>::fetch_add(__int_type, std::memory_order) [with _ITp = unsigned int]',
2026-04-23T21:50:14.3176064Z     inlined from 'std::__atomic_base<_IntTp>::__int_type std::__atomic_base<_IntTp>::operator++(int) [with _ITp = unsigned int]' at /usr/include/c++/12/bits/atomic_base.h:369:25,
2026-04-23T21:50:14.3177084Z     inlined from 'SymEngine::RCP<T>::RCP(T*) [with T = const SymEngine::Integer]' at /__w/quasar/quasar/cmake-projects/third-party/symengine/symengine/symengine_rcp.h:117:26,
2026-04-23T21:50:14.3178395Z     inlined from 'SymEngine::RCP<T> SymEngine::rcp_static_cast(const RCP<T1>&) [with T2 = const Integer; T1 = const Basic]' at /__w/quasar/quasar/cmake-projects/third-party/symengine/symengine/symengine_rcp.h:225:25,
2026-04-23T21:50:14.3179599Z     inlined from 'SymEngine::RCP<const SymEngine::Basic> SymEngine::PolyGamma::rewrite_as_zeta() const' at /__w/quasar/quasar/cmake-projects/third-party/symengine/symengine/functions.cpp:3380:69:
2026-04-23T21:50:14.3180813Z /usr/include/c++/12/bits/atomic_base.h:618:34: warning: 'unsigned int __atomic_fetch_add_4(volatile void*, unsigned int, int)' writing 4 bytes into a region of size 0 overflows the destination [-Wstringop-overflow=]
2026-04-23T21:50:14.3181624Z   618 |       { return __atomic_fetch_add(&_M_i, __i, int(__m)); }
2026-04-23T21:50:14.3181951Z       |                ~~~~~~~~~~~~~~~~~~^~~~~~~~~~~~~~~~~~~~~~
2026-04-23T21:50:14.3233583Z [  5%] Building CXX object third-party/symengine/symengine/CMakeFiles/symengine.dir/infinity.cpp.o
2026-04-23T21:50:14.3367017Z [  5%] Building CXX object third-party/symengine/symengine/CMakeFiles/symengine.dir/integer.cpp.o
2026-04-23T21:50:14.3496374Z [  5%] Building CXX object third-party/symengine/symengine/CMakeFiles/symengine.dir/logic.cpp.o
2026-04-23T21:50:14.3627535Z [  5%] Building CXX object third-party/symengine/symengine/CMakeFiles/symengine.dir/matrix.cpp.o
2026-04-23T21:50:14.3753448Z [  5%] Building CXX object third-party/symengine/symengine/CMakeFiles/symengine.dir/monomials.cpp.o
2026-04-23T21:50:14.3875997Z [  5%] Building CXX object third-party/symengine/symengine/CMakeFiles/symengine.dir/mul.cpp.o
2026-04-23T21:50:14.4007482Z [  5%] Building CXX object third-party/symengine/symengine/CMakeFiles/symengine.dir/nan.cpp.o
2026-04-23T21:50:14.4129404Z [  6%] Building CXX object third-party/symengine/symengine/CMakeFiles/symengine.dir/ntheory.cpp.o
2026-04-23T21:50:14.4256543Z [  6%] Building CXX object third-party/symengine/symengine/CMakeFiles/symengine.dir/ntheory_funcs.cpp.o
2026-04-23T21:50:14.4379555Z [  6%] Building CXX object third-party/symengine/symengine/CMakeFiles/symengine.dir/number.cpp.o
2026-04-23T21:50:14.4502868Z [  6%] Building CXX object third-party/symengine/symengine/CMakeFiles/symengine.dir/numer_denom.cpp.o
2026-04-23T21:50:14.4637566Z [  6%] Building CXX object third-party/symengine/symengine/CMakeFiles/symengine.dir/parser/parser_old.cpp.o
2026-04-23T21:50:14.4775998Z [  6%] Building CXX object third-party/symengine/symengine/CMakeFiles/symengine.dir/parser/parser.tab.cc.o
2026-04-23T21:50:14.6409189Z [  6%] Building CXX object third-party/symengine/symengine/CMakeFiles/symengine.dir/parser/parser.cpp.o
2026-04-23T21:50:14.8084688Z [  6%] Building CXX object third-party/symengine/symengine/CMakeFiles/symengine.dir/parser/tokenizer.cpp.o
2026-04-23T21:50:14.9676051Z [  6%] Building CXX object third-party/symengine/symengine/CMakeFiles/symengine.dir/parser/sbml/sbml_parser.tab.cc.o
2026-04-23T21:50:15.1269521Z [  6%] Building CXX object third-party/symengine/symengine/CMakeFiles/symengine.dir/parser/sbml/sbml_parser.cpp.o
2026-04-23T21:50:15.2863037Z [  6%] Building CXX object third-party/symengine/symengine/CMakeFiles/symengine.dir/parser/sbml/sbml_tokenizer.cpp.o
2026-04-23T21:50:15.4445218Z [  7%] Building CXX object third-party/symengine/symengine/CMakeFiles/symengine.dir/polys/basic_conversions.cpp.o
2026-04-23T21:50:15.4589610Z [  7%] Building CXX object third-party/symengine/symengine/CMakeFiles/symengine.dir/polys/msymenginepoly.cpp.o
2026-04-23T21:50:15.4725916Z [  7%] Building CXX object third-party/symengine/symengine/CMakeFiles/symengine.dir/polys/uexprpoly.cpp.o
2026-04-23T21:50:15.4866419Z [  7%] Building CXX object third-party/symengine/symengine/CMakeFiles/symengine.dir/polys/uintpoly.cpp.o
2026-04-23T21:50:15.5000954Z [  7%] Building CXX object third-party/symengine/symengine/CMakeFiles/symengine.dir/polys/uratpoly.cpp.o
2026-04-23T21:50:15.5135644Z [  7%] Building CXX object third-party/symengine/symengine/CMakeFiles/symengine.dir/pow.cpp.o
2026-04-23T21:50:15.5273823Z [  7%] Building CXX object third-party/symengine/symengine/CMakeFiles/symengine.dir/prime_sieve.cpp.o
2026-04-23T21:50:15.5391805Z [  7%] Building CXX object third-party/symengine/symengine/CMakeFiles/symengine.dir/printers/codegen.cpp.o
2026-04-23T21:50:15.5529743Z [  7%] Building CXX object third-party/symengine/symengine/CMakeFiles/symengine.dir/printers/mathml.cpp.o
2026-04-23T21:50:15.5671727Z [  7%] Building CXX object third-party/symengine/symengine/CMakeFiles/symengine.dir/printers/sbml.cpp.o
2026-04-23T21:50:15.5812657Z [  7%] Building CXX object third-party/symengine/symengine/CMakeFiles/symengine.dir/printers/strprinter.cpp.o
2026-04-23T21:50:15.5958511Z [  8%] Building CXX object third-party/symengine/symengine/CMakeFiles/symengine.dir/printers/latex.cpp.o
2026-04-23T21:50:15.6101785Z [  8%] Building CXX object third-party/symengine/symengine/CMakeFiles/symengine.dir/printers/unicode.cpp.o
2026-04-23T21:50:15.6244373Z [  8%] Building CXX object third-party/symengine/symengine/CMakeFiles/symengine.dir/printers/stringbox.cpp.o
2026-04-23T21:50:15.6361151Z [  8%] Building CXX object third-party/symengine/symengine/CMakeFiles/symengine.dir/rational.cpp.o
2026-04-23T21:50:15.6494908Z [  8%] Building CXX object third-party/symengine/symengine/CMakeFiles/symengine.dir/real_double.cpp.o
2026-04-23T21:50:15.6628577Z [  8%] Building CXX object third-party/symengine/symengine/CMakeFiles/symengine.dir/rewrite.cpp.o
2026-04-23T21:50:15.6770049Z [  8%] Building CXX object third-party/symengine/symengine/CMakeFiles/symengine.dir/rings.cpp.o
2026-04-23T21:50:15.6902737Z [  8%] Building CXX object third-party/symengine/symengine/CMakeFiles/symengine.dir/series.cpp.o
2026-04-23T21:50:15.7043470Z [  8%] Building CXX object third-party/symengine/symengine/CMakeFiles/symengine.dir/series_generic.cpp.o
2026-04-23T21:50:15.7188117Z [  8%] Building CXX object third-party/symengine/symengine/CMakeFiles/symengine.dir/sets.cpp.o
2026-04-23T21:50:15.7327418Z [  8%] Building CXX object third-party/symengine/symengine/CMakeFiles/symengine.dir/set_funcs.cpp.o
2026-04-23T21:50:15.7469950Z [  9%] Building CXX object third-party/symengine/symengine/CMakeFiles/symengine.dir/solve.cpp.o
2026-04-23T21:50:15.7616585Z [  9%] Building CXX object third-party/symengine/symengine/CMakeFiles/symengine.dir/sparse_matrix.cpp.o
2026-04-23T21:50:15.7754890Z [  9%] Building CXX object third-party/symengine/symengine/CMakeFiles/symengine.dir/symbol.cpp.o
2026-04-23T21:50:15.7880989Z [  9%] Building CXX object third-party/symengine/symengine/CMakeFiles/symengine.dir/symengine_rcp.cpp.o
2026-04-23T21:50:15.7991786Z [  9%] Building CXX object third-party/symengine/symengine/CMakeFiles/symengine.dir/visitor.cpp.o
2026-04-23T21:50:15.8141117Z [  9%] Building CXX object third-party/symengine/symengine/CMakeFiles/symengine.dir/test_visitors.cpp.o
2026-04-23T21:50:15.8284711Z [  9%] Building CXX object third-party/symengine/symengine/CMakeFiles/symengine.dir/assumptions.cpp.o
2026-04-23T21:50:15.8417807Z [  9%] Building CXX object third-party/symengine/symengine/CMakeFiles/symengine.dir/refine.cpp.o
2026-04-23T21:50:15.8556106Z [  9%] Building CXX object third-party/symengine/symengine/CMakeFiles/symengine.dir/simplify.cpp.o
2026-04-23T21:50:15.8693954Z [  9%] Building CXX object third-party/symengine/symengine/CMakeFiles/symengine.dir/tuple.cpp.o
2026-04-23T21:50:15.8822451Z [  9%] Building CXX object third-party/symengine/symengine/CMakeFiles/symengine.dir/matrices/identity_matrix.cpp.o
2026-04-23T21:50:15.8952940Z [ 10%] Building CXX object third-party/symengine/symengine/CMakeFiles/symengine.dir/matrices/matrix_symbol.cpp.o
2026-04-23T21:50:15.9079122Z [ 10%] Building CXX object third-party/symengine/symengine/CMakeFiles/symengine.dir/matrices/zero_matrix.cpp.o
2026-04-23T21:50:15.9209233Z [ 10%] Building CXX object third-party/symengine/symengine/CMakeFiles/symengine.dir/matrices/diagonal_matrix.cpp.o
2026-04-23T21:50:15.9339484Z [ 10%] Building CXX object third-party/symengine/symengine/CMakeFiles/symengine.dir/matrices/immutable_dense_matrix.cpp.o
2026-04-23T21:50:15.9470832Z [ 10%] Building CXX object third-party/symengine/symengine/CMakeFiles/symengine.dir/matrices/matrix_add.cpp.o
2026-04-23T21:50:15.9601586Z [ 10%] Building CXX object third-party/symengine/symengine/CMakeFiles/symengine.dir/matrices/hadamard_product.cpp.o
2026-04-23T21:50:15.9731418Z [ 10%] Building CXX object third-party/symengine/symengine/CMakeFiles/symengine.dir/matrices/matrix_mul.cpp.o
2026-04-23T21:50:15.9861623Z [ 10%] Building CXX object third-party/symengine/symengine/CMakeFiles/symengine.dir/matrices/conjugate_matrix.cpp.o
2026-04-23T21:50:16.0000962Z [ 10%] Building CXX object third-party/symengine/symengine/CMakeFiles/symengine.dir/matrices/transpose.cpp.o
2026-04-23T21:50:16.0140196Z [ 10%] Building CXX object third-party/symengine/symengine/CMakeFiles/symengine.dir/matrices/trace.cpp.o
2026-04-23T21:50:16.0279012Z [ 10%] Building CXX object third-party/symengine/symengine/CMakeFiles/symengine.dir/matrices/size.cpp.o
2026-04-23T21:50:16.0417377Z [ 11%] Building CXX object third-party/symengine/symengine/CMakeFiles/symengine.dir/matrices/is_zero.cpp.o
2026-04-23T21:50:16.0556791Z [ 11%] Building CXX object third-party/symengine/symengine/CMakeFiles/symengine.dir/matrices/is_real.cpp.o
2026-04-23T21:50:16.0697404Z [ 11%] Building CXX object third-party/symengine/symengine/CMakeFiles/symengine.dir/matrices/is_symmetric.cpp.o
2026-04-23T21:50:16.0835784Z [ 11%] Building CXX object third-party/symengine/symengine/CMakeFiles/symengine.dir/matrices/is_square.cpp.o
2026-04-23T21:50:16.0972854Z [ 11%] Building CXX object third-party/symengine/symengine/CMakeFiles/symengine.dir/matrices/is_diagonal.cpp.o
2026-04-23T21:50:16.1109474Z [ 11%] Building CXX object third-party/symengine/symengine/CMakeFiles/symengine.dir/matrices/is_lower.cpp.o
2026-04-23T21:50:16.1245477Z [ 11%] Building CXX object third-party/symengine/symengine/CMakeFiles/symengine.dir/matrices/is_upper.cpp.o
2026-04-23T21:50:16.1382640Z [ 11%] Building CXX object third-party/symengine/symengine/CMakeFiles/symengine.dir/matrices/is_toeplitz.cpp.o
2026-04-23T21:50:16.1520813Z [ 11%] Building CXX object third-party/symengine/symengine/CMakeFiles/symengine.dir/mp_wrapper.cpp.o
2026-04-23T21:50:16.1635738Z [ 11%] Linking CXX static library ../../../lib/libsymengine.a
2026-04-23T21:50:16.2890886Z [ 11%] Built target symengine
2026-04-23T21:50:16.3051251Z [ 13%] Building CXX object third-party/googletest/googletest/CMakeFiles/gtest.dir/src/gtest-all.cc.o
2026-04-23T21:50:16.3220872Z [ 13%] Linking CXX static library ../../../lib/libgtest.a
2026-04-23T21:50:16.3495726Z [ 13%] Built target gtest
2026-04-23T21:50:16.3644278Z [ 13%] Building CXX object third-party/googletest/googlemock/CMakeFiles/gmock.dir/src/gmock-all.cc.o
2026-04-23T21:50:16.3793959Z [ 13%] Linking CXX static library ../../../lib/libgmock.a
2026-04-23T21:50:16.4040267Z [ 13%] Built target gmock
2026-04-23T21:50:16.4191980Z [ 13%] Building CXX object third-party/googletest/googlemock/CMakeFiles/gmock_main.dir/src/gmock_main.cc.o
2026-04-23T21:50:16.4337645Z [ 13%] Linking CXX static library ../../../lib/libgmock_main.a
2026-04-23T21:50:16.4566694Z [ 13%] Built target gmock_main
2026-04-23T21:50:16.4715861Z [ 13%] Building CXX object third-party/googletest/googletest/CMakeFiles/gtest_main.dir/src/gtest_main.cc.o
2026-04-23T21:50:16.4852924Z [ 13%] Linking CXX static library ../../../lib/libgtest_main.a
2026-04-23T21:50:16.5081473Z [ 13%] Built target gtest_main
2026-04-23T21:50:16.5228028Z [ 13%] Building CXX object third-party/tinyxml2/CMakeFiles/tinyxml2.dir/tinyxml2.cpp.o
2026-04-23T21:50:16.5325147Z [ 13%] Linking CXX static library ../../lib/libtinyxml2.a
2026-04-23T21:50:16.5560815Z [ 13%] Built target tinyxml2
2026-04-23T21:50:16.5720336Z [ 13%] Building CXX object third-party/yaml-cpp/CMakeFiles/yaml-cpp.dir/src/contrib/graphbuilder.cpp.o
2026-04-23T21:50:16.5840234Z [ 13%] Building CXX object third-party/yaml-cpp/CMakeFiles/yaml-cpp.dir/src/contrib/graphbuilderadapter.cpp.o
2026-04-23T21:50:16.5948719Z [ 13%] Building CXX object third-party/yaml-cpp/CMakeFiles/yaml-cpp.dir/src/binary.cpp.o
2026-04-23T21:50:16.6055674Z [ 13%] Building CXX object third-party/yaml-cpp/CMakeFiles/yaml-cpp.dir/src/convert.cpp.o
2026-04-23T21:50:16.6190881Z [ 13%] Building CXX object third-party/yaml-cpp/CMakeFiles/yaml-cpp.dir/src/depthguard.cpp.o
2026-04-23T21:50:16.6305014Z [ 13%] Building CXX object third-party/yaml-cpp/CMakeFiles/yaml-cpp.dir/src/directives.cpp.o
2026-04-23T21:50:16.6413065Z [ 14%] Building CXX object third-party/yaml-cpp/CMakeFiles/yaml-cpp.dir/src/emit.cpp.o
2026-04-23T21:50:16.6538933Z [ 14%] Building CXX object third-party/yaml-cpp/CMakeFiles/yaml-cpp.dir/src/emitfromevents.cpp.o
2026-04-23T21:50:16.6664895Z [ 14%] Building CXX object third-party/yaml-cpp/CMakeFiles/yaml-cpp.dir/src/emitter.cpp.o
2026-04-23T21:50:16.6794092Z [ 14%] Building CXX object third-party/yaml-cpp/CMakeFiles/yaml-cpp.dir/src/emitterstate.cpp.o
2026-04-23T21:50:16.6914960Z [ 14%] Building CXX object third-party/yaml-cpp/CMakeFiles/yaml-cpp.dir/src/emitterutils.cpp.o
2026-04-23T21:50:16.7044346Z [ 14%] Building CXX object third-party/yaml-cpp/CMakeFiles/yaml-cpp.dir/src/exceptions.cpp.o
2026-04-23T21:50:16.7161273Z [ 14%] Building CXX object third-party/yaml-cpp/CMakeFiles/yaml-cpp.dir/src/exp.cpp.o
2026-04-23T21:50:16.7281448Z [ 14%] Building CXX object third-party/yaml-cpp/CMakeFiles/yaml-cpp.dir/src/memory.cpp.o
2026-04-23T21:50:16.7410463Z [ 14%] Building CXX object third-party/yaml-cpp/CMakeFiles/yaml-cpp.dir/src/node.cpp.o
2026-04-23T21:50:16.7535711Z [ 14%] Building CXX object third-party/yaml-cpp/CMakeFiles/yaml-cpp.dir/src/node_data.cpp.o
2026-04-23T21:50:16.7663854Z [ 14%] Building CXX object third-party/yaml-cpp/CMakeFiles/yaml-cpp.dir/src/nodebuilder.cpp.o
2026-04-23T21:50:16.7795679Z [ 15%] Building CXX object third-party/yaml-cpp/CMakeFiles/yaml-cpp.dir/src/nodeevents.cpp.o
2026-04-23T21:50:16.7920743Z [ 15%] Building CXX object third-party/yaml-cpp/CMakeFiles/yaml-cpp.dir/src/null.cpp.o
2026-04-23T21:50:16.8028311Z [ 15%] Building CXX object third-party/yaml-cpp/CMakeFiles/yaml-cpp.dir/src/ostream_wrapper.cpp.o
2026-04-23T21:50:16.8145937Z [ 15%] Building CXX object third-party/yaml-cpp/CMakeFiles/yaml-cpp.dir/src/parse.cpp.o
2026-04-23T21:50:16.8276502Z [ 15%] Building CXX object third-party/yaml-cpp/CMakeFiles/yaml-cpp.dir/src/parser.cpp.o
2026-04-23T21:50:16.8404971Z [ 15%] Building CXX object third-party/yaml-cpp/CMakeFiles/yaml-cpp.dir/src/regex_yaml.cpp.o
2026-04-23T21:50:16.8523365Z [ 15%] Building CXX object third-party/yaml-cpp/CMakeFiles/yaml-cpp.dir/src/scanner.cpp.o
2026-04-23T21:50:16.8655371Z [ 15%] Building CXX object third-party/yaml-cpp/CMakeFiles/yaml-cpp.dir/src/scanscalar.cpp.o
2026-04-23T21:50:16.8779607Z [ 15%] Building CXX object third-party/yaml-cpp/CMakeFiles/yaml-cpp.dir/src/scantag.cpp.o
2026-04-23T21:50:16.8901171Z [ 15%] Building CXX object third-party/yaml-cpp/CMakeFiles/yaml-cpp.dir/src/scantoken.cpp.o
2026-04-23T21:50:16.9031856Z [ 15%] Building CXX object third-party/yaml-cpp/CMakeFiles/yaml-cpp.dir/src/simplekey.cpp.o
2026-04-23T21:50:16.9157367Z [ 16%] Building CXX object third-party/yaml-cpp/CMakeFiles/yaml-cpp.dir/src/singledocparser.cpp.o
2026-04-23T21:50:16.9286943Z [ 16%] Building CXX object third-party/yaml-cpp/CMakeFiles/yaml-cpp.dir/src/stream.cpp.o
2026-04-23T21:50:16.9400600Z [ 16%] Building CXX object third-party/yaml-cpp/CMakeFiles/yaml-cpp.dir/src/tag.cpp.o
2026-04-23T21:50:16.9512594Z [ 16%] Linking CXX static library ../../lib/libyaml-cpp.a
2026-04-23T21:50:16.9850430Z [ 16%] Built target yaml-cpp
2026-04-23T21:50:17.0011341Z [ 16%] Building C object third-party/lua/CMakeFiles/liblua.dir/lapi.c.o
2026-04-23T21:50:17.0043458Z In file included from /__w/quasar/quasar/cmake-projects/third-party/lua/lstate.h:17,
2026-04-23T21:50:17.0044384Z                  from /__w/quasar/quasar/cmake-projects/third-party/lua/lapi.h:12,
2026-04-23T21:50:17.0045104Z                  from /__w/quasar/quasar/cmake-projects/third-party/lua/lapi.c:19:
2026-04-23T21:50:17.0046017Z /__w/quasar/quasar/cmake-projects/third-party/lua/lapi.c: In function 'lua_rawgetp':
2026-04-23T21:50:17.0047281Z /__w/quasar/quasar/cmake-projects/third-party/lua/llimits.h:127:26: warning: cast discards 'const' qualifier from pointer target type [-Wcast-qual]
2026-04-23T21:50:17.0048297Z   127 | #define cast(t, exp)    ((t)(exp))
2026-04-23T21:50:17.0048705Z       |                          ^
2026-04-23T21:50:17.0049152Z /__w/quasar/quasar/cmake-projects/third-party/lua/lobject.h:472:35: note: in definition of macro 'setpvalue'
2026-04-23T21:50:17.0049835Z   472 |   { TValue *io=(obj); val_(io).p=(x); settt_(io, LUA_VLIGHTUSERDATA); }
2026-04-23T21:50:17.0050162Z       |                                   ^
2026-04-23T21:50:17.0050595Z /__w/quasar/quasar/cmake-projects/third-party/lua/llimits.h:130:25: note: in expansion of macro 'cast'
2026-04-23T21:50:17.0051063Z   130 | #define cast_voidp(i)   cast(void *, (i))
2026-04-23T21:50:17.0051333Z       |                         ^~~~
2026-04-23T21:50:17.0051759Z /__w/quasar/quasar/cmake-projects/third-party/lua/lapi.c:787:17: note: in expansion of macro 'cast_voidp'
2026-04-23T21:50:17.0052205Z   787 |   setpvalue(&k, cast_voidp(p));
2026-04-23T21:50:17.0052452Z       |                 ^~~~~~~~~~
2026-04-23T21:50:17.0052796Z /__w/quasar/quasar/cmake-projects/third-party/lua/lapi.c: In function 'lua_rawsetp':
2026-04-23T21:50:17.0053487Z /__w/quasar/quasar/cmake-projects/third-party/lua/llimits.h:127:26: warning: cast discards 'const' qualifier from pointer target type [-Wcast-qual]
2026-04-23T21:50:17.0054250Z   127 | #define cast(t, exp)    ((t)(exp))
2026-04-23T21:50:17.0054484Z       |                          ^
2026-04-23T21:50:17.0054905Z /__w/quasar/quasar/cmake-projects/third-party/lua/lobject.h:472:35: note: in definition of macro 'setpvalue'
2026-04-23T21:50:17.0055434Z   472 |   { TValue *io=(obj); val_(io).p=(x); settt_(io, LUA_VLIGHTUSERDATA); }
2026-04-23T21:50:17.0055911Z       |                                   ^
2026-04-23T21:50:17.0056324Z /__w/quasar/quasar/cmake-projects/third-party/lua/llimits.h:130:25: note: in expansion of macro 'cast'
2026-04-23T21:50:17.0056786Z   130 | #define cast_voidp(i)   cast(void *, (i))
2026-04-23T21:50:17.0057056Z       |                         ^~~~
2026-04-23T21:50:17.0057469Z /__w/quasar/quasar/cmake-projects/third-party/lua/lapi.c:947:17: note: in expansion of macro 'cast_voidp'
2026-04-23T21:50:17.0057919Z   947 |   setpvalue(&k, cast_voidp(p));
2026-04-23T21:50:17.0058155Z       |                 ^~~~~~~~~~
2026-04-23T21:50:17.0058499Z /__w/quasar/quasar/cmake-projects/third-party/lua/lapi.c: In function 'getupvalref':
2026-04-23T21:50:17.0059170Z /__w/quasar/quasar/cmake-projects/third-party/lua/lapi.c:1442:12: warning: cast discards 'const' qualifier from pointer target type [-Wcast-qual]
2026-04-23T21:50:17.0059715Z  1442 |     return (UpVal**)&nullup;
2026-04-23T21:50:17.0059937Z       |            ^
2026-04-23T21:50:17.0110964Z [ 16%] Building C object third-party/lua/CMakeFiles/liblua.dir/lcode.c.o
2026-04-23T21:50:17.0144853Z In file included from /__w/quasar/quasar/cmake-projects/third-party/lua/lobject.h:15,
2026-04-23T21:50:17.0145431Z                  from /__w/quasar/quasar/cmake-projects/third-party/lua/llex.h:12,
2026-04-23T21:50:17.0145858Z                  from /__w/quasar/quasar/cmake-projects/third-party/lua/lcode.h:10,
2026-04-23T21:50:17.0146389Z                  from /__w/quasar/quasar/cmake-projects/third-party/lua/lcode.c:20:
2026-04-23T21:50:17.0147115Z /__w/quasar/quasar/cmake-projects/third-party/lua/lcode.c: In function 'previousinstruction':
2026-04-23T21:50:17.0148092Z /__w/quasar/quasar/cmake-projects/third-party/lua/llimits.h:127:26: warning: cast discards 'const' qualifier from pointer target type [-Wcast-qual]
2026-04-23T21:50:17.0148673Z   127 | #define cast(t, exp)    ((t)(exp))
2026-04-23T21:50:17.0148913Z       |                          ^
2026-04-23T21:50:17.0149320Z /__w/quasar/quasar/cmake-projects/third-party/lua/lcode.c:122:12: note: in expansion of macro 'cast'
2026-04-23T21:50:17.0149826Z   122 |     return cast(Instruction*, &invalidinstruction);
2026-04-23T21:50:17.0150110Z       |            ^~~~
2026-04-23T21:50:17.0211521Z [ 16%] Building C object third-party/lua/CMakeFiles/liblua.dir/lctype.c.o
2026-04-23T21:50:17.0303537Z [ 16%] Building C object third-party/lua/CMakeFiles/liblua.dir/ldebug.c.o
2026-04-23T21:50:17.0400748Z [ 16%] Building C object third-party/lua/CMakeFiles/liblua.dir/ldo.c.o
2026-04-23T21:50:17.0498691Z [ 16%] Building C object third-party/lua/CMakeFiles/liblua.dir/ldump.c.o
2026-04-23T21:50:17.0592736Z [ 17%] Building C object third-party/lua/CMakeFiles/liblua.dir/lfunc.c.o
2026-04-23T21:50:17.0687827Z [ 17%] Building C object third-party/lua/CMakeFiles/liblua.dir/lgc.c.o
2026-04-23T21:50:17.0719020Z In file included from /__w/quasar/quasar/cmake-projects/third-party/lua/lobject.h:15,
2026-04-23T21:50:17.0719768Z                  from /__w/quasar/quasar/cmake-projects/third-party/lua/lstate.h:17,
2026-04-23T21:50:17.0720237Z                  from /__w/quasar/quasar/cmake-projects/third-party/lua/ldebug.h:11,
2026-04-23T21:50:17.0720652Z                  from /__w/quasar/quasar/cmake-projects/third-party/lua/lgc.c:17:
2026-04-23T21:50:17.0721214Z /__w/quasar/quasar/cmake-projects/third-party/lua/lgc.c: In function 'iscleared':
2026-04-23T21:50:17.0722289Z /__w/quasar/quasar/cmake-projects/third-party/lua/llimits.h:127:26: warning: cast discards 'const' qualifier from pointer target type [-Wcast-qual]
2026-04-23T21:50:17.0722869Z   127 | #define cast(t, exp)    ((t)(exp))
2026-04-23T21:50:17.0723110Z       |                          ^
2026-04-23T21:50:17.0723539Z /__w/quasar/quasar/cmake-projects/third-party/lua/llimits.h:115:50: note: in definition of macro 'check_exp'
2026-04-23T21:50:17.0724237Z   115 | #define check_exp(c,e)          (lua_assert(c), (e))
2026-04-23T21:50:17.0724541Z       |                                                  ^
2026-04-23T21:50:17.0725188Z /__w/quasar/quasar/cmake-projects/third-party/lua/lstate.h:411:25: note: in expansion of macro 'cast'
2026-04-23T21:50:17.0725659Z   411 | #define cast_u(o)       cast(union GCUnion *, (o))
2026-04-23T21:50:17.0725933Z       |                         ^~~~
2026-04-23T21:50:17.0726340Z /__w/quasar/quasar/cmake-projects/third-party/lua/lstate.h:431:56: note: in expansion of macro 'cast_u'
2026-04-23T21:50:17.0726860Z   431 |         check_exp(novariant((v)->tt) >= LUA_TSTRING, &(cast_u(v)->gc))
2026-04-23T21:50:17.0727207Z       |                                                        ^~~~~~
2026-04-23T21:50:17.0727635Z /__w/quasar/quasar/cmake-projects/third-party/lua/lgc.c:86:63: note: in expansion of macro 'obj2gco'
2026-04-23T21:50:17.0728161Z    86 | #define markobject(g,t) { if (iswhite(t)) reallymarkobject(g, obj2gco(t)); }
2026-04-23T21:50:17.0728542Z       |                                                               ^~~~~~~
2026-04-23T21:50:17.0728992Z /__w/quasar/quasar/cmake-projects/third-party/lua/lgc.c:226:5: note: in expansion of macro 'markobject'
2026-04-23T21:50:17.0729495Z   226 |     markobject(g, o);  /* strings are 'values', so are never weak */
2026-04-23T21:50:17.0729805Z       |     ^~~~~~~~~~
2026-04-23T21:50:17.0784433Z [ 17%] Building C object third-party/lua/CMakeFiles/liblua.dir/llex.c.o
2026-04-23T21:50:17.0878960Z [ 17%] Building C object third-party/lua/CMakeFiles/liblua.dir/lmem.c.o
2026-04-23T21:50:17.0971680Z [ 17%] Building C object third-party/lua/CMakeFiles/liblua.dir/lobject.c.o
2026-04-23T21:50:17.1068703Z [ 17%] Building C object third-party/lua/CMakeFiles/liblua.dir/lopcodes.c.o
2026-04-23T21:50:17.1157365Z [ 17%] Building C object third-party/lua/CMakeFiles/liblua.dir/lparser.c.o
2026-04-23T21:50:17.1251842Z [ 17%] Building C object third-party/lua/CMakeFiles/liblua.dir/lstate.c.o
2026-04-23T21:50:17.1344074Z [ 17%] Building C object third-party/lua/CMakeFiles/liblua.dir/lstring.c.o
2026-04-23T21:50:17.1372779Z In file included from /__w/quasar/quasar/cmake-projects/third-party/lua/lobject.h:15,
2026-04-23T21:50:17.1373651Z                  from /__w/quasar/quasar/cmake-projects/third-party/lua/lstate.h:17,
2026-04-23T21:50:17.1374262Z                  from /__w/quasar/quasar/cmake-projects/third-party/lua/ldebug.h:11,
2026-04-23T21:50:17.1375002Z                  from /__w/quasar/quasar/cmake-projects/third-party/lua/lstring.c:17:
2026-04-23T21:50:17.1375857Z /__w/quasar/quasar/cmake-projects/third-party/lua/lstring.c: In function 'luaS_newextlstr':
2026-04-23T21:50:17.1376594Z /__w/quasar/quasar/cmake-projects/third-party/lua/llimits.h:127:26: warning: cast discards 'const' qualifier from pointer target type [-Wcast-qual]
2026-04-23T21:50:17.1377174Z   127 | #define cast(t, exp)    ((t)(exp))
2026-04-23T21:50:17.1377422Z       |                          ^
2026-04-23T21:50:17.1377850Z /__w/quasar/quasar/cmake-projects/third-party/lua/llimits.h:130:25: note: in expansion of macro 'cast'
2026-04-23T21:50:17.1378302Z   130 | #define cast_voidp(i)   cast(void *, (i))
2026-04-23T21:50:17.1378566Z       |                         ^~~~
2026-04-23T21:50:17.1378992Z /__w/quasar/quasar/cmake-projects/third-party/lua/lstring.c:328:21: note: in expansion of macro 'cast_voidp'
2026-04-23T21:50:17.1379522Z   328 |       (*falloc)(ud, cast_voidp(s), len + 1, 0);  /* free external string */
2026-04-23T21:50:17.1379846Z       |                     ^~~~~~~~~~
2026-04-23T21:50:17.1380388Z /__w/quasar/quasar/cmake-projects/third-party/lua/llimits.h:127:26: warning: cast discards 'const' qualifier from pointer target type [-Wcast-qual]
2026-04-23T21:50:17.1380953Z   127 | #define cast(t, exp)    ((t)(exp))
2026-04-23T21:50:17.1381184Z       |                          ^
2026-04-23T21:50:17.1381589Z /__w/quasar/quasar/cmake-projects/third-party/lua/llimits.h:138:25: note: in expansion of macro 'cast'
2026-04-23T21:50:17.1382041Z   138 | #define cast_charp(i)   cast(char *, (i))
2026-04-23T21:50:17.1382292Z       |                         ^~~~
2026-04-23T21:50:17.1382715Z /__w/quasar/quasar/cmake-projects/third-party/lua/lstring.c:336:21: note: in expansion of macro 'cast_charp'
2026-04-23T21:50:17.1383300Z   336 |   ne.ts->contents = cast_charp(s);
2026-04-23T21:50:17.1383543Z       |                     ^~~~~~~~~~
2026-04-23T21:50:17.1441186Z [ 17%] Building C object third-party/lua/CMakeFiles/liblua.dir/ltable.c.o
2026-04-23T21:50:17.1472485Z In file included from /__w/quasar/quasar/cmake-projects/third-party/lua/lobject.h:15,
2026-04-23T21:50:17.1473361Z                  from /__w/quasar/quasar/cmake-projects/third-party/lua/lstate.h:17,
2026-04-23T21:50:17.1474259Z                  from /__w/quasar/quasar/cmake-projects/third-party/lua/ldebug.h:11,
2026-04-23T21:50:17.1475034Z                  from /__w/quasar/quasar/cmake-projects/third-party/lua/ltable.c:32:
2026-04-23T21:50:17.1475628Z /__w/quasar/quasar/cmake-projects/third-party/lua/ltable.c: In function 'findindex':
2026-04-23T21:50:17.1476692Z /__w/quasar/quasar/cmake-projects/third-party/lua/llimits.h:127:26: warning: cast discards 'const' qualifier from pointer target type [-Wcast-qual]
2026-04-23T21:50:17.1477648Z   127 | #define cast(t, exp)    ((t)(exp))
2026-04-23T21:50:17.1477897Z       |                          ^
2026-04-23T21:50:17.1478449Z /__w/quasar/quasar/cmake-projects/third-party/lua/llimits.h:134:25: note: in expansion of macro 'cast'
2026-04-23T21:50:17.1478931Z   134 | #define cast_uint(i)    cast(unsigned int, (i))
2026-04-23T21:50:17.1479197Z       |                         ^~~~
2026-04-23T21:50:17.1479633Z /__w/quasar/quasar/cmake-projects/third-party/lua/ltable.c:354:9: note: in expansion of macro 'cast_uint'
2026-04-23T21:50:17.1480189Z   354 |     i = cast_uint(nodefromval(n) - gnode(t, 0));  /* key index in hash table */
2026-04-23T21:50:17.1480547Z       |         ^~~~~~~~~
2026-04-23T21:50:17.1480927Z /__w/quasar/quasar/cmake-projects/third-party/lua/ltable.h:45:25: note: in expansion of macro 'cast'
2026-04-23T21:50:17.1481378Z    45 | #define nodefromval(v)  cast(Node *, (v))
2026-04-23T21:50:17.1481641Z       |                         ^~~~
2026-04-23T21:50:17.1482060Z /__w/quasar/quasar/cmake-projects/third-party/lua/ltable.c:354:19: note: in expansion of macro 'nodefromval'
2026-04-23T21:50:17.1482612Z   354 |     i = cast_uint(nodefromval(n) - gnode(t, 0));  /* key index in hash table */
2026-04-23T21:50:17.1483120Z       |                   ^~~~~~~~~~~
2026-04-23T21:50:17.1483496Z /__w/quasar/quasar/cmake-projects/third-party/lua/ltable.c: In function 'setnodevector':
2026-04-23T21:50:17.1484398Z /__w/quasar/quasar/cmake-projects/third-party/lua/llimits.h:127:26: warning: cast discards 'const' qualifier from pointer target type [-Wcast-qual]
2026-04-23T21:50:17.1484975Z   127 | #define cast(t, exp)    ((t)(exp))
2026-04-23T21:50:17.1485217Z       |                          ^
2026-04-23T21:50:17.1485622Z /__w/quasar/quasar/cmake-projects/third-party/lua/ltable.c:604:15: note: in expansion of macro 'cast'
2026-04-23T21:50:17.1486116Z   604 |     t->node = cast(Node *, dummynode);  /* use common 'dummynode' */
2026-04-23T21:50:17.1486433Z       |               ^~~~
2026-04-23T21:50:17.1486775Z /__w/quasar/quasar/cmake-projects/third-party/lua/ltable.c: In function 'retpsetcode':
2026-04-23T21:50:17.1487465Z /__w/quasar/quasar/cmake-projects/third-party/lua/llimits.h:127:26: warning: cast discards 'const' qualifier from pointer target type [-Wcast-qual]
2026-04-23T21:50:17.1488028Z   127 | #define cast(t, exp)    ((t)(exp))
2026-04-23T21:50:17.1488266Z       |                          ^
2026-04-23T21:50:17.1488663Z /__w/quasar/quasar/cmake-projects/third-party/lua/llimits.h:132:25: note: in expansion of macro 'cast'
2026-04-23T21:50:17.1489099Z   132 | #define cast_int(i)     cast(int, (i))
2026-04-23T21:50:17.1489338Z       |                         ^~~~
2026-04-23T21:50:17.1489748Z /__w/quasar/quasar/cmake-projects/third-party/lua/ltable.c:1052:12: note: in expansion of macro 'cast_int'
2026-04-23T21:50:17.1490254Z  1052 |     return cast_int((cast(Node*, slot) - t->node)) + HFIRSTNODE;
2026-04-23T21:50:17.1490672Z       |            ^~~~~~~~
2026-04-23T21:50:17.1491059Z /__w/quasar/quasar/cmake-projects/third-party/lua/ltable.c:1052:22: note: in expansion of macro 'cast'
2026-04-23T21:50:17.1491553Z  1052 |     return cast_int((cast(Node*, slot) - t->node)) + HFIRSTNODE;
2026-04-23T21:50:17.1491857Z       |                      ^~~~
2026-04-23T21:50:17.1492221Z /__w/quasar/quasar/cmake-projects/third-party/lua/ltable.c: In function 'finishnodeset':
2026-04-23T21:50:17.1492915Z /__w/quasar/quasar/cmake-projects/third-party/lua/llimits.h:127:26: warning: cast discards 'const' qualifier from pointer target type [-Wcast-qual]
2026-04-23T21:50:17.1493465Z   127 | #define cast(t, exp)    ((t)(exp))
2026-04-23T21:50:17.1493707Z       |                          ^
2026-04-23T21:50:17.1494276Z /__w/quasar/quasar/cmake-projects/third-party/lua/lobject.h:119:24: note: in definition of macro 'setobj'
2026-04-23T21:50:17.1494761Z   119 |         { TValue *io1=(obj1); const TValue *io2=(obj2); \
2026-04-23T21:50:17.1495036Z       |                        ^~~~
2026-04-23T21:50:17.1495441Z /__w/quasar/quasar/cmake-projects/third-party/lua/ltable.c:1058:32: note: in expansion of macro 'cast'
2026-04-23T21:50:17.1495925Z  1058 |     setobj(((lua_State*)NULL), cast(TValue*, slot), val);
2026-04-23T21:50:17.1496221Z       |                                ^~~~
2026-04-23T21:50:17.1496610Z /__w/quasar/quasar/cmake-projects/third-party/lua/ltable.c: In function 'rawfinishnodeset':
2026-04-23T21:50:17.1497319Z /__w/quasar/quasar/cmake-projects/third-party/lua/llimits.h:127:26: warning: cast discards 'const' qualifier from pointer target type [-Wcast-qual]
2026-04-23T21:50:17.1497881Z   127 | #define cast(t, exp)    ((t)(exp))
2026-04-23T21:50:17.1498108Z       |                          ^
2026-04-23T21:50:17.1498522Z /__w/quasar/quasar/cmake-projects/third-party/lua/lobject.h:119:24: note: in definition of macro 'setobj'
2026-04-23T21:50:17.1499002Z   119 |         { TValue *io1=(obj1); const TValue *io2=(obj2); \
2026-04-23T21:50:17.1499276Z       |                        ^~~~
2026-04-23T21:50:17.1499679Z /__w/quasar/quasar/cmake-projects/third-party/lua/ltable.c:1070:32: note: in expansion of macro 'cast'
2026-04-23T21:50:17.1500157Z  1070 |     setobj(((lua_State*)NULL), cast(TValue*, slot), val);
2026-04-23T21:50:17.1500529Z       |                                ^~~~
2026-04-23T21:50:17.1500921Z /__w/quasar/quasar/cmake-projects/third-party/lua/ltable.c: In function 'luaH_psetshortstr':
2026-04-23T21:50:17.1501638Z /__w/quasar/quasar/cmake-projects/third-party/lua/llimits.h:127:26: warning: cast discards 'const' qualifier from pointer target type [-Wcast-qual]
2026-04-23T21:50:17.1502196Z   127 | #define cast(t, exp)    ((t)(exp))
2026-04-23T21:50:17.1502426Z       |                          ^
2026-04-23T21:50:17.1502839Z /__w/quasar/quasar/cmake-projects/third-party/lua/lobject.h:119:24: note: in definition of macro 'setobj'
2026-04-23T21:50:17.1503312Z   119 |         { TValue *io1=(obj1); const TValue *io2=(obj2); \
2026-04-23T21:50:17.1503595Z       |                        ^~~~
2026-04-23T21:50:17.1504101Z /__w/quasar/quasar/cmake-projects/third-party/lua/ltable.c:1100:32: note: in expansion of macro 'cast'
2026-04-23T21:50:17.1504624Z  1100 |     setobj(((lua_State*)NULL), cast(TValue*, slot), val);  /* update it */
2026-04-23T21:50:17.1504960Z       |                                ^~~~
2026-04-23T21:50:17.1538802Z [ 17%] Building C object third-party/lua/CMakeFiles/liblua.dir/ltm.c.o
2026-04-23T21:50:17.1631988Z [ 18%] Building C object third-party/lua/CMakeFiles/liblua.dir/lundump.c.o
2026-04-23T21:50:17.1660744Z In file included from /__w/quasar/quasar/cmake-projects/third-party/lua/lobject.h:15,
2026-04-23T21:50:17.1661491Z                  from /__w/quasar/quasar/cmake-projects/third-party/lua/lstate.h:17,
2026-04-23T21:50:17.1661922Z                  from /__w/quasar/quasar/cmake-projects/third-party/lua/ldebug.h:11,
2026-04-23T21:50:17.1662462Z                  from /__w/quasar/quasar/cmake-projects/third-party/lua/lundump.c:18:
2026-04-23T21:50:17.1663137Z /__w/quasar/quasar/cmake-projects/third-party/lua/lundump.c: In function 'loadString':
2026-04-23T21:50:17.1663863Z /__w/quasar/quasar/cmake-projects/third-party/lua/llimits.h:127:26: warning: cast discards 'const' qualifier from pointer target type [-Wcast-qual]
2026-04-23T21:50:17.1664625Z   127 | #define cast(t, exp)    ((t)(exp))
2026-04-23T21:50:17.1664871Z       |                          ^
2026-04-23T21:50:17.1665298Z /__w/quasar/quasar/cmake-projects/third-party/lua/lundump.c:74:25: note: in expansion of macro 'cast'
2026-04-23T21:50:17.1665828Z    74 | #define getaddr(S,n,t)  cast(t *, getaddr_(S,cast_sizet(n) * sizeof(t)))
2026-04-23T21:50:17.1666157Z       |                         ^~~~
2026-04-23T21:50:17.1666581Z /__w/quasar/quasar/cmake-projects/third-party/lua/lundump.c:170:21: note: in expansion of macro 'getaddr'
2026-04-23T21:50:17.1667115Z   170 |     const char *s = getaddr(S, size + 1, char);  /* get content address */
2026-04-23T21:50:17.1667445Z       |                     ^~~~~~~
2026-04-23T21:50:17.1667798Z /__w/quasar/quasar/cmake-projects/third-party/lua/lundump.c: In function 'loadCode':
2026-04-23T21:50:17.1668495Z /__w/quasar/quasar/cmake-projects/third-party/lua/llimits.h:127:26: warning: cast discards 'const' qualifier from pointer target type [-Wcast-qual]
2026-04-23T21:50:17.1669057Z   127 | #define cast(t, exp)    ((t)(exp))
2026-04-23T21:50:17.1669289Z       |                          ^
2026-04-23T21:50:17.1669689Z /__w/quasar/quasar/cmake-projects/third-party/lua/lundump.c:74:25: note: in expansion of macro 'cast'
2026-04-23T21:50:17.1670203Z    74 | #define getaddr(S,n,t)  cast(t *, getaddr_(S,cast_sizet(n) * sizeof(t)))
2026-04-23T21:50:17.1670526Z       |                         ^~~~
2026-04-23T21:50:17.1670938Z /__w/quasar/quasar/cmake-projects/third-party/lua/lundump.c:191:15: note: in expansion of macro 'getaddr'
2026-04-23T21:50:17.1671396Z   191 |     f->code = getaddr(S, n, Instruction);
2026-04-23T21:50:17.1671654Z       |               ^~~~~~~
2026-04-23T21:50:17.1671999Z /__w/quasar/quasar/cmake-projects/third-party/lua/lundump.c: In function 'loadDebug':
2026-04-23T21:50:17.1672685Z /__w/quasar/quasar/cmake-projects/third-party/lua/llimits.h:127:26: warning: cast discards 'const' qualifier from pointer target type [-Wcast-qual]
2026-04-23T21:50:17.1673342Z   127 | #define cast(t, exp)    ((t)(exp))
2026-04-23T21:50:17.1673584Z       |                          ^
2026-04-23T21:50:17.1674089Z /__w/quasar/quasar/cmake-projects/third-party/lua/lundump.c:74:25: note: in expansion of macro 'cast'
2026-04-23T21:50:17.1674607Z    74 | #define getaddr(S,n,t)  cast(t *, getaddr_(S,cast_sizet(n) * sizeof(t)))
2026-04-23T21:50:17.1674936Z       |                         ^~~~
2026-04-23T21:50:17.1675343Z /__w/quasar/quasar/cmake-projects/third-party/lua/lundump.c:287:19: note: in expansion of macro 'getaddr'
2026-04-23T21:50:17.1675808Z   287 |     f->lineinfo = getaddr(S, n, ls_byte);
2026-04-23T21:50:17.1676072Z       |                   ^~~~~~~
2026-04-23T21:50:17.1676612Z /__w/quasar/quasar/cmake-projects/third-party/lua/llimits.h:127:26: warning: cast discards 'const' qualifier from pointer target type [-Wcast-qual]
2026-04-23T21:50:17.1677166Z   127 | #define cast(t, exp)    ((t)(exp))
2026-04-23T21:50:17.1677414Z       |                          ^
2026-04-23T21:50:17.1677815Z /__w/quasar/quasar/cmake-projects/third-party/lua/lundump.c:74:25: note: in expansion of macro 'cast'
2026-04-23T21:50:17.1678315Z    74 | #define getaddr(S,n,t)  cast(t *, getaddr_(S,cast_sizet(n) * sizeof(t)))
2026-04-23T21:50:17.1678638Z       |                         ^~~~
2026-04-23T21:50:17.1679051Z /__w/quasar/quasar/cmake-projects/third-party/lua/lundump.c:299:24: note: in expansion of macro 'getaddr'
2026-04-23T21:50:17.1679534Z   299 |       f->abslineinfo = getaddr(S, n, AbsLineInfo);
2026-04-23T21:50:17.1679804Z       |                        ^~~~~~~
2026-04-23T21:50:17.1727230Z [ 18%] Building C object third-party/lua/CMakeFiles/liblua.dir/lvm.c.o
2026-04-23T21:50:17.1764559Z In file included from /__w/quasar/quasar/cmake-projects/third-party/lua/lapi.h:11,
2026-04-23T21:50:17.1765528Z                  from /__w/quasar/quasar/cmake-projects/third-party/lua/lvm.c:21:
2026-04-23T21:50:17.1766375Z /__w/quasar/quasar/cmake-projects/third-party/lua/lvm.c: In function 'l_strcmp':
2026-04-23T21:50:17.1767459Z /__w/quasar/quasar/cmake-projects/third-party/lua/llimits.h:127:26: warning: cast discards 'const' qualifier from pointer target type [-Wcast-qual]
2026-04-23T21:50:17.1768053Z   127 | #define cast(t, exp)    ((t)(exp))
2026-04-23T21:50:17.1768300Z       |                          ^
2026-04-23T21:50:17.1768699Z /__w/quasar/quasar/cmake-projects/third-party/lua/llimits.h:138:25: note: in expansion of macro 'cast'
2026-04-23T21:50:17.1769153Z   138 | #define cast_charp(i)   cast(char *, (i))
2026-04-23T21:50:17.1769428Z       |                         ^~~~
2026-04-23T21:50:17.1769842Z /__w/quasar/quasar/cmake-projects/third-party/lua/lobject.h:428:28: note: in expansion of macro 'cast_charp'
2026-04-23T21:50:17.1770363Z   428 | #define rawgetshrstr(ts)  (cast_charp(&(ts)->contents))
2026-04-23T21:50:17.1770668Z       |                            ^~~~~~~~~~
2026-04-23T21:50:17.1771109Z /__w/quasar/quasar/cmake-projects/third-party/lua/lobject.h:442:57: note: in expansion of macro 'rawgetshrstr'
2026-04-23T21:50:17.1771644Z   442 |         ? (cast_void((len) = cast_sizet((ts)->shrlen)), rawgetshrstr(ts)) \
2026-04-23T21:50:17.1771998Z       |                                                         ^~~~~~~~~~~~
2026-04-23T21:50:17.1772438Z /__w/quasar/quasar/cmake-projects/third-party/lua/lvm.c:393:20: note: in expansion of macro 'getlstr'
2026-04-23T21:50:17.1772867Z   393 |   const char *s1 = getlstr(ts1, rl1);
2026-04-23T21:50:17.1773110Z       |                    ^~~~~~~
2026-04-23T21:50:17.1773633Z /__w/quasar/quasar/cmake-projects/third-party/lua/llimits.h:127:26: warning: cast discards 'const' qualifier from pointer target type [-Wcast-qual]
2026-04-23T21:50:17.1774362Z   127 | #define cast(t, exp)    ((t)(exp))
2026-04-23T21:50:17.1774594Z       |                          ^
2026-04-23T21:50:17.1774993Z /__w/quasar/quasar/cmake-projects/third-party/lua/llimits.h:138:25: note: in expansion of macro 'cast'
2026-04-23T21:50:17.1775597Z   138 | #define cast_charp(i)   cast(char *, (i))
2026-04-23T21:50:17.1775857Z       |                         ^~~~
2026-04-23T21:50:17.1776278Z /__w/quasar/quasar/cmake-projects/third-party/lua/lobject.h:428:28: note: in expansion of macro 'cast_charp'
2026-04-23T21:50:17.1776780Z   428 | #define rawgetshrstr(ts)  (cast_charp(&(ts)->contents))
2026-04-23T21:50:17.1777083Z       |                            ^~~~~~~~~~
2026-04-23T21:50:17.1777516Z /__w/quasar/quasar/cmake-projects/third-party/lua/lobject.h:442:57: note: in expansion of macro 'rawgetshrstr'
2026-04-23T21:50:17.1778053Z   442 |         ? (cast_void((len) = cast_sizet((ts)->shrlen)), rawgetshrstr(ts)) \
2026-04-23T21:50:17.1778418Z       |                                                         ^~~~~~~~~~~~
2026-04-23T21:50:17.1778862Z /__w/quasar/quasar/cmake-projects/third-party/lua/lvm.c:395:20: note: in expansion of macro 'getlstr'
2026-04-23T21:50:17.1779302Z   395 |   const char *s2 = getlstr(ts2, rl2);
2026-04-23T21:50:17.1779544Z       |                    ^~~~~~~
2026-04-23T21:50:17.1779887Z In file included from /__w/quasar/quasar/cmake-projects/third-party/lua/lvm.c:1205:
2026-04-23T21:50:17.1780388Z /__w/quasar/quasar/cmake-projects/third-party/lua/ljumptab.h: In function 'luaV_execute':
2026-04-23T21:50:17.1781056Z /__w/quasar/quasar/cmake-projects/third-party/lua/ljumptab.h:28:1: warning: taking the address of a label is non-standard [-Wpedantic]
2026-04-23T21:50:17.1781567Z    28 | &&L_OP_MOVE,
2026-04-23T21:50:17.1781743Z       | ^~
2026-04-23T21:50:17.1782187Z /__w/quasar/quasar/cmake-projects/third-party/lua/ljumptab.h:29:1: warning: taking the address of a label is non-standard [-Wpedantic]
2026-04-23T21:50:17.1782692Z    29 | &&L_OP_LOADI,
2026-04-23T21:50:17.1782942Z       | ^~
2026-04-23T21:50:17.1783373Z /__w/quasar/quasar/cmake-projects/third-party/lua/ljumptab.h:30:1: warning: taking the address of a label is non-standard [-Wpedantic]
2026-04-23T21:50:17.1783876Z    30 | &&L_OP_LOADF,
2026-04-23T21:50:17.1784245Z       | ^~
2026-04-23T21:50:17.1784682Z /__w/quasar/quasar/cmake-projects/third-party/lua/ljumptab.h:31:1: warning: taking the address of a label is non-standard [-Wpedantic]
2026-04-23T21:50:17.1785190Z    31 | &&L_OP_LOADK,
2026-04-23T21:50:17.1785380Z       | ^~
2026-04-23T21:50:17.1785812Z /__w/quasar/quasar/cmake-projects/third-party/lua/ljumptab.h:32:1: warning: taking the address of a label is non-standard [-Wpedantic]
2026-04-23T21:50:17.1786331Z    32 | &&L_OP_LOADKX,
2026-04-23T21:50:17.1786525Z       | ^~
2026-04-23T21:50:17.1786968Z /__w/quasar/quasar/cmake-projects/third-party/lua/ljumptab.h:33:1: warning: taking the address of a label is non-standard [-Wpedantic]
2026-04-23T21:50:17.1787471Z    33 | &&L_OP_LOADFALSE,
2026-04-23T21:50:17.1787669Z       | ^~
2026-04-23T21:50:17.1788098Z /__w/quasar/quasar/cmake-projects/third-party/lua/ljumptab.h:34:1: warning: taking the address of a label is non-standard [-Wpedantic]
2026-04-23T21:50:17.1788597Z    34 | &&L_OP_LFALSESKIP,
2026-04-23T21:50:17.1788794Z       | ^~
2026-04-23T21:50:17.1789224Z /__w/quasar/quasar/cmake-projects/third-party/lua/ljumptab.h:35:1: warning: taking the address of a label is non-standard [-Wpedantic]
2026-04-23T21:50:17.1789726Z    35 | &&L_OP_LOADTRUE,
2026-04-23T21:50:17.1789905Z       | ^~
2026-04-23T21:50:17.1790331Z /__w/quasar/quasar/cmake-projects/third-party/lua/ljumptab.h:36:1: warning: taking the address of a label is non-standard [-Wpedantic]
2026-04-23T21:50:17.1790833Z    36 | &&L_OP_LOADNIL,
2026-04-23T21:50:17.1791005Z       | ^~
2026-04-23T21:50:17.1791430Z /__w/quasar/quasar/cmake-projects/third-party/lua/ljumptab.h:37:1: warning: taking the address of a label is non-standard [-Wpedantic]
2026-04-23T21:50:17.1791934Z    37 | &&L_OP_GETUPVAL,
2026-04-23T21:50:17.1792117Z       | ^~
2026-04-23T21:50:17.1792543Z /__w/quasar/quasar/cmake-projects/third-party/lua/ljumptab.h:38:1: warning: taking the address of a label is non-standard [-Wpedantic]
2026-04-23T21:50:17.1793039Z    38 | &&L_OP_SETUPVAL,
2026-04-23T21:50:17.1793219Z       | ^~
2026-04-23T21:50:17.1793718Z /__w/quasar/quasar/cmake-projects/third-party/lua/ljumptab.h:39:1: warning: taking the address of a label is non-standard [-Wpedantic]
2026-04-23T21:50:17.1794370Z    39 | &&L_OP_GETTABUP,
2026-04-23T21:50:17.1794557Z       | ^~
2026-04-23T21:50:17.1794983Z /__w/quasar/quasar/cmake-projects/third-party/lua/ljumptab.h:40:1: warning: taking the address of a label is non-standard [-Wpedantic]
2026-04-23T21:50:17.1795506Z    40 | &&L_OP_GETTABLE,
2026-04-23T21:50:17.1795694Z       | ^~
2026-04-23T21:50:17.1796119Z /__w/quasar/quasar/cmake-projects/third-party/lua/ljumptab.h:41:1: warning: taking the address of a label is non-standard [-Wpedantic]
2026-04-23T21:50:17.1796625Z    41 | &&L_OP_GETI,
2026-04-23T21:50:17.1796809Z       | ^~
2026-04-23T21:50:17.1797242Z /__w/quasar/quasar/cmake-projects/third-party/lua/ljumptab.h:42:1: warning: taking the address of a label is non-standard [-Wpedantic]
2026-04-23T21:50:17.1797747Z    42 | &&L_OP_GETFIELD,
2026-04-23T21:50:17.1797931Z       | ^~
2026-04-23T21:50:17.1798371Z /__w/quasar/quasar/cmake-projects/third-party/lua/ljumptab.h:43:1: warning: taking the address of a label is non-standard [-Wpedantic]
2026-04-23T21:50:17.1798865Z    43 | &&L_OP_SETTABUP,
2026-04-23T21:50:17.1799050Z       | ^~
2026-04-23T21:50:17.1799479Z /__w/quasar/quasar/cmake-projects/third-party/lua/ljumptab.h:44:1: warning: taking the address of a label is non-standard [-Wpedantic]
2026-04-23T21:50:17.1799985Z    44 | &&L_OP_SETTABLE,
2026-04-23T21:50:17.1800162Z       | ^~
2026-04-23T21:50:17.1800592Z /__w/quasar/quasar/cmake-projects/third-party/lua/ljumptab.h:45:1: warning: taking the address of a label is non-standard [-Wpedantic]
2026-04-23T21:50:17.1801092Z    45 | &&L_OP_SETI,
2026-04-23T21:50:17.1801383Z       | ^~
2026-04-23T21:50:17.1801823Z /__w/quasar/quasar/cmake-projects/third-party/lua/ljumptab.h:46:1: warning: taking the address of a label is non-standard [-Wpedantic]
2026-04-23T21:50:17.1802333Z    46 | &&L_OP_SETFIELD,
2026-04-23T21:50:17.1802512Z       | ^~
2026-04-23T21:50:17.1802960Z /__w/quasar/quasar/cmake-projects/third-party/lua/ljumptab.h:47:1: warning: taking the address of a label is non-standard [-Wpedantic]
2026-04-23T21:50:17.1803477Z    47 | &&L_OP_NEWTABLE,
2026-04-23T21:50:17.1803671Z       | ^~
2026-04-23T21:50:17.1804215Z /__w/quasar/quasar/cmake-projects/third-party/lua/ljumptab.h:48:1: warning: taking the address of a label is non-standard [-Wpedantic]
2026-04-23T21:50:17.1804715Z    48 | &&L_OP_SELF,
2026-04-23T21:50:17.1804888Z       | ^~
2026-04-23T21:50:17.1805311Z /__w/quasar/quasar/cmake-projects/third-party/lua/ljumptab.h:49:1: warning: taking the address of a label is non-standard [-Wpedantic]
2026-04-23T21:50:17.1805808Z    49 | &&L_OP_ADDI,
2026-04-23T21:50:17.1805982Z       | ^~
2026-04-23T21:50:17.1806405Z /__w/quasar/quasar/cmake-projects/third-party/lua/ljumptab.h:50:1: warning: taking the address of a label is non-standard [-Wpedantic]
2026-04-23T21:50:17.1806899Z    50 | &&L_OP_ADDK,
2026-04-23T21:50:17.1807065Z       | ^~
2026-04-23T21:50:17.1807495Z /__w/quasar/quasar/cmake-projects/third-party/lua/ljumptab.h:51:1: warning: taking the address of a label is non-standard [-Wpedantic]
2026-04-23T21:50:17.1807983Z    51 | &&L_OP_SUBK,
2026-04-23T21:50:17.1808148Z       | ^~
2026-04-23T21:50:17.1808578Z /__w/quasar/quasar/cmake-projects/third-party/lua/ljumptab.h:52:1: warning: taking the address of a label is non-standard [-Wpedantic]
2026-04-23T21:50:17.1809065Z    52 | &&L_OP_MULK,
2026-04-23T21:50:17.1809228Z       | ^~
2026-04-23T21:50:17.1809656Z /__w/quasar/quasar/cmake-projects/third-party/lua/ljumptab.h:53:1: warning: taking the address of a label is non-standard [-Wpedantic]
2026-04-23T21:50:17.1810151Z    53 | &&L_OP_MODK,
2026-04-23T21:50:17.1810314Z       | ^~
2026-04-23T21:50:17.1810739Z /__w/quasar/quasar/cmake-projects/third-party/lua/ljumptab.h:54:1: warning: taking the address of a label is non-standard [-Wpedantic]
2026-04-23T21:50:17.1811235Z    54 | &&L_OP_POWK,
2026-04-23T21:50:17.1811430Z       | ^~
2026-04-23T21:50:17.1811938Z /__w/quasar/quasar/cmake-projects/third-party/lua/ljumptab.h:55:1: warning: taking the address of a label is non-standard [-Wpedantic]
2026-04-23T21:50:17.1812441Z    55 | &&L_OP_DIVK,
2026-04-23T21:50:17.1812603Z       | ^~
2026-04-23T21:50:17.1813037Z /__w/quasar/quasar/cmake-projects/third-party/lua/ljumptab.h:56:1: warning: taking the address of a label is non-standard [-Wpedantic]
2026-04-23T21:50:17.1813542Z    56 | &&L_OP_IDIVK,
2026-04-23T21:50:17.1813720Z       | ^~
2026-04-23T21:50:17.1814278Z /__w/quasar/quasar/cmake-projects/third-party/lua/ljumptab.h:57:1: warning: taking the address of a label is non-standard [-Wpedantic]
2026-04-23T21:50:17.1814784Z    57 | &&L_OP_BANDK,
2026-04-23T21:50:17.1814970Z       | ^~
2026-04-23T21:50:17.1815401Z /__w/quasar/quasar/cmake-projects/third-party/lua/ljumptab.h:58:1: warning: taking the address of a label is non-standard [-Wpedantic]
2026-04-23T21:50:17.1815901Z    58 | &&L_OP_BORK,
2026-04-23T21:50:17.1816081Z       | ^~
2026-04-23T21:50:17.1816518Z /__w/quasar/quasar/cmake-projects/third-party/lua/ljumptab.h:59:1: warning: taking the address of a label is non-standard [-Wpedantic]
2026-04-23T21:50:17.1817014Z    59 | &&L_OP_BXORK,
2026-04-23T21:50:17.1817196Z       | ^~
2026-04-23T21:50:17.1817631Z /__w/quasar/quasar/cmake-projects/third-party/lua/ljumptab.h:60:1: warning: taking the address of a label is non-standard [-Wpedantic]
2026-04-23T21:50:17.1818120Z    60 | &&L_OP_SHLI,
2026-04-23T21:50:17.1818292Z       | ^~
2026-04-23T21:50:17.1818725Z /__w/quasar/quasar/cmake-projects/third-party/lua/ljumptab.h:61:1: warning: taking the address of a label is non-standard [-Wpedantic]
2026-04-23T21:50:17.1819216Z    61 | &&L_OP_SHRI,
2026-04-23T21:50:17.1819455Z       | ^~
2026-04-23T21:50:17.1819885Z /__w/quasar/quasar/cmake-projects/third-party/lua/ljumptab.h:62:1: warning: taking the address of a label is non-standard [-Wpedantic]
2026-04-23T21:50:17.1820387Z    62 | &&L_OP_ADD,
2026-04-23T21:50:17.1820555Z       | ^~
2026-04-23T21:50:17.1820994Z /__w/quasar/quasar/cmake-projects/third-party/lua/ljumptab.h:63:1: warning: taking the address of a label is non-standard [-Wpedantic]
2026-04-23T21:50:17.1821507Z    63 | &&L_OP_SUB,
2026-04-23T21:50:17.1821676Z       | ^~
2026-04-23T21:50:17.1822117Z /__w/quasar/quasar/cmake-projects/third-party/lua/ljumptab.h:64:1: warning: taking the address of a label is non-standard [-Wpedantic]
2026-04-23T21:50:17.1822615Z    64 | &&L_OP_MUL,
2026-04-23T21:50:17.1822777Z       | ^~
2026-04-23T21:50:17.1823213Z /__w/quasar/quasar/cmake-projects/third-party/lua/ljumptab.h:65:1: warning: taking the address of a label is non-standard [-Wpedantic]
2026-04-23T21:50:17.1823710Z    65 | &&L_OP_MOD,
2026-04-23T21:50:17.1823879Z       | ^~
2026-04-23T21:50:17.1824429Z /__w/quasar/quasar/cmake-projects/third-party/lua/ljumptab.h:66:1: warning: taking the address of a label is non-standard [-Wpedantic]
2026-04-23T21:50:17.1824928Z    66 | &&L_OP_POW,
2026-04-23T21:50:17.1825100Z       | ^~
2026-04-23T21:50:17.1825528Z /__w/quasar/quasar/cmake-projects/third-party/lua/ljumptab.h:67:1: warning: taking the address of a label is non-standard [-Wpedantic]
2026-04-23T21:50:17.1826027Z    67 | &&L_OP_DIV,
2026-04-23T21:50:17.1826204Z       | ^~
2026-04-23T21:50:17.1826628Z /__w/quasar/quasar/cmake-projects/third-party/lua/ljumptab.h:68:1: warning: taking the address of a label is non-standard [-Wpedantic]
2026-04-23T21:50:17.1827168Z    68 | &&L_OP_IDIV,
2026-04-23T21:50:17.1827429Z       | ^~
2026-04-23T21:50:17.1828145Z /__w/quasar/quasar/cmake-projects/third-party/lua/ljumptab.h:69:1: warning: taking the address of a label is non-standard [-Wpedantic]
2026-04-23T21:50:17.1829003Z    69 | &&L_OP_BAND,
2026-04-23T21:50:17.1829240Z       | ^~
2026-04-23T21:50:17.1829679Z /__w/quasar/quasar/cmake-projects/third-party/lua/ljumptab.h:70:1: warning: taking the address of a label is non-standard [-Wpedantic]
2026-04-23T21:50:17.1830172Z    70 | &&L_OP_BOR,
2026-04-23T21:50:17.1830335Z       | ^~
2026-04-23T21:50:17.1830876Z /__w/quasar/quasar/cmake-projects/third-party/lua/ljumptab.h:71:1: warning: taking the address of a label is non-standard [-Wpedantic]
2026-04-23T21:50:17.1831389Z    71 | &&L_OP_BXOR,
2026-04-23T21:50:17.1831552Z       | ^~
2026-04-23T21:50:17.1831982Z /__w/quasar/quasar/cmake-projects/third-party/lua/ljumptab.h:72:1: warning: taking the address of a label is non-standard [-Wpedantic]
2026-04-23T21:50:17.1832484Z    72 | &&L_OP_SHL,
2026-04-23T21:50:17.1832647Z       | ^~
2026-04-23T21:50:17.1833077Z /__w/quasar/quasar/cmake-projects/third-party/lua/ljumptab.h:73:1: warning: taking the address of a label is non-standard [-Wpedantic]
2026-04-23T21:50:17.1833591Z    73 | &&L_OP_SHR,
2026-04-23T21:50:17.1833749Z       | ^~
2026-04-23T21:50:17.1834326Z /__w/quasar/quasar/cmake-projects/third-party/lua/ljumptab.h:74:1: warning: taking the address of a label is non-standard [-Wpedantic]
2026-04-23T21:50:17.1834833Z    74 | &&L_OP_MMBIN,
2026-04-23T21:50:17.1835015Z       | ^~
2026-04-23T21:50:17.1835453Z /__w/quasar/quasar/cmake-projects/third-party/lua/ljumptab.h:75:1: warning: taking the address of a label is non-standard [-Wpedantic]
2026-04-23T21:50:17.1835956Z    75 | &&L_OP_MMBINI,
2026-04-23T21:50:17.1836136Z       | ^~
2026-04-23T21:50:17.1836561Z /__w/quasar/quasar/cmake-projects/third-party/lua/ljumptab.h:76:1: warning: taking the address of a label is non-standard [-Wpedantic]
2026-04-23T21:50:17.1837064Z    76 | &&L_OP_MMBINK,
2026-04-23T21:50:17.1837250Z       | ^~
2026-04-23T21:50:17.1837670Z /__w/quasar/quasar/cmake-projects/third-party/lua/ljumptab.h:77:1: warning: taking the address of a label is non-standard [-Wpedantic]
2026-04-23T21:50:17.1838173Z    77 | &&L_OP_UNM,
2026-04-23T21:50:17.1838337Z       | ^~
2026-04-23T21:50:17.1838836Z /__w/quasar/quasar/cmake-projects/third-party/lua/ljumptab.h:78:1: warning: taking the address of a label is non-standard [-Wpedantic]
2026-04-23T21:50:17.1839325Z    78 | &&L_OP_BNOT,
2026-04-23T21:50:17.1839519Z       | ^~
2026-04-23T21:50:17.1839955Z /__w/quasar/quasar/cmake-projects/third-party/lua/ljumptab.h:79:1: warning: taking the address of a label is non-standard [-Wpedantic]
2026-04-23T21:50:17.1840451Z    79 | &&L_OP_NOT,
2026-04-23T21:50:17.1840620Z       | ^~
2026-04-23T21:50:17.1841059Z /__w/quasar/quasar/cmake-projects/third-party/lua/ljumptab.h:80:1: warning: taking the address of a label is non-standard [-Wpedantic]
2026-04-23T21:50:17.1841556Z    80 | &&L_OP_LEN,
2026-04-23T21:50:17.1841718Z       | ^~
2026-04-23T21:50:17.1842148Z /__w/quasar/quasar/cmake-projects/third-party/lua/ljumptab.h:81:1: warning: taking the address of a label is non-standard [-Wpedantic]
2026-04-23T21:50:17.1842646Z    81 | &&L_OP_CONCAT,
2026-04-23T21:50:17.1842812Z       | ^~
2026-04-23T21:50:17.1843239Z /__w/quasar/quasar/cmake-projects/third-party/lua/ljumptab.h:82:1: warning: taking the address of a label is non-standard [-Wpedantic]
2026-04-23T21:50:17.1843740Z    82 | &&L_OP_CLOSE,
2026-04-23T21:50:17.1843905Z       | ^~
2026-04-23T21:50:17.1844581Z /__w/quasar/quasar/cmake-projects/third-party/lua/ljumptab.h:83:1: warning: taking the address of a label is non-standard [-Wpedantic]
2026-04-23T21:50:17.1845084Z    83 | &&L_OP_TBC,
2026-04-23T21:50:17.1845348Z       | ^~
2026-04-23T21:50:17.1845770Z /__w/quasar/quasar/cmake-projects/third-party/lua/ljumptab.h:84:1: warning: taking the address of a label is non-standard [-Wpedantic]
2026-04-23T21:50:17.1846357Z    84 | &&L_OP_JMP,
2026-04-23T21:50:17.1846523Z       | ^~
2026-04-23T21:50:17.1847031Z /__w/quasar/quasar/cmake-projects/third-party/lua/ljumptab.h:85:1: warning: taking the address of a label is non-standard [-Wpedantic]
2026-04-23T21:50:17.1847534Z    85 | &&L_OP_EQ,
2026-04-23T21:50:17.1847776Z       | ^~
2026-04-23T21:50:17.1848201Z /__w/quasar/quasar/cmake-projects/third-party/lua/ljumptab.h:86:1: warning: taking the address of a label is non-standard [-Wpedantic]
2026-04-23T21:50:17.1848785Z    86 | &&L_OP_LT,
2026-04-23T21:50:17.1848951Z       | ^~
2026-04-23T21:50:17.1849545Z /__w/quasar/quasar/cmake-projects/third-party/lua/ljumptab.h:87:1: warning: taking the address of a label is non-standard [-Wpedantic]
2026-04-23T21:50:17.1850109Z    87 | &&L_OP_LE,
2026-04-23T21:50:17.1850280Z       | ^~
2026-04-23T21:50:17.1850722Z /__w/quasar/quasar/cmake-projects/third-party/lua/ljumptab.h:88:1: warning: taking the address of a label is non-standard [-Wpedantic]
2026-04-23T21:50:17.1851293Z    88 | &&L_OP_EQK,
2026-04-23T21:50:17.1851469Z       | ^~
2026-04-23T21:50:17.1851982Z /__w/quasar/quasar/cmake-projects/third-party/lua/ljumptab.h:89:1: warning: taking the address of a label is non-standard [-Wpedantic]
2026-04-23T21:50:17.1852556Z    89 | &&L_OP_EQI,
2026-04-23T21:50:17.1852718Z       | ^~
2026-04-23T21:50:17.1853185Z /__w/quasar/quasar/cmake-projects/third-party/lua/ljumptab.h:90:1: warning: taking the address of a label is non-standard [-Wpedantic]
2026-04-23T21:50:17.1853727Z    90 | &&L_OP_LTI,
2026-04-23T21:50:17.1853890Z       | ^~
2026-04-23T21:50:17.1854468Z /__w/quasar/quasar/cmake-projects/third-party/lua/ljumptab.h:91:1: warning: taking the address of a label is non-standard [-Wpedantic]
2026-04-23T21:50:17.1855093Z    91 | &&L_OP_LEI,
2026-04-23T21:50:17.1855331Z       | ^~
2026-04-23T21:50:17.1855849Z /__w/quasar/quasar/cmake-projects/third-party/lua/ljumptab.h:92:1: warning: taking the address of a label is non-standard [-Wpedantic]
2026-04-23T21:50:17.1856345Z    92 | &&L_OP_GTI,
2026-04-23T21:50:17.1856514Z       | ^~
2026-04-23T21:50:17.1856938Z /__w/quasar/quasar/cmake-projects/third-party/lua/ljumptab.h:93:1: warning: taking the address of a label is non-standard [-Wpedantic]
2026-04-23T21:50:17.1857436Z    93 | &&L_OP_GEI,
2026-04-23T21:50:17.1857607Z       | ^~
2026-04-23T21:50:17.1858028Z /__w/quasar/quasar/cmake-projects/third-party/lua/ljumptab.h:94:1: warning: taking the address of a label is non-standard [-Wpedantic]
2026-04-23T21:50:17.1858752Z    94 | &&L_OP_TEST,
2026-04-23T21:50:17.1858927Z       | ^~
2026-04-23T21:50:17.1859349Z /__w/quasar/quasar/cmake-projects/third-party/lua/ljumptab.h:95:1: warning: taking the address of a label is non-standard [-Wpedantic]
2026-04-23T21:50:17.1859848Z    95 | &&L_OP_TESTSET,
2026-04-23T21:50:17.1860028Z       | ^~
2026-04-23T21:50:17.1860455Z /__w/quasar/quasar/cmake-projects/third-party/lua/ljumptab.h:96:1: warning: taking the address of a label is non-standard [-Wpedantic]
2026-04-23T21:50:17.1860943Z    96 | &&L_OP_CALL,
2026-04-23T21:50:17.1861117Z       | ^~
2026-04-23T21:50:17.1861560Z /__w/quasar/quasar/cmake-projects/third-party/lua/ljumptab.h:97:1: warning: taking the address of a label is non-standard [-Wpedantic]
2026-04-23T21:50:17.1862057Z    97 | &&L_OP_TAILCALL,
2026-04-23T21:50:17.1862243Z       | ^~
2026-04-23T21:50:17.1862672Z /__w/quasar/quasar/cmake-projects/third-party/lua/ljumptab.h:98:1: warning: taking the address of a label is non-standard [-Wpedantic]
2026-04-23T21:50:17.1863174Z    98 | &&L_OP_RETURN,
2026-04-23T21:50:17.1863342Z       | ^~
2026-04-23T21:50:17.1863774Z /__w/quasar/quasar/cmake-projects/third-party/lua/ljumptab.h:99:1: warning: taking the address of a label is non-standard [-Wpedantic]
2026-04-23T21:50:17.1864436Z    99 | &&L_OP_RETURN0,
2026-04-23T21:50:17.1864614Z       | ^~
2026-04-23T21:50:17.1865057Z /__w/quasar/quasar/cmake-projects/third-party/lua/ljumptab.h:100:1: warning: taking the address of a label is non-standard [-Wpedantic]
2026-04-23T21:50:17.1865566Z   100 | &&L_OP_RETURN1,
2026-04-23T21:50:17.1865742Z       | ^~
2026-04-23T21:50:17.1866183Z /__w/quasar/quasar/cmake-projects/third-party/lua/ljumptab.h:101:1: warning: taking the address of a label is non-standard [-Wpedantic]
2026-04-23T21:50:17.1866689Z   101 | &&L_OP_FORLOOP,
2026-04-23T21:50:17.1866873Z       | ^~
2026-04-23T21:50:17.1867307Z /__w/quasar/quasar/cmake-projects/third-party/lua/ljumptab.h:102:1: warning: taking the address of a label is non-standard [-Wpedantic]
2026-04-23T21:50:17.1867820Z   102 | &&L_OP_FORPREP,
2026-04-23T21:50:17.1867997Z       | ^~
2026-04-23T21:50:17.1868502Z /__w/quasar/quasar/cmake-projects/third-party/lua/ljumptab.h:103:1: warning: taking the address of a label is non-standard [-Wpedantic]
2026-04-23T21:50:17.1869017Z   103 | &&L_OP_TFORPREP,
2026-04-23T21:50:17.1869212Z       | ^~
2026-04-23T21:50:17.1869648Z /__w/quasar/quasar/cmake-projects/third-party/lua/ljumptab.h:104:1: warning: taking the address of a label is non-standard [-Wpedantic]
2026-04-23T21:50:17.1870146Z   104 | &&L_OP_TFORCALL,
2026-04-23T21:50:17.1870339Z       | ^~
2026-04-23T21:50:17.1870779Z /__w/quasar/quasar/cmake-projects/third-party/lua/ljumptab.h:105:1: warning: taking the address of a label is non-standard [-Wpedantic]
2026-04-23T21:50:17.1871279Z   105 | &&L_OP_TFORLOOP,
2026-04-23T21:50:17.1871472Z       | ^~
2026-04-23T21:50:17.1871918Z /__w/quasar/quasar/cmake-projects/third-party/lua/ljumptab.h:106:1: warning: taking the address of a label is non-standard [-Wpedantic]
2026-04-23T21:50:17.1872419Z   106 | &&L_OP_SETLIST,
2026-04-23T21:50:17.1872604Z       | ^~
2026-04-23T21:50:17.1873045Z /__w/quasar/quasar/cmake-projects/third-party/lua/ljumptab.h:107:1: warning: taking the address of a label is non-standard [-Wpedantic]
2026-04-23T21:50:17.1873546Z   107 | &&L_OP_CLOSURE,
2026-04-23T21:50:17.1873721Z       | ^~
2026-04-23T21:50:17.1874219Z /__w/quasar/quasar/cmake-projects/third-party/lua/ljumptab.h:108:1: warning: taking the address of a label is non-standard [-Wpedantic]
2026-04-23T21:50:17.1874722Z   108 | &&L_OP_VARARG,
2026-04-23T21:50:17.1874895Z       | ^~
2026-04-23T21:50:17.1875326Z /__w/quasar/quasar/cmake-projects/third-party/lua/ljumptab.h:109:1: warning: taking the address of a label is non-standard [-Wpedantic]
2026-04-23T21:50:17.1875834Z   109 | &&L_OP_GETVARG,
2026-04-23T21:50:17.1876008Z       | ^~
2026-04-23T21:50:17.1876445Z /__w/quasar/quasar/cmake-projects/third-party/lua/ljumptab.h:110:1: warning: taking the address of a label is non-standard [-Wpedantic]
2026-04-23T21:50:17.1877013Z   110 | &&L_OP_ERRNNIL,
2026-04-23T21:50:17.1877192Z       | ^~
2026-04-23T21:50:17.1877620Z /__w/quasar/quasar/cmake-projects/third-party/lua/ljumptab.h:111:1: warning: taking the address of a label is non-standard [-Wpedantic]
2026-04-23T21:50:17.1878127Z   111 | &&L_OP_VARARGPREP,
2026-04-23T21:50:17.1878320Z       | ^~
2026-04-23T21:50:17.1878746Z /__w/quasar/quasar/cmake-projects/third-party/lua/ljumptab.h:112:1: warning: taking the address of a label is non-standard [-Wpedantic]
2026-04-23T21:50:17.1879252Z   112 | &&L_OP_EXTRAARG
2026-04-23T21:50:17.1879434Z       | ^~
2026-04-23T21:50:17.1879835Z /__w/quasar/quasar/cmake-projects/third-party/lua/ljumptab.h:12:27: warning: ISO C forbids 'goto *expr;' [-Wpedantic]
2026-04-23T21:50:17.1880327Z    12 | #define vmdispatch(x)     goto *disptab[x];
2026-04-23T21:50:17.1880588Z       |                           ^~~~
2026-04-23T21:50:17.1881007Z /__w/quasar/quasar/cmake-projects/third-party/lua/lvm.c:1232:5: note: in expansion of macro 'vmdispatch'
2026-04-23T21:50:17.1881438Z  1232 |     vmdispatch (GET_OPCODE(i)) {
2026-04-23T21:50:17.1881675Z       |     ^~~~~~~~~~
2026-04-23T21:50:17.1882090Z /__w/quasar/quasar/cmake-projects/third-party/lua/ljumptab.h:12:27: warning: ISO C forbids 'goto *expr;' [-Wpedantic]
2026-04-23T21:50:17.1882586Z    12 | #define vmdispatch(x)     goto *disptab[x];
2026-04-23T21:50:17.1882840Z       |                           ^~~~
2026-04-23T21:50:17.1883271Z /__w/quasar/quasar/cmake-projects/third-party/lua/ljumptab.h:16:36: note: in expansion of macro 'vmdispatch'
2026-04-23T21:50:17.1883780Z    16 | #define vmbreak         vmfetch(); vmdispatch(GET_OPCODE(i));
2026-04-23T21:50:17.1884150Z       |                                    ^~~~~~~~~~
2026-04-23T21:50:17.1884583Z /__w/quasar/quasar/cmake-projects/third-party/lua/lvm.c:1236:9: note: in expansion of macro 'vmbreak'
2026-04-23T21:50:17.1885001Z  1236 |         vmbreak;
2026-04-23T21:50:17.1885181Z       |         ^~~~~~~
2026-04-23T21:50:17.1885595Z /__w/quasar/quasar/cmake-projects/third-party/lua/ljumptab.h:12:27: warning: ISO C forbids 'goto *expr;' [-Wpedantic]
2026-04-23T21:50:17.1886150Z    12 | #define vmdispatch(x)     goto *disptab[x];
2026-04-23T21:50:17.1886411Z       |                           ^~~~
2026-04-23T21:50:17.1886837Z /__w/quasar/quasar/cmake-projects/third-party/lua/ljumptab.h:16:36: note: in expansion of macro 'vmdispatch'
2026-04-23T21:50:17.1887355Z    16 | #define vmbreak         vmfetch(); vmdispatch(GET_OPCODE(i));
2026-04-23T21:50:17.1887667Z       |                                    ^~~~~~~~~~
2026-04-23T21:50:17.1888080Z /__w/quasar/quasar/cmake-projects/third-party/lua/lvm.c:1242:9: note: in expansion of macro 'vmbreak'
2026-04-23T21:50:17.1888492Z  1242 |         vmbreak;
2026-04-23T21:50:17.1888688Z       |         ^~~~~~~
2026-04-23T21:50:17.1889104Z /__w/quasar/quasar/cmake-projects/third-party/lua/ljumptab.h:12:27: warning: ISO C forbids 'goto *expr;' [-Wpedantic]
2026-04-23T21:50:17.1889603Z    12 | #define vmdispatch(x)     goto *disptab[x];
2026-04-23T21:50:17.1889867Z       |                           ^~~~
2026-04-23T21:50:17.1890299Z /__w/quasar/quasar/cmake-projects/third-party/lua/ljumptab.h:16:36: note: in expansion of macro 'vmdispatch'
2026-04-23T21:50:17.1890803Z    16 | #define vmbreak         vmfetch(); vmdispatch(GET_OPCODE(i));
2026-04-23T21:50:17.1891114Z       |                                    ^~~~~~~~~~
2026-04-23T21:50:17.1891533Z /__w/quasar/quasar/cmake-projects/third-party/lua/lvm.c:1248:9: note: in expansion of macro 'vmbreak'
2026-04-23T21:50:17.1891945Z  1248 |         vmbreak;
2026-04-23T21:50:17.1892127Z       |         ^~~~~~~
2026-04-23T21:50:17.1892538Z /__w/quasar/quasar/cmake-projects/third-party/lua/ljumptab.h:12:27: warning: ISO C forbids 'goto *expr;' [-Wpedantic]
2026-04-23T21:50:17.1893038Z    12 | #define vmdispatch(x)     goto *disptab[x];
2026-04-23T21:50:17.1893347Z       |                           ^~~~
2026-04-23T21:50:17.1893774Z /__w/quasar/quasar/cmake-projects/third-party/lua/ljumptab.h:16:36: note: in expansion of macro 'vmdispatch'
2026-04-23T21:50:17.1894354Z    16 | #define vmbreak         vmfetch(); vmdispatch(GET_OPCODE(i));
2026-04-23T21:50:17.1894670Z       |                                    ^~~~~~~~~~
2026-04-23T21:50:17.1895082Z /__w/quasar/quasar/cmake-projects/third-party/lua/lvm.c:1254:9: note: in expansion of macro 'vmbreak'
2026-04-23T21:50:17.1895525Z  1254 |         vmbreak;
2026-04-23T21:50:17.1895726Z       |         ^~~~~~~
2026-04-23T21:50:17.1896140Z /__w/quasar/quasar/cmake-projects/third-party/lua/ljumptab.h:12:27: warning: ISO C forbids 'goto *expr;' [-Wpedantic]
2026-04-23T21:50:17.1896645Z    12 | #define vmdispatch(x)     goto *disptab[x];
2026-04-23T21:50:17.1896907Z       |                           ^~~~
2026-04-23T21:50:17.1897326Z /__w/quasar/quasar/cmake-projects/third-party/lua/ljumptab.h:16:36: note: in expansion of macro 'vmdispatch'
2026-04-23T21:50:17.1897831Z    16 | #define vmbreak         vmfetch(); vmdispatch(GET_OPCODE(i));
2026-04-23T21:50:17.1898142Z       |                                    ^~~~~~~~~~
2026-04-23T21:50:17.1898565Z /__w/quasar/quasar/cmake-projects/third-party/lua/lvm.c:1261:9: note: in expansion of macro 'vmbreak'
2026-04-23T21:50:17.1898968Z  1261 |         vmbreak;
2026-04-23T21:50:17.1899166Z       |         ^~~~~~~
2026-04-23T21:50:17.1899581Z /__w/quasar/quasar/cmake-projects/third-party/lua/ljumptab.h:12:27: warning: ISO C forbids 'goto *expr;' [-Wpedantic]
2026-04-23T21:50:17.1900057Z    12 | #define vmdispatch(x)     goto *disptab[x];
2026-04-23T21:50:17.1900318Z       |                           ^~~~
2026-04-23T21:50:17.1900745Z /__w/quasar/quasar/cmake-projects/third-party/lua/ljumptab.h:16:36: note: in expansion of macro 'vmdispatch'
2026-04-23T21:50:17.1901243Z    16 | #define vmbreak         vmfetch(); vmdispatch(GET_OPCODE(i));
2026-04-23T21:50:17.1901544Z       |                                    ^~~~~~~~~~
2026-04-23T21:50:17.1901957Z /__w/quasar/quasar/cmake-projects/third-party/lua/lvm.c:1266:9: note: in expansion of macro 'vmbreak'
2026-04-23T21:50:17.1902365Z  1266 |         vmbreak;
2026-04-23T21:50:17.1902547Z       |         ^~~~~~~
2026-04-23T21:50:17.1903019Z /__w/quasar/quasar/cmake-projects/third-party/lua/ljumptab.h:12:27: warning: ISO C forbids 'goto *expr;' [-Wpedantic]
2026-04-23T21:50:17.1903504Z    12 | #define vmdispatch(x)     goto *disptab[x];
2026-04-23T21:50:17.1903756Z       |                           ^~~~
2026-04-23T21:50:17.1904320Z /__w/quasar/quasar/cmake-projects/third-party/lua/ljumptab.h:16:36: note: in expansion of macro 'vmdispatch'
2026-04-23T21:50:17.1904831Z    16 | #define vmbreak         vmfetch(); vmdispatch(GET_OPCODE(i));
2026-04-23T21:50:17.1905135Z       |                                    ^~~~~~~~~~
2026-04-23T21:50:17.1905545Z /__w/quasar/quasar/cmake-projects/third-party/lua/lvm.c:1272:9: note: in expansion of macro 'vmbreak'
2026-04-23T21:50:17.1905964Z  1272 |         vmbreak;
2026-04-23T21:50:17.1906156Z       |         ^~~~~~~
2026-04-23T21:50:17.1906570Z /__w/quasar/quasar/cmake-projects/third-party/lua/ljumptab.h:12:27: warning: ISO C forbids 'goto *expr;' [-Wpedantic]
2026-04-23T21:50:17.1907052Z    12 | #define vmdispatch(x)     goto *disptab[x];
2026-04-23T21:50:17.1907314Z       |                           ^~~~
2026-04-23T21:50:17.1907740Z /__w/quasar/quasar/cmake-projects/third-party/lua/ljumptab.h:16:36: note: in expansion of macro 'vmdispatch'
2026-04-23T21:50:17.1908239Z    16 | #define vmbreak         vmfetch(); vmdispatch(GET_OPCODE(i));
2026-04-23T21:50:17.1908547Z       |                                    ^~~~~~~~~~
2026-04-23T21:50:17.1908964Z /__w/quasar/quasar/cmake-projects/third-party/lua/lvm.c:1277:9: note: in expansion of macro 'vmbreak'
2026-04-23T21:50:17.1909376Z  1277 |         vmbreak;
2026-04-23T21:50:17.1909561Z       |         ^~~~~~~
2026-04-23T21:50:17.1909972Z /__w/quasar/quasar/cmake-projects/third-party/lua/ljumptab.h:12:27: warning: ISO C forbids 'goto *expr;' [-Wpedantic]
2026-04-23T21:50:17.1910522Z    12 | #define vmdispatch(x)     goto *disptab[x];
2026-04-23T21:50:17.1910771Z       |                           ^~~~
2026-04-23T21:50:17.1911200Z /__w/quasar/quasar/cmake-projects/third-party/lua/ljumptab.h:16:36: note: in expansion of macro 'vmdispatch'
2026-04-23T21:50:17.1911702Z    16 | #define vmbreak         vmfetch(); vmdispatch(GET_OPCODE(i));
2026-04-23T21:50:17.1912009Z       |                                    ^~~~~~~~~~
2026-04-23T21:50:17.1912415Z /__w/quasar/quasar/cmake-projects/third-party/lua/lvm.c:1285:9: note: in expansion of macro 'vmbreak'
2026-04-23T21:50:17.1912834Z  1285 |         vmbreak;
2026-04-23T21:50:17.1913020Z       |         ^~~~~~~
2026-04-23T21:50:17.1913422Z /__w/quasar/quasar/cmake-projects/third-party/lua/ljumptab.h:12:27: warning: ISO C forbids 'goto *expr;' [-Wpedantic]
2026-04-23T21:50:17.1913907Z    12 | #define vmdispatch(x)     goto *disptab[x];
2026-04-23T21:50:17.1914240Z       |                           ^~~~
2026-04-23T21:50:17.1914658Z /__w/quasar/quasar/cmake-projects/third-party/lua/ljumptab.h:16:36: note: in expansion of macro 'vmdispatch'
2026-04-23T21:50:17.1915161Z    16 | #define vmbreak         vmfetch(); vmdispatch(GET_OPCODE(i));
2026-04-23T21:50:17.1915469Z       |                                    ^~~~~~~~~~
2026-04-23T21:50:17.1915886Z /__w/quasar/quasar/cmake-projects/third-party/lua/lvm.c:1291:9: note: in expansion of macro 'vmbreak'
2026-04-23T21:50:17.1916287Z  1291 |         vmbreak;
2026-04-23T21:50:17.1916474Z       |         ^~~~~~~
2026-04-23T21:50:17.1916881Z /__w/quasar/quasar/cmake-projects/third-party/lua/ljumptab.h:12:27: warning: ISO C forbids 'goto *expr;' [-Wpedantic]
2026-04-23T21:50:17.1917358Z    12 | #define vmdispatch(x)     goto *disptab[x];
2026-04-23T21:50:17.1917615Z       |                           ^~~~
2026-04-23T21:50:17.1918037Z /__w/quasar/quasar/cmake-projects/third-party/lua/ljumptab.h:16:36: note: in expansion of macro 'vmdispatch'
2026-04-23T21:50:17.1918580Z    16 | #define vmbreak         vmfetch(); vmdispatch(GET_OPCODE(i));
2026-04-23T21:50:17.1919047Z       |                                    ^~~~~~~~~~
2026-04-23T21:50:17.1919849Z /__w/quasar/quasar/cmake-projects/third-party/lua/lvm.c:1298:9: note: in expansion of macro 'vmbreak'
2026-04-23T21:50:17.1920701Z  1298 |         vmbreak;
2026-04-23T21:50:17.1920881Z       |         ^~~~~~~
2026-04-23T21:50:17.1921299Z /__w/quasar/quasar/cmake-projects/third-party/lua/ljumptab.h:12:27: warning: ISO C forbids 'goto *expr;' [-Wpedantic]
2026-04-23T21:50:17.1921787Z    12 | #define vmdispatch(x)     goto *disptab[x];
2026-04-23T21:50:17.1922044Z       |                           ^~~~
2026-04-23T21:50:17.1922461Z /__w/quasar/quasar/cmake-projects/third-party/lua/ljumptab.h:16:36: note: in expansion of macro 'vmdispatch'
2026-04-23T21:50:17.1922965Z    16 | #define vmbreak         vmfetch(); vmdispatch(GET_OPCODE(i));
2026-04-23T21:50:17.1923273Z       |                                    ^~~~~~~~~~
2026-04-23T21:50:17.1923682Z /__w/quasar/quasar/cmake-projects/third-party/lua/lvm.c:1309:9: note: in expansion of macro 'vmbreak'
2026-04-23T21:50:17.1924180Z  1309 |         vmbreak;
2026-04-23T21:50:17.1924371Z       |         ^~~~~~~
2026-04-23T21:50:17.1924792Z /__w/quasar/quasar/cmake-projects/third-party/lua/ljumptab.h:12:27: warning: ISO C forbids 'goto *expr;' [-Wpedantic]
2026-04-23T21:50:17.1925473Z    12 | #define vmdispatch(x)     goto *disptab[x];
2026-04-23T21:50:17.1925728Z       |                           ^~~~
2026-04-23T21:50:17.1926149Z /__w/quasar/quasar/cmake-projects/third-party/lua/ljumptab.h:16:36: note: in expansion of macro 'vmdispatch'
2026-04-23T21:50:17.1926644Z    16 | #define vmbreak         vmfetch(); vmdispatch(GET_OPCODE(i));
2026-04-23T21:50:17.1926950Z       |                                    ^~~~~~~~~~
2026-04-23T21:50:17.1927361Z /__w/quasar/quasar/cmake-projects/third-party/lua/lvm.c:1323:9: note: in expansion of macro 'vmbreak'
2026-04-23T21:50:17.1927860Z  1323 |         vmbreak;
2026-04-23T21:50:17.1928043Z       |         ^~~~~~~
2026-04-23T21:50:17.1928453Z /__w/quasar/quasar/cmake-projects/third-party/lua/ljumptab.h:12:27: warning: ISO C forbids 'goto *expr;' [-Wpedantic]
2026-04-23T21:50:17.1928946Z    12 | #define vmdispatch(x)     goto *disptab[x];
2026-04-23T21:50:17.1929196Z       |                           ^~~~
2026-04-23T21:50:17.1929623Z /__w/quasar/quasar/cmake-projects/third-party/lua/ljumptab.h:16:36: note: in expansion of macro 'vmdispatch'
2026-04-23T21:50:17.1930125Z    16 | #define vmbreak         vmfetch(); vmdispatch(GET_OPCODE(i));
2026-04-23T21:50:17.1930430Z       |                                    ^~~~~~~~~~
2026-04-23T21:50:17.1930842Z /__w/quasar/quasar/cmake-projects/third-party/lua/lvm.c:1336:9: note: in expansion of macro 'vmbreak'
2026-04-23T21:50:17.1931259Z  1336 |         vmbreak;
2026-04-23T21:50:17.1931456Z       |         ^~~~~~~
2026-04-23T21:50:17.1931862Z /__w/quasar/quasar/cmake-projects/third-party/lua/ljumptab.h:12:27: warning: ISO C forbids 'goto *expr;' [-Wpedantic]
2026-04-23T21:50:17.1932353Z    12 | #define vmdispatch(x)     goto *disptab[x];
2026-04-23T21:50:17.1932609Z       |                           ^~~~
2026-04-23T21:50:17.1933035Z /__w/quasar/quasar/cmake-projects/third-party/lua/ljumptab.h:16:36: note: in expansion of macro 'vmdispatch'
2026-04-23T21:50:17.1933530Z    16 | #define vmbreak         vmfetch(); vmdispatch(GET_OPCODE(i));
2026-04-23T21:50:17.1933835Z       |                                    ^~~~~~~~~~
2026-04-23T21:50:17.1934417Z /__w/quasar/quasar/cmake-projects/third-party/lua/lvm.c:1347:9: note: in expansion of macro 'vmbreak'
2026-04-23T21:50:17.1934824Z  1347 |         vmbreak;
2026-04-23T21:50:17.1935015Z       |         ^~~~~~~
2026-04-23T21:50:17.1935435Z /__w/quasar/quasar/cmake-projects/third-party/lua/ljumptab.h:12:27: warning: ISO C forbids 'goto *expr;' [-Wpedantic]
2026-04-23T21:50:17.1935924Z    12 | #define vmdispatch(x)     goto *disptab[x];
2026-04-23T21:50:17.1936178Z       |                           ^~~~
2026-04-23T21:50:17.1936600Z /__w/quasar/quasar/cmake-projects/third-party/lua/ljumptab.h:16:36: note: in expansion of macro 'vmdispatch'
2026-04-23T21:50:17.1937107Z    16 | #define vmbreak         vmfetch(); vmdispatch(GET_OPCODE(i));
2026-04-23T21:50:17.1937470Z       |                                    ^~~~~~~~~~
2026-04-23T21:50:17.1937885Z /__w/quasar/quasar/cmake-projects/third-party/lua/lvm.c:1360:9: note: in expansion of macro 'vmbreak'
2026-04-23T21:50:17.1938290Z  1360 |         vmbreak;
2026-04-23T21:50:17.1938470Z       |         ^~~~~~~
2026-04-23T21:50:17.1938884Z /__w/quasar/quasar/cmake-projects/third-party/lua/ljumptab.h:12:27: warning: ISO C forbids 'goto *expr;' [-Wpedantic]
2026-04-23T21:50:17.1939366Z    12 | #define vmdispatch(x)     goto *disptab[x];
2026-04-23T21:50:17.1939617Z       |                           ^~~~
2026-04-23T21:50:17.1940031Z /__w/quasar/quasar/cmake-projects/third-party/lua/ljumptab.h:16:36: note: in expansion of macro 'vmdispatch'
2026-04-23T21:50:17.1940533Z    16 | #define vmbreak         vmfetch(); vmdispatch(GET_OPCODE(i));
2026-04-23T21:50:17.1940835Z       |                                    ^~~~~~~~~~
2026-04-23T21:50:17.1941250Z /__w/quasar/quasar/cmake-projects/third-party/lua/lvm.c:1377:9: note: in expansion of macro 'vmbreak'
2026-04-23T21:50:17.1941660Z  1377 |         vmbreak;
2026-04-23T21:50:17.1941847Z       |         ^~~~~~~
2026-04-23T21:50:17.1942258Z /__w/quasar/quasar/cmake-projects/third-party/lua/ljumptab.h:12:27: warning: ISO C forbids 'goto *expr;' [-Wpedantic]
2026-04-23T21:50:17.1942735Z    12 | #define vmdispatch(x)     goto *disptab[x];
2026-04-23T21:50:17.1942993Z       |                           ^~~~
2026-04-23T21:50:17.1943414Z /__w/quasar/quasar/cmake-projects/third-party/lua/ljumptab.h:16:36: note: in expansion of macro 'vmdispatch'
2026-04-23T21:50:17.1943912Z    16 | #define vmbreak         vmfetch(); vmdispatch(GET_OPCODE(i));
2026-04-23T21:50:17.1944362Z       |                                    ^~~~~~~~~~
2026-04-23T21:50:17.1944885Z /__w/quasar/quasar/cmake-projects/third-party/lua/lvm.c:1392:9: note: in expansion of macro 'vmbreak'
2026-04-23T21:50:17.1945300Z  1392 |         vmbreak;
2026-04-23T21:50:17.1945485Z       |         ^~~~~~~
2026-04-23T21:50:17.1945903Z /__w/quasar/quasar/cmake-projects/third-party/lua/ljumptab.h:12:27: warning: ISO C forbids 'goto *expr;' [-Wpedantic]
2026-04-23T21:50:17.1946402Z    12 | #define vmdispatch(x)     goto *disptab[x];
2026-04-23T21:50:17.1946655Z       |                           ^~~~
2026-04-23T21:50:17.1947083Z /__w/quasar/quasar/cmake-projects/third-party/lua/ljumptab.h:16:36: note: in expansion of macro 'vmdispatch'
2026-04-23T21:50:17.1947590Z    16 | #define vmbreak         vmfetch(); vmdispatch(GET_OPCODE(i));
2026-04-23T21:50:17.1947900Z       |                                    ^~~~~~~~~~
2026-04-23T21:50:17.1948307Z /__w/quasar/quasar/cmake-projects/third-party/lua/lvm.c:1405:9: note: in expansion of macro 'vmbreak'
2026-04-23T21:50:17.1948721Z  1405 |         vmbreak;
2026-04-23T21:50:17.1948911Z       |         ^~~~~~~
2026-04-23T21:50:17.1949314Z /__w/quasar/quasar/cmake-projects/third-party/lua/ljumptab.h:12:27: warning: ISO C forbids 'goto *expr;' [-Wpedantic]
2026-04-23T21:50:17.1949805Z    12 | #define vmdispatch(x)     goto *disptab[x];
2026-04-23T21:50:17.1950062Z       |                           ^~~~
2026-04-23T21:50:17.1950489Z /__w/quasar/quasar/cmake-projects/third-party/lua/ljumptab.h:16:36: note: in expansion of macro 'vmdispatch'
2026-04-23T21:50:17.1950985Z    16 | #define vmbreak         vmfetch(); vmdispatch(GET_OPCODE(i));
2026-04-23T21:50:17.1951288Z       |                                    ^~~~~~~~~~
2026-04-23T21:50:17.1951701Z /__w/quasar/quasar/cmake-projects/third-party/lua/lvm.c:1426:9: note: in expansion of macro 'vmbreak'
2026-04-23T21:50:17.1952106Z  1426 |         vmbreak;
2026-04-23T21:50:17.1952294Z       |         ^~~~~~~
2026-04-23T21:50:17.1952703Z /__w/quasar/quasar/cmake-projects/third-party/lua/ljumptab.h:12:27: warning: ISO C forbids 'goto *expr;' [-Wpedantic]
2026-04-23T21:50:17.1953187Z    12 | #define vmdispatch(x)     goto *disptab[x];
2026-04-23T21:50:17.1953437Z       |                           ^~~~
2026-04-23T21:50:17.1953958Z /__w/quasar/quasar/cmake-projects/third-party/lua/ljumptab.h:16:36: note: in expansion of macro 'vmdispatch'
2026-04-23T21:50:17.1954611Z    16 | #define vmbreak         vmfetch(); vmdispatch(GET_OPCODE(i));
2026-04-23T21:50:17.1954916Z       |                                    ^~~~~~~~~~
2026-04-23T21:50:17.1955651Z /__w/quasar/quasar/cmake-projects/third-party/lua/lvm.c:1438:9: note: in expansion of macro 'vmbreak'
2026-04-23T21:50:17.1956381Z  1438 |         vmbreak;
2026-04-23T21:50:17.1956632Z       |         ^~~~~~~
2026-04-23T21:50:17.1957042Z /__w/quasar/quasar/cmake-projects/third-party/lua/ljumptab.h:12:27: warning: ISO C forbids 'goto *expr;' [-Wpedantic]
2026-04-23T21:50:17.1957531Z    12 | #define vmdispatch(x)     goto *disptab[x];
2026-04-23T21:50:17.1957789Z       |                           ^~~~
2026-04-23T21:50:17.1958202Z /__w/quasar/quasar/cmake-projects/third-party/lua/ljumptab.h:16:36: note: in expansion of macro 'vmdispatch'
2026-04-23T21:50:17.1958705Z    16 | #define vmbreak         vmfetch(); vmdispatch(GET_OPCODE(i));
2026-04-23T21:50:17.1959009Z       |                                    ^~~~~~~~~~
2026-04-23T21:50:17.1959412Z /__w/quasar/quasar/cmake-projects/third-party/lua/lvm.c:1442:9: note: in expansion of macro 'vmbreak'
2026-04-23T21:50:17.1959962Z  1442 |         vmbreak;
2026-04-23T21:50:17.1960153Z       |         ^~~~~~~
2026-04-23T21:50:17.1960563Z /__w/quasar/quasar/cmake-projects/third-party/lua/ljumptab.h:12:27: warning: ISO C forbids 'goto *expr;' [-Wpedantic]
2026-04-23T21:50:17.1961038Z    12 | #define vmdispatch(x)     goto *disptab[x];
2026-04-23T21:50:17.1961296Z       |                           ^~~~
2026-04-23T21:50:17.1961720Z /__w/quasar/quasar/cmake-projects/third-party/lua/ljumptab.h:16:36: note: in expansion of macro 'vmdispatch'
2026-04-23T21:50:17.1962346Z    16 | #define vmbreak         vmfetch(); vmdispatch(GET_OPCODE(i));
2026-04-23T21:50:17.1962653Z       |                                    ^~~~~~~~~~
2026-04-23T21:50:17.1963072Z /__w/quasar/quasar/cmake-projects/third-party/lua/lvm.c:1446:9: note: in expansion of macro 'vmbreak'
2026-04-23T21:50:17.1963485Z  1446 |         vmbreak;
2026-04-23T21:50:17.1963672Z       |         ^~~~~~~
2026-04-23T21:50:17.1964224Z /__w/quasar/quasar/cmake-projects/third-party/lua/ljumptab.h:12:27: warning: ISO C forbids 'goto *expr;' [-Wpedantic]
2026-04-23T21:50:17.1964714Z    12 | #define vmdispatch(x)     goto *disptab[x];
2026-04-23T21:50:17.1964966Z       |                           ^~~~
2026-04-23T21:50:17.1965394Z /__w/quasar/quasar/cmake-projects/third-party/lua/ljumptab.h:16:36: note: in expansion of macro 'vmdispatch'
2026-04-23T21:50:17.1965893Z    16 | #define vmbreak         vmfetch(); vmdispatch(GET_OPCODE(i));
2026-04-23T21:50:17.1966203Z       |                                    ^~~~~~~~~~
2026-04-23T21:50:17.1966612Z /__w/quasar/quasar/cmake-projects/third-party/lua/lvm.c:1450:9: note: in expansion of macro 'vmbreak'
2026-04-23T21:50:17.1967022Z  1450 |         vmbreak;
2026-04-23T21:50:17.1967211Z       |         ^~~~~~~
2026-04-23T21:50:17.1967619Z /__w/quasar/quasar/cmake-projects/third-party/lua/ljumptab.h:12:27: warning: ISO C forbids 'goto *expr;' [-Wpedantic]
2026-04-23T21:50:17.1968113Z    12 | #define vmdispatch(x)     goto *disptab[x];
2026-04-23T21:50:17.1968370Z       |                           ^~~~
2026-04-23T21:50:17.1968785Z /__w/quasar/quasar/cmake-projects/third-party/lua/ljumptab.h:16:36: note: in expansion of macro 'vmdispatch'
2026-04-23T21:50:17.1969289Z    16 | #define vmbreak         vmfetch(); vmdispatch(GET_OPCODE(i));
2026-04-23T21:50:17.1969596Z       |                                    ^~~~~~~~~~
2026-04-23T21:50:17.1970010Z /__w/quasar/quasar/cmake-projects/third-party/lua/lvm.c:1454:9: note: in expansion of macro 'vmbreak'
2026-04-23T21:50:17.1970413Z  1454 |         vmbreak;
2026-04-23T21:50:17.1970601Z       |         ^~~~~~~
2026-04-23T21:50:17.1971012Z /__w/quasar/quasar/cmake-projects/third-party/lua/ljumptab.h:12:27: warning: ISO C forbids 'goto *expr;' [-Wpedantic]
2026-04-23T21:50:17.1971549Z    12 | #define vmdispatch(x)     goto *disptab[x];
2026-04-23T21:50:17.1971806Z       |                           ^~~~
2026-04-23T21:50:17.1972225Z /__w/quasar/quasar/cmake-projects/third-party/lua/ljumptab.h:16:36: note: in expansion of macro 'vmdispatch'
2026-04-23T21:50:17.1972726Z    16 | #define vmbreak         vmfetch(); vmdispatch(GET_OPCODE(i));
2026-04-23T21:50:17.1973023Z       |                                    ^~~~~~~~~~
2026-04-23T21:50:17.1973431Z /__w/quasar/quasar/cmake-projects/third-party/lua/lvm.c:1459:9: note: in expansion of macro 'vmbreak'
2026-04-23T21:50:17.1973837Z  1459 |         vmbreak;
2026-04-23T21:50:17.1974126Z       |         ^~~~~~~
2026-04-23T21:50:17.1974535Z /__w/quasar/quasar/cmake-projects/third-party/lua/ljumptab.h:12:27: warning: ISO C forbids 'goto *expr;' [-Wpedantic]
2026-04-23T21:50:17.1975025Z    12 | #define vmdispatch(x)     goto *disptab[x];
2026-04-23T21:50:17.1975278Z       |                           ^~~~
2026-04-23T21:50:17.1975695Z /__w/quasar/quasar/cmake-projects/third-party/lua/ljumptab.h:16:36: note: in expansion of macro 'vmdispatch'
2026-04-23T21:50:17.1976197Z    16 | #define vmbreak         vmfetch(); vmdispatch(GET_OPCODE(i));
2026-04-23T21:50:17.1976503Z       |                                    ^~~~~~~~~~
2026-04-23T21:50:17.1976908Z /__w/quasar/quasar/cmake-projects/third-party/lua/lvm.c:1463:9: note: in expansion of macro 'vmbreak'
2026-04-23T21:50:17.1977318Z  1463 |         vmbreak;
2026-04-23T21:50:17.1977508Z       |         ^~~~~~~
2026-04-23T21:50:17.1977915Z /__w/quasar/quasar/cmake-projects/third-party/lua/ljumptab.h:12:27: warning: ISO C forbids 'goto *expr;' [-Wpedantic]
2026-04-23T21:50:17.1978388Z    12 | #define vmdispatch(x)     goto *disptab[x];
2026-04-23T21:50:17.1978721Z       |                           ^~~~
2026-04-23T21:50:17.1979143Z /__w/quasar/quasar/cmake-projects/third-party/lua/ljumptab.h:16:36: note: in expansion of macro 'vmdispatch'
2026-04-23T21:50:17.1979641Z    16 | #define vmbreak         vmfetch(); vmdispatch(GET_OPCODE(i));
2026-04-23T21:50:17.1979953Z       |                                    ^~~~~~~~~~
2026-04-23T21:50:17.1980369Z /__w/quasar/quasar/cmake-projects/third-party/lua/lvm.c:1467:9: note: in expansion of macro 'vmbreak'
2026-04-23T21:50:17.1980780Z  1467 |         vmbreak;
2026-04-23T21:50:17.1980962Z       |         ^~~~~~~
2026-04-23T21:50:17.1981376Z /__w/quasar/quasar/cmake-projects/third-party/lua/ljumptab.h:12:27: warning: ISO C forbids 'goto *expr;' [-Wpedantic]
2026-04-23T21:50:17.1981861Z    12 | #define vmdispatch(x)     goto *disptab[x];
2026-04-23T21:50:17.1982107Z       |                           ^~~~
2026-04-23T21:50:17.1982530Z /__w/quasar/quasar/cmake-projects/third-party/lua/ljumptab.h:16:36: note: in expansion of macro 'vmdispatch'
2026-04-23T21:50:17.1983040Z    16 | #define vmbreak         vmfetch(); vmdispatch(GET_OPCODE(i));
2026-04-23T21:50:17.1983350Z       |                                    ^~~~~~~~~~
2026-04-23T21:50:17.1983764Z /__w/quasar/quasar/cmake-projects/third-party/lua/lvm.c:1472:9: note: in expansion of macro 'vmbreak'
2026-04-23T21:50:17.1984303Z  1472 |         vmbreak;
2026-04-23T21:50:17.1984497Z       |         ^~~~~~~
2026-04-23T21:50:17.1984906Z /__w/quasar/quasar/cmake-projects/third-party/lua/ljumptab.h:12:27: warning: ISO C forbids 'goto *expr;' [-Wpedantic]
2026-04-23T21:50:17.1985394Z    12 | #define vmdispatch(x)     goto *disptab[x];
2026-04-23T21:50:17.1985653Z       |                           ^~~~
2026-04-23T21:50:17.1986078Z /__w/quasar/quasar/cmake-projects/third-party/lua/ljumptab.h:16:36: note: in expansion of macro 'vmdispatch'
2026-04-23T21:50:17.1986586Z    16 | #define vmbreak         vmfetch(); vmdispatch(GET_OPCODE(i));
2026-04-23T21:50:17.1986908Z       |                                    ^~~~~~~~~~
2026-04-23T21:50:17.1998988Z /__w/quasar/quasar/cmake-projects/third-party/lua/lvm.c:1476:9: note: in expansion of macro 'vmbreak'
2026-04-23T21:50:17.1999488Z  1476 |         vmbreak;
2026-04-23T21:50:17.1999700Z       |         ^~~~~~~
2026-04-23T21:50:17.2000307Z /__w/quasar/quasar/cmake-projects/third-party/lua/ljumptab.h:12:27: warning: ISO C forbids 'goto *expr;' [-Wpedantic]
2026-04-23T21:50:17.2000821Z    12 | #define vmdispatch(x)     goto *disptab[x];
2026-04-23T21:50:17.2001103Z       |                           ^~~~
2026-04-23T21:50:17.2001552Z /__w/quasar/quasar/cmake-projects/third-party/lua/ljumptab.h:16:36: note: in expansion of macro 'vmdispatch'
2026-04-23T21:50:17.2002068Z    16 | #define vmbreak         vmfetch(); vmdispatch(GET_OPCODE(i));
2026-04-23T21:50:17.2002393Z       |                                    ^~~~~~~~~~
2026-04-23T21:50:17.2002825Z /__w/quasar/quasar/cmake-projects/third-party/lua/lvm.c:1480:9: note: in expansion of macro 'vmbreak'
2026-04-23T21:50:17.2003255Z  1480 |         vmbreak;
2026-04-23T21:50:17.2003453Z       |         ^~~~~~~
2026-04-23T21:50:17.2003876Z /__w/quasar/quasar/cmake-projects/third-party/lua/ljumptab.h:12:27: warning: ISO C forbids 'goto *expr;' [-Wpedantic]
2026-04-23T21:50:17.2004529Z    12 | #define vmdispatch(x)     goto *disptab[x];
2026-04-23T21:50:17.2004791Z       |                           ^~~~
2026-04-23T21:50:17.2005223Z /__w/quasar/quasar/cmake-projects/third-party/lua/ljumptab.h:16:36: note: in expansion of macro 'vmdispatch'
2026-04-23T21:50:17.2005742Z    16 | #define vmbreak         vmfetch(); vmdispatch(GET_OPCODE(i));
2026-04-23T21:50:17.2006069Z       |                                    ^~~~~~~~~~
2026-04-23T21:50:17.2006482Z /__w/quasar/quasar/cmake-projects/third-party/lua/lvm.c:1484:9: note: in expansion of macro 'vmbreak'
2026-04-23T21:50:17.2006903Z  1484 |         vmbreak;
2026-04-23T21:50:17.2007101Z       |         ^~~~~~~
2026-04-23T21:50:17.2007518Z /__w/quasar/quasar/cmake-projects/third-party/lua/ljumptab.h:12:27: warning: ISO C forbids 'goto *expr;' [-Wpedantic]
2026-04-23T21:50:17.2008089Z    12 | #define vmdispatch(x)     goto *disptab[x];
2026-04-23T21:50:17.2008347Z       |                           ^~~~
2026-04-23T21:50:17.2008783Z /__w/quasar/quasar/cmake-projects/third-party/lua/ljumptab.h:16:36: note: in expansion of macro 'vmdispatch'
2026-04-23T21:50:17.2009285Z    16 | #define vmbreak         vmfetch(); vmdispatch(GET_OPCODE(i));
2026-04-23T21:50:17.2009603Z       |                                    ^~~~~~~~~~
2026-04-23T21:50:17.2010022Z /__w/quasar/quasar/cmake-projects/third-party/lua/lvm.c:1494:9: note: in expansion of macro 'vmbreak'
2026-04-23T21:50:17.2010435Z  1494 |         vmbreak;
2026-04-23T21:50:17.2010627Z       |         ^~~~~~~
2026-04-23T21:50:17.2011048Z /__w/quasar/quasar/cmake-projects/third-party/lua/ljumptab.h:12:27: warning: ISO C forbids 'goto *expr;' [-Wpedantic]
2026-04-23T21:50:17.2011538Z    12 | #define vmdispatch(x)     goto *disptab[x];
2026-04-23T21:50:17.2011791Z       |                           ^~~~
2026-04-23T21:50:17.2012221Z /__w/quasar/quasar/cmake-projects/third-party/lua/ljumptab.h:16:36: note: in expansion of macro 'vmdispatch'
2026-04-23T21:50:17.2012729Z    16 | #define vmbreak         vmfetch(); vmdispatch(GET_OPCODE(i));
2026-04-23T21:50:17.2013033Z       |                                    ^~~~~~~~~~
2026-04-23T21:50:17.2013454Z /__w/quasar/quasar/cmake-projects/third-party/lua/lvm.c:1504:9: note: in expansion of macro 'vmbreak'
2026-04-23T21:50:17.2013870Z  1504 |         vmbreak;
2026-04-23T21:50:17.2014204Z       |         ^~~~~~~
2026-04-23T21:50:17.2014626Z /__w/quasar/quasar/cmake-projects/third-party/lua/ljumptab.h:12:27: warning: ISO C forbids 'goto *expr;' [-Wpedantic]
2026-04-23T21:50:17.2015116Z    12 | #define vmdispatch(x)     goto *disptab[x];
2026-04-23T21:50:17.2015375Z       |                           ^~~~
2026-04-23T21:50:17.2015798Z /__w/quasar/quasar/cmake-projects/third-party/lua/ljumptab.h:16:36: note: in expansion of macro 'vmdispatch'
2026-04-23T21:50:17.2016313Z    16 | #define vmbreak         vmfetch(); vmdispatch(GET_OPCODE(i));
2026-04-23T21:50:17.2016624Z       |                                    ^~~~~~~~~~
2026-04-23T21:50:17.2017101Z /__w/quasar/quasar/cmake-projects/third-party/lua/lvm.c:1508:9: note: in expansion of macro 'vmbreak'
2026-04-23T21:50:17.2017527Z  1508 |         vmbreak;
2026-04-23T21:50:17.2017716Z       |         ^~~~~~~
2026-04-23T21:50:17.2018126Z /__w/quasar/quasar/cmake-projects/third-party/lua/ljumptab.h:12:27: warning: ISO C forbids 'goto *expr;' [-Wpedantic]
2026-04-23T21:50:17.2018873Z    12 | #define vmdispatch(x)     goto *disptab[x];
2026-04-23T21:50:17.2019280Z       |                           ^~~~
2026-04-23T21:50:17.2020008Z /__w/quasar/quasar/cmake-projects/third-party/lua/ljumptab.h:16:36: note: in expansion of macro 'vmdispatch'
2026-04-23T21:50:17.2020638Z    16 | #define vmbreak         vmfetch(); vmdispatch(GET_OPCODE(i));
2026-04-23T21:50:17.2020951Z       |                                    ^~~~~~~~~~
2026-04-23T21:50:17.2021377Z /__w/quasar/quasar/cmake-projects/third-party/lua/lvm.c:1512:9: note: in expansion of macro 'vmbreak'
2026-04-23T21:50:17.2021790Z  1512 |         vmbreak;
2026-04-23T21:50:17.2021971Z       |         ^~~~~~~
2026-04-23T21:50:17.2022391Z /__w/quasar/quasar/cmake-projects/third-party/lua/ljumptab.h:12:27: warning: ISO C forbids 'goto *expr;' [-Wpedantic]
2026-04-23T21:50:17.2022881Z    12 | #define vmdispatch(x)     goto *disptab[x];
2026-04-23T21:50:17.2023128Z       |                           ^~~~
2026-04-23T21:50:17.2023802Z /__w/quasar/quasar/cmake-projects/third-party/lua/ljumptab.h:16:36: note: in expansion of macro 'vmdispatch'
2026-04-23T21:50:17.2024622Z    16 | #define vmbreak         vmfetch(); vmdispatch(GET_OPCODE(i));
2026-04-23T21:50:17.2024943Z       |                                    ^~~~~~~~~~
2026-04-23T21:50:17.2025498Z /__w/quasar/quasar/cmake-projects/third-party/lua/lvm.c:1516:9: note: in expansion of macro 'vmbreak'
2026-04-23T21:50:17.2026093Z  1516 |         vmbreak;
2026-04-23T21:50:17.2026289Z       |         ^~~~~~~
2026-04-23T21:50:17.2026703Z /__w/quasar/quasar/cmake-projects/third-party/lua/ljumptab.h:12:27: warning: ISO C forbids 'goto *expr;' [-Wpedantic]
2026-04-23T21:50:17.2027202Z    12 | #define vmdispatch(x)     goto *disptab[x];
2026-04-23T21:50:17.2027455Z       |                           ^~~~
2026-04-23T21:50:17.2027877Z /__w/quasar/quasar/cmake-projects/third-party/lua/ljumptab.h:16:36: note: in expansion of macro 'vmdispatch'
2026-04-23T21:50:17.2028377Z    16 | #define vmbreak         vmfetch(); vmdispatch(GET_OPCODE(i));
2026-04-23T21:50:17.2028684Z       |                                    ^~~~~~~~~~
2026-04-23T21:50:17.2029103Z /__w/quasar/quasar/cmake-projects/third-party/lua/lvm.c:1521:9: note: in expansion of macro 'vmbreak'
2026-04-23T21:50:17.2029507Z  1521 |         vmbreak;
2026-04-23T21:50:17.2029693Z       |         ^~~~~~~
2026-04-23T21:50:17.2030104Z /__w/quasar/quasar/cmake-projects/third-party/lua/ljumptab.h:12:27: warning: ISO C forbids 'goto *expr;' [-Wpedantic]
2026-04-23T21:50:17.2030593Z    12 | #define vmdispatch(x)     goto *disptab[x];
2026-04-23T21:50:17.2030847Z       |                           ^~~~
2026-04-23T21:50:17.2031276Z /__w/quasar/quasar/cmake-projects/third-party/lua/ljumptab.h:16:36: note: in expansion of macro 'vmdispatch'
2026-04-23T21:50:17.2031782Z    16 | #define vmbreak         vmfetch(); vmdispatch(GET_OPCODE(i));
2026-04-23T21:50:17.2032081Z       |                                    ^~~~~~~~~~
2026-04-23T21:50:17.2032506Z /__w/quasar/quasar/cmake-projects/third-party/lua/lvm.c:1525:9: note: in expansion of macro 'vmbreak'
2026-04-23T21:50:17.2032920Z  1525 |         vmbreak;
2026-04-23T21:50:17.2033113Z       |         ^~~~~~~
2026-04-23T21:50:17.2033516Z /__w/quasar/quasar/cmake-projects/third-party/lua/ljumptab.h:12:27: warning: ISO C forbids 'goto *expr;' [-Wpedantic]
2026-04-23T21:50:17.2034134Z    12 | #define vmdispatch(x)     goto *disptab[x];
2026-04-23T21:50:17.2034419Z       |                           ^~~~
2026-04-23T21:50:17.2034840Z /__w/quasar/quasar/cmake-projects/third-party/lua/ljumptab.h:16:36: note: in expansion of macro 'vmdispatch'
2026-04-23T21:50:17.2035357Z    16 | #define vmbreak         vmfetch(); vmdispatch(GET_OPCODE(i));
2026-04-23T21:50:17.2035741Z       |                                    ^~~~~~~~~~
2026-04-23T21:50:17.2036172Z /__w/quasar/quasar/cmake-projects/third-party/lua/lvm.c:1529:9: note: in expansion of macro 'vmbreak'
2026-04-23T21:50:17.2036585Z  1529 |         vmbreak;
2026-04-23T21:50:17.2036784Z       |         ^~~~~~~
2026-04-23T21:50:17.2037204Z /__w/quasar/quasar/cmake-projects/third-party/lua/ljumptab.h:12:27: warning: ISO C forbids 'goto *expr;' [-Wpedantic]
2026-04-23T21:50:17.2037688Z    12 | #define vmdispatch(x)     goto *disptab[x];
2026-04-23T21:50:17.2037950Z       |                           ^~~~
2026-04-23T21:50:17.2038384Z /__w/quasar/quasar/cmake-projects/third-party/lua/ljumptab.h:16:36: note: in expansion of macro 'vmdispatch'
2026-04-23T21:50:17.2038901Z    16 | #define vmbreak         vmfetch(); vmdispatch(GET_OPCODE(i));
2026-04-23T21:50:17.2039228Z       |                                    ^~~~~~~~~~
2026-04-23T21:50:17.2039641Z /__w/quasar/quasar/cmake-projects/third-party/lua/lvm.c:1534:9: note: in expansion of macro 'vmbreak'
2026-04-23T21:50:17.2040053Z  1534 |         vmbreak;
2026-04-23T21:50:17.2040242Z       |         ^~~~~~~
2026-04-23T21:50:17.2040641Z /__w/quasar/quasar/cmake-projects/third-party/lua/ljumptab.h:12:27: warning: ISO C forbids 'goto *expr;' [-Wpedantic]
2026-04-23T21:50:17.2041129Z    12 | #define vmdispatch(x)     goto *disptab[x];
2026-04-23T21:50:17.2041381Z       |                           ^~~~
2026-04-23T21:50:17.2041802Z /__w/quasar/quasar/cmake-projects/third-party/lua/ljumptab.h:16:36: note: in expansion of macro 'vmdispatch'
2026-04-23T21:50:17.2042296Z    16 | #define vmbreak         vmfetch(); vmdispatch(GET_OPCODE(i));
2026-04-23T21:50:17.2042601Z       |                                    ^~~~~~~~~~
2026-04-23T21:50:17.2043079Z /__w/quasar/quasar/cmake-projects/third-party/lua/lvm.c:1538:9: note: in expansion of macro 'vmbreak'
2026-04-23T21:50:17.2043479Z  1538 |         vmbreak;
2026-04-23T21:50:17.2043668Z       |         ^~~~~~~
2026-04-23T21:50:17.2044201Z /__w/quasar/quasar/cmake-projects/third-party/lua/ljumptab.h:12:27: warning: ISO C forbids 'goto *expr;' [-Wpedantic]
2026-04-23T21:50:17.2044694Z    12 | #define vmdispatch(x)     goto *disptab[x];
2026-04-23T21:50:17.2044945Z       |                           ^~~~
2026-04-23T21:50:17.2045368Z /__w/quasar/quasar/cmake-projects/third-party/lua/ljumptab.h:16:36: note: in expansion of macro 'vmdispatch'
2026-04-23T21:50:17.2045881Z    16 | #define vmbreak         vmfetch(); vmdispatch(GET_OPCODE(i));
2026-04-23T21:50:17.2046186Z       |                                    ^~~~~~~~~~
2026-04-23T21:50:17.2046609Z /__w/quasar/quasar/cmake-projects/third-party/lua/lvm.c:1542:9: note: in expansion of macro 'vmbreak'
2026-04-23T21:50:17.2047022Z  1542 |         vmbreak;
2026-04-23T21:50:17.2047202Z       |         ^~~~~~~
2026-04-23T21:50:17.2047618Z /__w/quasar/quasar/cmake-projects/third-party/lua/ljumptab.h:12:27: warning: ISO C forbids 'goto *expr;' [-Wpedantic]
2026-04-23T21:50:17.2048114Z    12 | #define vmdispatch(x)     goto *disptab[x];
2026-04-23T21:50:17.2048368Z       |                           ^~~~
2026-04-23T21:50:17.2048782Z /__w/quasar/quasar/cmake-projects/third-party/lua/ljumptab.h:16:36: note: in expansion of macro 'vmdispatch'
2026-04-23T21:50:17.2049288Z    16 | #define vmbreak         vmfetch(); vmdispatch(GET_OPCODE(i));
2026-04-23T21:50:17.2049608Z       |                                    ^~~~~~~~~~
2026-04-23T21:50:17.2050016Z /__w/quasar/quasar/cmake-projects/third-party/lua/lvm.c:1546:9: note: in expansion of macro 'vmbreak'
2026-04-23T21:50:17.2050431Z  1546 |         vmbreak;
2026-04-23T21:50:17.2050620Z       |         ^~~~~~~
2026-04-23T21:50:17.2051036Z /__w/quasar/quasar/cmake-projects/third-party/lua/ljumptab.h:12:27: warning: ISO C forbids 'goto *expr;' [-Wpedantic]
2026-04-23T21:50:17.2051522Z    12 | #define vmdispatch(x)     goto *disptab[x];
2026-04-23T21:50:17.2051781Z       |                           ^~~~
2026-04-23T21:50:17.2052279Z /__w/quasar/quasar/cmake-projects/third-party/lua/ljumptab.h:16:36: note: in expansion of macro 'vmdispatch'
2026-04-23T21:50:17.2052784Z    16 | #define vmbreak         vmfetch(); vmdispatch(GET_OPCODE(i));
2026-04-23T21:50:17.2053095Z       |                                    ^~~~~~~~~~
2026-04-23T21:50:17.2053510Z /__w/quasar/quasar/cmake-projects/third-party/lua/lvm.c:1550:9: note: in expansion of macro 'vmbreak'
2026-04-23T21:50:17.2053919Z  1550 |         vmbreak;
2026-04-23T21:50:17.2054227Z       |         ^~~~~~~
2026-04-23T21:50:17.2054643Z /__w/quasar/quasar/cmake-projects/third-party/lua/ljumptab.h:12:27: warning: ISO C forbids 'goto *expr;' [-Wpedantic]
2026-04-23T21:50:17.2055143Z    12 | #define vmdispatch(x)     goto *disptab[x];
2026-04-23T21:50:17.2055442Z       |                           ^~~~
2026-04-23T21:50:17.2056189Z /__w/quasar/quasar/cmake-projects/third-party/lua/ljumptab.h:16:36: note: in expansion of macro 'vmdispatch'
2026-04-23T21:50:17.2057059Z    16 | #define vmbreak         vmfetch(); vmdispatch(GET_OPCODE(i));
2026-04-23T21:50:17.2057381Z       |                                    ^~~~~~~~~~
2026-04-23T21:50:17.2057900Z /__w/quasar/quasar/cmake-projects/third-party/lua/lvm.c:1554:9: note: in expansion of macro 'vmbreak'
2026-04-23T21:50:17.2058350Z  1554 |         vmbreak;
2026-04-23T21:50:17.2058540Z       |         ^~~~~~~
2026-04-23T21:50:17.2058953Z /__w/quasar/quasar/cmake-projects/third-party/lua/ljumptab.h:12:27: warning: ISO C forbids 'goto *expr;' [-Wpedantic]
2026-04-23T21:50:17.2059443Z    12 | #define vmdispatch(x)     goto *disptab[x];
2026-04-23T21:50:17.2059703Z       |                           ^~~~
2026-04-23T21:50:17.2060117Z /__w/quasar/quasar/cmake-projects/third-party/lua/ljumptab.h:16:36: note: in expansion of macro 'vmdispatch'
2026-04-23T21:50:17.2060756Z    16 | #define vmbreak         vmfetch(); vmdispatch(GET_OPCODE(i));
2026-04-23T21:50:17.2061069Z       |                                    ^~~~~~~~~~
2026-04-23T21:50:17.2061487Z /__w/quasar/quasar/cmake-projects/third-party/lua/lvm.c:1564:9: note: in expansion of macro 'vmbreak'
2026-04-23T21:50:17.2061892Z  1564 |         vmbreak;
2026-04-23T21:50:17.2062082Z       |         ^~~~~~~
2026-04-23T21:50:17.2062497Z /__w/quasar/quasar/cmake-projects/third-party/lua/ljumptab.h:12:27: warning: ISO C forbids 'goto *expr;' [-Wpedantic]
2026-04-23T21:50:17.2062987Z    12 | #define vmdispatch(x)     goto *disptab[x];
2026-04-23T21:50:17.2063241Z       |                           ^~~~
2026-04-23T21:50:17.2063663Z /__w/quasar/quasar/cmake-projects/third-party/lua/ljumptab.h:16:36: note: in expansion of macro 'vmdispatch'
2026-04-23T21:50:17.2064304Z    16 | #define vmbreak         vmfetch(); vmdispatch(GET_OPCODE(i));
2026-04-23T21:50:17.2064612Z       |                                    ^~~~~~~~~~
2026-04-23T21:50:17.2065034Z /__w/quasar/quasar/cmake-projects/third-party/lua/lvm.c:1574:9: note: in expansion of macro 'vmbreak'
2026-04-23T21:50:17.2065448Z  1574 |         vmbreak;
2026-04-23T21:50:17.2065628Z       |         ^~~~~~~
2026-04-23T21:50:17.2066052Z /__w/quasar/quasar/cmake-projects/third-party/lua/ljumptab.h:12:27: warning: ISO C forbids 'goto *expr;' [-Wpedantic]
2026-04-23T21:50:17.2066544Z    12 | #define vmdispatch(x)     goto *disptab[x];
2026-04-23T21:50:17.2066806Z       |                           ^~~~
2026-04-23T21:50:17.2067225Z /__w/quasar/quasar/cmake-projects/third-party/lua/ljumptab.h:16:36: note: in expansion of macro 'vmdispatch'
2026-04-23T21:50:17.2067729Z    16 | #define vmbreak         vmfetch(); vmdispatch(GET_OPCODE(i));
2026-04-23T21:50:17.2068038Z       |                                    ^~~~~~~~~~
2026-04-23T21:50:17.2068444Z /__w/quasar/quasar/cmake-projects/third-party/lua/lvm.c:1584:9: note: in expansion of macro 'vmbreak'
2026-04-23T21:50:17.2068860Z  1584 |         vmbreak;
2026-04-23T21:50:17.2069047Z       |         ^~~~~~~
2026-04-23T21:50:17.2069457Z /__w/quasar/quasar/cmake-projects/third-party/lua/ljumptab.h:12:27: warning: ISO C forbids 'goto *expr;' [-Wpedantic]
2026-04-23T21:50:17.2070004Z    12 | #define vmdispatch(x)     goto *disptab[x];
2026-04-23T21:50:17.2070264Z       |                           ^~~~
2026-04-23T21:50:17.2070684Z /__w/quasar/quasar/cmake-projects/third-party/lua/ljumptab.h:16:36: note: in expansion of macro 'vmdispatch'
2026-04-23T21:50:17.2071182Z    16 | #define vmbreak         vmfetch(); vmdispatch(GET_OPCODE(i));
2026-04-23T21:50:17.2071489Z       |                                    ^~~~~~~~~~
2026-04-23T21:50:17.2071909Z /__w/quasar/quasar/cmake-projects/third-party/lua/lvm.c:1599:9: note: in expansion of macro 'vmbreak'
2026-04-23T21:50:17.2072324Z  1599 |         vmbreak;
2026-04-23T21:50:17.2072506Z       |         ^~~~~~~
2026-04-23T21:50:17.2072923Z /__w/quasar/quasar/cmake-projects/third-party/lua/ljumptab.h:12:27: warning: ISO C forbids 'goto *expr;' [-Wpedantic]
2026-04-23T21:50:17.2073416Z    12 | #define vmdispatch(x)     goto *disptab[x];
2026-04-23T21:50:17.2073664Z       |                           ^~~~
2026-04-23T21:50:17.2074223Z /__w/quasar/quasar/cmake-projects/third-party/lua/ljumptab.h:16:36: note: in expansion of macro 'vmdispatch'
2026-04-23T21:50:17.2074740Z    16 | #define vmbreak         vmfetch(); vmdispatch(GET_OPCODE(i));
2026-04-23T21:50:17.2075066Z       |                                    ^~~~~~~~~~
2026-04-23T21:50:17.2075480Z /__w/quasar/quasar/cmake-projects/third-party/lua/lvm.c:1610:9: note: in expansion of macro 'vmbreak'
2026-04-23T21:50:17.2075895Z  1610 |         vmbreak;
2026-04-23T21:50:17.2076097Z       |         ^~~~~~~
2026-04-23T21:50:17.2076510Z /__w/quasar/quasar/cmake-projects/third-party/lua/ljumptab.h:12:27: warning: ISO C forbids 'goto *expr;' [-Wpedantic]
2026-04-23T21:50:17.2077007Z    12 | #define vmdispatch(x)     goto *disptab[x];
2026-04-23T21:50:17.2077332Z       |                           ^~~~
2026-04-23T21:50:17.2077755Z /__w/quasar/quasar/cmake-projects/third-party/lua/ljumptab.h:16:36: note: in expansion of macro 'vmdispatch'
2026-04-23T21:50:17.2078256Z    16 | #define vmbreak         vmfetch(); vmdispatch(GET_OPCODE(i));
2026-04-23T21:50:17.2078564Z       |                                    ^~~~~~~~~~
2026-04-23T21:50:17.2078979Z /__w/quasar/quasar/cmake-projects/third-party/lua/lvm.c:1619:9: note: in expansion of macro 'vmbreak'
2026-04-23T21:50:17.2079382Z  1619 |         vmbreak;
2026-04-23T21:50:17.2079574Z       |         ^~~~~~~
2026-04-23T21:50:17.2079988Z /__w/quasar/quasar/cmake-projects/third-party/lua/ljumptab.h:12:27: warning: ISO C forbids 'goto *expr;' [-Wpedantic]
2026-04-23T21:50:17.2080468Z    12 | #define vmdispatch(x)     goto *disptab[x];
2026-04-23T21:50:17.2080722Z       |                           ^~~~
2026-04-23T21:50:17.2081142Z /__w/quasar/quasar/cmake-projects/third-party/lua/ljumptab.h:16:36: note: in expansion of macro 'vmdispatch'
2026-04-23T21:50:17.2081646Z    16 | #define vmbreak         vmfetch(); vmdispatch(GET_OPCODE(i));
2026-04-23T21:50:17.2081943Z       |                                    ^~~~~~~~~~
2026-04-23T21:50:17.2082365Z /__w/quasar/quasar/cmake-projects/third-party/lua/lvm.c:1624:9: note: in expansion of macro 'vmbreak'
2026-04-23T21:50:17.2082772Z  1624 |         vmbreak;
2026-04-23T21:50:17.2082953Z       |         ^~~~~~~
2026-04-23T21:50:17.2083362Z /__w/quasar/quasar/cmake-projects/third-party/lua/ljumptab.h:12:27: warning: ISO C forbids 'goto *expr;' [-Wpedantic]
2026-04-23T21:50:17.2083843Z    12 | #define vmdispatch(x)     goto *disptab[x];
2026-04-23T21:50:17.2084299Z       |                           ^~~~
2026-04-23T21:50:17.2084716Z /__w/quasar/quasar/cmake-projects/third-party/lua/ljumptab.h:16:36: note: in expansion of macro 'vmdispatch'
2026-04-23T21:50:17.2085218Z    16 | #define vmbreak         vmfetch(); vmdispatch(GET_OPCODE(i));
2026-04-23T21:50:17.2085529Z       |                                    ^~~~~~~~~~
2026-04-23T21:50:17.2085938Z /__w/quasar/quasar/cmake-projects/third-party/lua/lvm.c:1632:9: note: in expansion of macro 'vmbreak'
2026-04-23T21:50:17.2086346Z  1632 |         vmbreak;
2026-04-23T21:50:17.2086538Z       |         ^~~~~~~
2026-04-23T21:50:17.2087057Z /__w/quasar/quasar/cmake-projects/third-party/lua/ljumptab.h:12:27: warning: ISO C forbids 'goto *expr;' [-Wpedantic]
2026-04-23T21:50:17.2087544Z    12 | #define vmdispatch(x)     goto *disptab[x];
2026-04-23T21:50:17.2087802Z       |                           ^~~~
2026-04-23T21:50:17.2088230Z /__w/quasar/quasar/cmake-projects/third-party/lua/ljumptab.h:16:36: note: in expansion of macro 'vmdispatch'
2026-04-23T21:50:17.2088724Z    16 | #define vmbreak         vmfetch(); vmdispatch(GET_OPCODE(i));
2026-04-23T21:50:17.2089035Z       |                                    ^~~~~~~~~~
2026-04-23T21:50:17.2089456Z /__w/quasar/quasar/cmake-projects/third-party/lua/lvm.c:1638:9: note: in expansion of macro 'vmbreak'
2026-04-23T21:50:17.2089880Z  1638 |         vmbreak;
2026-04-23T21:50:17.2090064Z       |         ^~~~~~~
2026-04-23T21:50:17.2090487Z /__w/quasar/quasar/cmake-projects/third-party/lua/ljumptab.h:12:27: warning: ISO C forbids 'goto *expr;' [-Wpedantic]
2026-04-23T21:50:17.2090974Z    12 | #define vmdispatch(x)     goto *disptab[x];
2026-04-23T21:50:17.2091221Z       |                           ^~~~
2026-04-23T21:50:17.2091638Z /__w/quasar/quasar/cmake-projects/third-party/lua/ljumptab.h:16:36: note: in expansion of macro 'vmdispatch'
2026-04-23T21:50:17.2092140Z    16 | #define vmbreak         vmfetch(); vmdispatch(GET_OPCODE(i));
2026-04-23T21:50:17.2092447Z       |                                    ^~~~~~~~~~
2026-04-23T21:50:17.2092856Z /__w/quasar/quasar/cmake-projects/third-party/lua/lvm.c:1644:9: note: in expansion of macro 'vmbreak'
2026-04-23T21:50:17.2093269Z  1644 |         vmbreak;
2026-04-23T21:50:17.2093457Z       |         ^~~~~~~
2026-04-23T21:50:17.2093861Z /__w/quasar/quasar/cmake-projects/third-party/lua/ljumptab.h:12:27: warning: ISO C forbids 'goto *expr;' [-Wpedantic]
2026-04-23T21:50:17.2094623Z    12 | #define vmdispatch(x)     goto *disptab[x];
2026-04-23T21:50:17.2094894Z       |                           ^~~~
2026-04-23T21:50:17.2095316Z /__w/quasar/quasar/cmake-projects/third-party/lua/ljumptab.h:16:36: note: in expansion of macro 'vmdispatch'
2026-04-23T21:50:17.2095844Z    16 | #define vmbreak         vmfetch(); vmdispatch(GET_OPCODE(i));
2026-04-23T21:50:17.2096155Z       |                                    ^~~~~~~~~~
2026-04-23T21:50:17.2096572Z /__w/quasar/quasar/cmake-projects/third-party/lua/lvm.c:1648:9: note: in expansion of macro 'vmbreak'
2026-04-23T21:50:17.2096976Z  1648 |         vmbreak;
2026-04-23T21:50:17.2097162Z       |         ^~~~~~~
2026-04-23T21:50:17.2097569Z /__w/quasar/quasar/cmake-projects/third-party/lua/ljumptab.h:12:27: warning: ISO C forbids 'goto *expr;' [-Wpedantic]
2026-04-23T21:50:17.2098043Z    12 | #define vmdispatch(x)     goto *disptab[x];
2026-04-23T21:50:17.2098297Z       |                           ^~~~
2026-04-23T21:50:17.2098722Z /__w/quasar/quasar/cmake-projects/third-party/lua/ljumptab.h:16:36: note: in expansion of macro 'vmdispatch'
2026-04-23T21:50:17.2099227Z    16 | #define vmbreak         vmfetch(); vmdispatch(GET_OPCODE(i));
2026-04-23T21:50:17.2099526Z       |                                    ^~~~~~~~~~
2026-04-23T21:50:17.2099945Z /__w/quasar/quasar/cmake-projects/third-party/lua/lvm.c:1656:9: note: in expansion of macro 'vmbreak'
2026-04-23T21:50:17.2100355Z  1656 |         vmbreak;
2026-04-23T21:50:17.2100534Z       |         ^~~~~~~
2026-04-23T21:50:17.2100944Z /__w/quasar/quasar/cmake-projects/third-party/lua/ljumptab.h:12:27: warning: ISO C forbids 'goto *expr;' [-Wpedantic]
2026-04-23T21:50:17.2101429Z    12 | #define vmdispatch(x)     goto *disptab[x];
2026-04-23T21:50:17.2101683Z       |                           ^~~~
2026-04-23T21:50:17.2102100Z /__w/quasar/quasar/cmake-projects/third-party/lua/ljumptab.h:16:36: note: in expansion of macro 'vmdispatch'
2026-04-23T21:50:17.2102610Z    16 | #define vmbreak         vmfetch(); vmdispatch(GET_OPCODE(i));
2026-04-23T21:50:17.2102913Z       |                                    ^~~~~~~~~~
2026-04-23T21:50:17.2103398Z /__w/quasar/quasar/cmake-projects/third-party/lua/lvm.c:1660:9: note: in expansion of macro 'vmbreak'
2026-04-23T21:50:17.2103812Z  1660 |         vmbreak;
2026-04-23T21:50:17.2104107Z       |         ^~~~~~~
2026-04-23T21:50:17.2104533Z /__w/quasar/quasar/cmake-projects/third-party/lua/ljumptab.h:12:27: warning: ISO C forbids 'goto *expr;' [-Wpedantic]
2026-04-23T21:50:17.2105010Z    12 | #define vmdispatch(x)     goto *disptab[x];
2026-04-23T21:50:17.2105265Z       |                           ^~~~
2026-04-23T21:50:17.2105688Z /__w/quasar/quasar/cmake-projects/third-party/lua/ljumptab.h:16:36: note: in expansion of macro 'vmdispatch'
2026-04-23T21:50:17.2106186Z    16 | #define vmbreak         vmfetch(); vmdispatch(GET_OPCODE(i));
2026-04-23T21:50:17.2106494Z       |                                    ^~~~~~~~~~
2026-04-23T21:50:17.2106910Z /__w/quasar/quasar/cmake-projects/third-party/lua/lvm.c:1664:9: note: in expansion of macro 'vmbreak'
2026-04-23T21:50:17.2107315Z  1664 |         vmbreak;
2026-04-23T21:50:17.2107502Z       |         ^~~~~~~
2026-04-23T21:50:17.2107914Z /__w/quasar/quasar/cmake-projects/third-party/lua/ljumptab.h:12:27: warning: ISO C forbids 'goto *expr;' [-Wpedantic]
2026-04-23T21:50:17.2108402Z    12 | #define vmdispatch(x)     goto *disptab[x];
2026-04-23T21:50:17.2108648Z       |                           ^~~~
2026-04-23T21:50:17.2109067Z /__w/quasar/quasar/cmake-projects/third-party/lua/ljumptab.h:16:36: note: in expansion of macro 'vmdispatch'
2026-04-23T21:50:17.2109568Z    16 | #define vmbreak         vmfetch(); vmdispatch(GET_OPCODE(i));
2026-04-23T21:50:17.2109865Z       |                                    ^~~~~~~~~~
2026-04-23T21:50:17.2110277Z /__w/quasar/quasar/cmake-projects/third-party/lua/lvm.c:1672:9: note: in expansion of macro 'vmbreak'
2026-04-23T21:50:17.2110757Z  1672 |         vmbreak;
2026-04-23T21:50:17.2110935Z       |         ^~~~~~~
2026-04-23T21:50:17.2111350Z /__w/quasar/quasar/cmake-projects/third-party/lua/ljumptab.h:12:27: warning: ISO C forbids 'goto *expr;' [-Wpedantic]
2026-04-23T21:50:17.2111836Z    12 | #define vmdispatch(x)     goto *disptab[x];
2026-04-23T21:50:17.2112093Z       |                           ^~~~
2026-04-23T21:50:17.2112508Z /__w/quasar/quasar/cmake-projects/third-party/lua/ljumptab.h:16:36: note: in expansion of macro 'vmdispatch'
2026-04-23T21:50:17.2113012Z    16 | #define vmbreak         vmfetch(); vmdispatch(GET_OPCODE(i));
2026-04-23T21:50:17.2113318Z       |                                    ^~~~~~~~~~
2026-04-23T21:50:17.2113727Z /__w/quasar/quasar/cmake-projects/third-party/lua/lvm.c:1685:9: note: in expansion of macro 'vmbreak'
2026-04-23T21:50:17.2114286Z  1685 |         vmbreak;
2026-04-23T21:50:17.2114479Z       |         ^~~~~~~
2026-04-23T21:50:17.2114889Z /__w/quasar/quasar/cmake-projects/third-party/lua/ljumptab.h:12:27: warning: ISO C forbids 'goto *expr;' [-Wpedantic]
2026-04-23T21:50:17.2115376Z    12 | #define vmdispatch(x)     goto *disptab[x];
2026-04-23T21:50:17.2115642Z       |                           ^~~~
2026-04-23T21:50:17.2116073Z /__w/quasar/quasar/cmake-projects/third-party/lua/ljumptab.h:16:36: note: in expansion of macro 'vmdispatch'
2026-04-23T21:50:17.2116572Z    16 | #define vmbreak         vmfetch(); vmdispatch(GET_OPCODE(i));
2026-04-23T21:50:17.2116883Z       |                                    ^~~~~~~~~~
2026-04-23T21:50:17.2117305Z /__w/quasar/quasar/cmake-projects/third-party/lua/lvm.c:1689:9: note: in expansion of macro 'vmbreak'
2026-04-23T21:50:17.2117740Z  1689 |         vmbreak;
2026-04-23T21:50:17.2118000Z       |         ^~~~~~~
2026-04-23T21:50:17.2118655Z /__w/quasar/quasar/cmake-projects/third-party/lua/ljumptab.h:12:27: warning: ISO C forbids 'goto *expr;' [-Wpedantic]
2026-04-23T21:50:17.2119420Z    12 | #define vmdispatch(x)     goto *disptab[x];
2026-04-23T21:50:17.2119731Z       |                           ^~~~
2026-04-23T21:50:17.2120152Z /__w/quasar/quasar/cmake-projects/third-party/lua/ljumptab.h:16:36: note: in expansion of macro 'vmdispatch'
2026-04-23T21:50:17.2120761Z    16 | #define vmbreak         vmfetch(); vmdispatch(GET_OPCODE(i));
2026-04-23T21:50:17.2121081Z       |                                    ^~~~~~~~~~
2026-04-23T21:50:17.2121499Z /__w/quasar/quasar/cmake-projects/third-party/lua/lvm.c:1693:9: note: in expansion of macro 'vmbreak'
2026-04-23T21:50:17.2121918Z  1693 |         vmbreak;
2026-04-23T21:50:17.2122106Z       |         ^~~~~~~
2026-04-23T21:50:17.2122515Z /__w/quasar/quasar/cmake-projects/third-party/lua/ljumptab.h:12:27: warning: ISO C forbids 'goto *expr;' [-Wpedantic]
2026-04-23T21:50:17.2123346Z    12 | #define vmdispatch(x)     goto *disptab[x];
2026-04-23T21:50:17.2123684Z       |                           ^~~~
2026-04-23T21:50:17.2124342Z /__w/quasar/quasar/cmake-projects/third-party/lua/ljumptab.h:16:36: note: in expansion of macro 'vmdispatch'
2026-04-23T21:50:17.2125024Z    16 | #define vmbreak         vmfetch(); vmdispatch(GET_OPCODE(i));
2026-04-23T21:50:17.2125326Z       |                                    ^~~~~~~~~~
2026-04-23T21:50:17.2125743Z /__w/quasar/quasar/cmake-projects/third-party/lua/lvm.c:1697:9: note: in expansion of macro 'vmbreak'
2026-04-23T21:50:17.2126141Z  1697 |         vmbreak;
2026-04-23T21:50:17.2126328Z       |         ^~~~~~~
2026-04-23T21:50:17.2126736Z /__w/quasar/quasar/cmake-projects/third-party/lua/ljumptab.h:12:27: warning: ISO C forbids 'goto *expr;' [-Wpedantic]
2026-04-23T21:50:17.2127215Z    12 | #define vmdispatch(x)     goto *disptab[x];
2026-04-23T21:50:17.2127295Z       |                           ^~~~
2026-04-23T21:50:17.2127567Z /__w/quasar/quasar/cmake-projects/third-party/lua/ljumptab.h:16:36: note: in expansion of macro 'vmdispatch'
2026-04-23T21:50:17.2127712Z    16 | #define vmbreak         vmfetch(); vmdispatch(GET_OPCODE(i));
2026-04-23T21:50:17.2127901Z       |                                    ^~~~~~~~~~
2026-04-23T21:50:17.2128152Z /__w/quasar/quasar/cmake-projects/third-party/lua/lvm.c:1701:9: note: in expansion of macro 'vmbreak'
2026-04-23T21:50:17.2128234Z  1701 |         vmbreak;
2026-04-23T21:50:17.2128300Z       |         ^~~~~~~
2026-04-23T21:50:17.2128593Z /__w/quasar/quasar/cmake-projects/third-party/lua/ljumptab.h:12:27: warning: ISO C forbids 'goto *expr;' [-Wpedantic]
2026-04-23T21:50:17.2128700Z    12 | #define vmdispatch(x)     goto *disptab[x];
2026-04-23T21:50:17.2128772Z       |                           ^~~~
2026-04-23T21:50:17.2129052Z /__w/quasar/quasar/cmake-projects/third-party/lua/ljumptab.h:16:36: note: in expansion of macro 'vmdispatch'
2026-04-23T21:50:17.2129191Z    16 | #define vmbreak         vmfetch(); vmdispatch(GET_OPCODE(i));
2026-04-23T21:50:17.2129278Z       |                                    ^~~~~~~~~~
2026-04-23T21:50:17.2129532Z /__w/quasar/quasar/cmake-projects/third-party/lua/lvm.c:1707:9: note: in expansion of macro 'vmbreak'
2026-04-23T21:50:17.2129605Z  1707 |         vmbreak;
2026-04-23T21:50:17.2129673Z       |         ^~~~~~~
2026-04-23T21:50:17.2129971Z /__w/quasar/quasar/cmake-projects/third-party/lua/ljumptab.h:12:27: warning: ISO C forbids 'goto *expr;' [-Wpedantic]
2026-04-23T21:50:17.2130074Z    12 | #define vmdispatch(x)     goto *disptab[x];
2026-04-23T21:50:17.2130154Z       |                           ^~~~
2026-04-23T21:50:17.2130426Z /__w/quasar/quasar/cmake-projects/third-party/lua/ljumptab.h:16:36: note: in expansion of macro 'vmdispatch'
2026-04-23T21:50:17.2130570Z    16 | #define vmbreak         vmfetch(); vmdispatch(GET_OPCODE(i));
2026-04-23T21:50:17.2130663Z       |                                    ^~~~~~~~~~
2026-04-23T21:50:17.2130913Z /__w/quasar/quasar/cmake-projects/third-party/lua/lvm.c:1718:9: note: in expansion of macro 'vmbreak'
2026-04-23T21:50:17.2130982Z  1718 |         vmbreak;
2026-04-23T21:50:17.2131059Z       |         ^~~~~~~
2026-04-23T21:50:17.2131350Z /__w/quasar/quasar/cmake-projects/third-party/lua/ljumptab.h:12:27: warning: ISO C forbids 'goto *expr;' [-Wpedantic]
2026-04-23T21:50:17.2131460Z    12 | #define vmdispatch(x)     goto *disptab[x];
2026-04-23T21:50:17.2131537Z       |                           ^~~~
2026-04-23T21:50:17.2131858Z /__w/quasar/quasar/cmake-projects/third-party/lua/ljumptab.h:16:36: note: in expansion of macro 'vmdispatch'
2026-04-23T21:50:17.2132009Z    16 | #define vmbreak         vmfetch(); vmdispatch(GET_OPCODE(i));
2026-04-23T21:50:17.2132093Z       |                                    ^~~~~~~~~~
2026-04-23T21:50:17.2132340Z /__w/quasar/quasar/cmake-projects/third-party/lua/lvm.c:1735:9: note: in expansion of macro 'vmbreak'
2026-04-23T21:50:17.2132420Z  1735 |         vmbreak;
2026-04-23T21:50:17.2132486Z       |         ^~~~~~~
2026-04-23T21:50:17.2132785Z /__w/quasar/quasar/cmake-projects/third-party/lua/ljumptab.h:12:27: warning: ISO C forbids 'goto *expr;' [-Wpedantic]
2026-04-23T21:50:17.2132884Z    12 | #define vmdispatch(x)     goto *disptab[x];
2026-04-23T21:50:17.2132961Z       |                           ^~~~
2026-04-23T21:50:17.2133240Z /__w/quasar/quasar/cmake-projects/third-party/lua/ljumptab.h:16:36: note: in expansion of macro 'vmdispatch'
2026-04-23T21:50:17.2133381Z    16 | #define vmbreak         vmfetch(); vmdispatch(GET_OPCODE(i));
2026-04-23T21:50:17.2133465Z       |                                    ^~~~~~~~~~
2026-04-23T21:50:17.2133718Z /__w/quasar/quasar/cmake-projects/third-party/lua/lvm.c:1847:9: note: in expansion of macro 'vmbreak'
2026-04-23T21:50:17.2133785Z  1847 |         vmbreak;
2026-04-23T21:50:17.2133860Z       |         ^~~~~~~
2026-04-23T21:50:17.2134290Z /__w/quasar/quasar/cmake-projects/third-party/lua/ljumptab.h:12:27: warning: ISO C forbids 'goto *expr;' [-Wpedantic]
2026-04-23T21:50:17.2134395Z    12 | #define vmdispatch(x)     goto *disptab[x];
2026-04-23T21:50:17.2134475Z       |                           ^~~~
2026-04-23T21:50:17.2134753Z /__w/quasar/quasar/cmake-projects/third-party/lua/ljumptab.h:16:36: note: in expansion of macro 'vmdispatch'
2026-04-23T21:50:17.2134958Z    16 | #define vmbreak         vmfetch(); vmdispatch(GET_OPCODE(i));
2026-04-23T21:50:17.2135051Z       |                                    ^~~~~~~~~~
2026-04-23T21:50:17.2135305Z /__w/quasar/quasar/cmake-projects/third-party/lua/lvm.c:1854:9: note: in expansion of macro 'vmbreak'
2026-04-23T21:50:17.2135385Z  1854 |         vmbreak;
2026-04-23T21:50:17.2135452Z       |         ^~~~~~~
2026-04-23T21:50:17.2135747Z /__w/quasar/quasar/cmake-projects/third-party/lua/ljumptab.h:12:27: warning: ISO C forbids 'goto *expr;' [-Wpedantic]
2026-04-23T21:50:17.2135863Z    12 | #define vmdispatch(x)     goto *disptab[x];
2026-04-23T21:50:17.2135940Z       |                           ^~~~
2026-04-23T21:50:17.2136216Z /__w/quasar/quasar/cmake-projects/third-party/lua/ljumptab.h:16:36: note: in expansion of macro 'vmdispatch'
2026-04-23T21:50:17.2136361Z    16 | #define vmbreak         vmfetch(); vmdispatch(GET_OPCODE(i));
2026-04-23T21:50:17.2136447Z       |                                    ^~~~~~~~~~
2026-04-23T21:50:17.2136701Z /__w/quasar/quasar/cmake-projects/third-party/lua/lvm.c:1899:9: note: in expansion of macro 'vmbreak'
2026-04-23T21:50:17.2136774Z  1899 |         vmbreak;
2026-04-23T21:50:17.2136839Z       |         ^~~~~~~
2026-04-23T21:50:17.2137140Z /__w/quasar/quasar/cmake-projects/third-party/lua/ljumptab.h:12:27: warning: ISO C forbids 'goto *expr;' [-Wpedantic]
2026-04-23T21:50:17.2137242Z    12 | #define vmdispatch(x)     goto *disptab[x];
2026-04-23T21:50:17.2137314Z       |                           ^~~~
2026-04-23T21:50:17.2137593Z /__w/quasar/quasar/cmake-projects/third-party/lua/ljumptab.h:16:36: note: in expansion of macro 'vmdispatch'
2026-04-23T21:50:17.2137728Z    16 | #define vmbreak         vmfetch(); vmdispatch(GET_OPCODE(i));
2026-04-23T21:50:17.2137816Z       |                                    ^~~~~~~~~~
2026-04-23T21:50:17.2138062Z /__w/quasar/quasar/cmake-projects/third-party/lua/lvm.c:1927:9: note: in expansion of macro 'vmbreak'
2026-04-23T21:50:17.2138135Z  1927 |         vmbreak;
2026-04-23T21:50:17.2138207Z       |         ^~~~~~~
2026-04-23T21:50:17.2138500Z /__w/quasar/quasar/cmake-projects/third-party/lua/ljumptab.h:12:27: warning: ISO C forbids 'goto *expr;' [-Wpedantic]
2026-04-23T21:50:17.2138652Z    12 | #define vmdispatch(x)     goto *disptab[x];
2026-04-23T21:50:17.2138730Z       |                           ^~~~
2026-04-23T21:50:17.2139001Z /__w/quasar/quasar/cmake-projects/third-party/lua/ljumptab.h:16:36: note: in expansion of macro 'vmdispatch'
2026-04-23T21:50:17.2139145Z    16 | #define vmbreak         vmfetch(); vmdispatch(GET_OPCODE(i));
2026-04-23T21:50:17.2139240Z       |                                    ^~~~~~~~~~
2026-04-23T21:50:17.2139490Z /__w/quasar/quasar/cmake-projects/third-party/lua/lvm.c:1934:9: note: in expansion of macro 'vmbreak'
2026-04-23T21:50:17.2139558Z  1934 |         vmbreak;
2026-04-23T21:50:17.2139629Z       |         ^~~~~~~
2026-04-23T21:50:17.2139919Z /__w/quasar/quasar/cmake-projects/third-party/lua/ljumptab.h:12:27: warning: ISO C forbids 'goto *expr;' [-Wpedantic]
2026-04-23T21:50:17.2140022Z    12 | #define vmdispatch(x)     goto *disptab[x];
2026-04-23T21:50:17.2140104Z       |                           ^~~~
2026-04-23T21:50:17.2140379Z /__w/quasar/quasar/cmake-projects/third-party/lua/ljumptab.h:16:36: note: in expansion of macro 'vmdispatch'
2026-04-23T21:50:17.2140522Z    16 | #define vmbreak         vmfetch(); vmdispatch(GET_OPCODE(i));
2026-04-23T21:50:17.2140605Z       |                                    ^~~~~~~~~~
2026-04-23T21:50:17.2140850Z /__w/quasar/quasar/cmake-projects/third-party/lua/lvm.c:1941:9: note: in expansion of macro 'vmbreak'
2026-04-23T21:50:17.2140923Z  1941 |         vmbreak;
2026-04-23T21:50:17.2140990Z       |         ^~~~~~~
2026-04-23T21:50:17.2141282Z /__w/quasar/quasar/cmake-projects/third-party/lua/ljumptab.h:12:27: warning: ISO C forbids 'goto *expr;' [-Wpedantic]
2026-04-23T21:50:17.2141389Z    12 | #define vmdispatch(x)     goto *disptab[x];
2026-04-23T21:50:17.2141509Z       |                           ^~~~
2026-04-23T21:50:17.2141789Z /__w/quasar/quasar/cmake-projects/third-party/lua/ljumptab.h:16:36: note: in expansion of macro 'vmdispatch'
2026-04-23T21:50:17.2141929Z    16 | #define vmbreak         vmfetch(); vmdispatch(GET_OPCODE(i));
2026-04-23T21:50:17.2142013Z       |                                    ^~~~~~~~~~
2026-04-23T21:50:17.2142267Z /__w/quasar/quasar/cmake-projects/third-party/lua/lvm.c:1947:9: note: in expansion of macro 'vmbreak'
2026-04-23T21:50:17.2142335Z  1947 |         vmbreak;
2026-04-23T21:50:17.2142401Z       |         ^~~~~~~
2026-04-23T21:50:17.2142703Z /__w/quasar/quasar/cmake-projects/third-party/lua/ljumptab.h:12:27: warning: ISO C forbids 'goto *expr;' [-Wpedantic]
2026-04-23T21:50:17.2142805Z    12 | #define vmdispatch(x)     goto *disptab[x];
2026-04-23T21:50:17.2142887Z       |                           ^~~~
2026-04-23T21:50:17.2143157Z /__w/quasar/quasar/cmake-projects/third-party/lua/ljumptab.h:16:36: note: in expansion of macro 'vmdispatch'
2026-04-23T21:50:17.2143298Z    16 | #define vmbreak         vmfetch(); vmdispatch(GET_OPCODE(i));
2026-04-23T21:50:17.2143388Z       |                                    ^~~~~~~~~~
2026-04-23T21:50:17.2143636Z /__w/quasar/quasar/cmake-projects/third-party/lua/lvm.c:1953:9: note: in expansion of macro 'vmbreak'
2026-04-23T21:50:17.2143705Z  1953 |         vmbreak;
2026-04-23T21:50:17.2143777Z       |         ^~~~~~~
2026-04-23T21:50:17.2144201Z /__w/quasar/quasar/cmake-projects/third-party/lua/ljumptab.h:12:27: warning: ISO C forbids 'goto *expr;' [-Wpedantic]
2026-04-23T21:50:17.2144319Z    12 | #define vmdispatch(x)     goto *disptab[x];
2026-04-23T21:50:17.2144391Z       |                           ^~~~
2026-04-23T21:50:17.2144662Z /__w/quasar/quasar/cmake-projects/third-party/lua/ljumptab.h:16:36: note: in expansion of macro 'vmdispatch'
2026-04-23T21:50:17.2144810Z    16 | #define vmbreak         vmfetch(); vmdispatch(GET_OPCODE(i));
2026-04-23T21:50:17.2144897Z       |                                    ^~~~~~~~~~
2026-04-23T21:50:17.2145143Z /__w/quasar/quasar/cmake-projects/third-party/lua/lvm.c:1962:9: note: in expansion of macro 'vmbreak'
2026-04-23T21:50:17.2145222Z  1962 |         vmbreak;
2026-04-23T21:50:17.2145288Z       |         ^~~~~~~
2026-04-23T21:50:17.2145649Z /__w/quasar/quasar/cmake-projects/third-party/lua/ljumptab.h:12:27: warning: ISO C forbids 'goto *expr;' [-Wpedantic]
2026-04-23T21:50:17.2145755Z    12 | #define vmdispatch(x)     goto *disptab[x];
2026-04-23T21:50:17.2145827Z       |                           ^~~~
2026-04-23T21:50:17.2146106Z /__w/quasar/quasar/cmake-projects/third-party/lua/ljumptab.h:16:36: note: in expansion of macro 'vmdispatch'
2026-04-23T21:50:17.2146243Z    16 | #define vmbreak         vmfetch(); vmdispatch(GET_OPCODE(i));
2026-04-23T21:50:17.2146330Z       |                                    ^~~~~~~~~~
2026-04-23T21:50:17.2146582Z /__w/quasar/quasar/cmake-projects/third-party/lua/lvm.c:1966:9: note: in expansion of macro 'vmbreak'
2026-04-23T21:50:17.2146656Z  1966 |         vmbreak;
2026-04-23T21:50:17.2146723Z       |         ^~~~~~~
2026-04-23T21:50:17.2146899Z [ 18%] Building C object third-party/lua/CMakeFiles/liblua.dir/lzio.c.o
2026-04-23T21:50:17.2147071Z [ 18%] Building C object third-party/lua/CMakeFiles/liblua.dir/ltests.c.o
2026-04-23T21:50:17.2147270Z [ 18%] Building C object third-party/lua/CMakeFiles/liblua.dir/lauxlib.c.o
2026-04-23T21:50:17.2147441Z [ 18%] Building C object third-party/lua/CMakeFiles/liblua.dir/lbaselib.c.o
2026-04-23T21:50:17.2215401Z [ 18%] Building C object third-party/lua/CMakeFiles/liblua.dir/ldblib.c.o
2026-04-23T21:50:17.2307949Z [ 18%] Building C object third-party/lua/CMakeFiles/liblua.dir/liolib.c.o
2026-04-23T21:50:17.2401486Z [ 18%] Building C object third-party/lua/CMakeFiles/liblua.dir/lmathlib.c.o
2026-04-23T21:50:17.2494373Z [ 18%] Building C object third-party/lua/CMakeFiles/liblua.dir/loslib.c.o
2026-04-23T21:50:17.2524969Z /__w/quasar/quasar/cmake-projects/third-party/lua/loslib.c: In function 'os_date':
2026-04-23T21:50:17.2525946Z /__w/quasar/quasar/cmake-projects/third-party/lua/loslib.c:338:46: warning: format not a string literal, format string not checked [-Wformat-nonliteral]
2026-04-23T21:50:17.2526204Z   338 |         reslen = strftime(buff, SIZETIMEFMT, cc, stm);
2026-04-23T21:50:17.2526357Z       |                                              ^~
2026-04-23T21:50:17.2589141Z [ 18%] Building C object third-party/lua/CMakeFiles/liblua.dir/ltablib.c.o
2026-04-23T21:50:17.2678826Z [ 19%] Building C object third-party/lua/CMakeFiles/liblua.dir/lstrlib.c.o
2026-04-23T21:50:17.2710507Z /__w/quasar/quasar/cmake-projects/third-party/lua/lstrlib.c: In function 'addliteral':
2026-04-23T21:50:17.2711308Z /__w/quasar/quasar/cmake-projects/third-party/lua/lstrlib.c:1197:9: warning: format not a string literal, argument types not checked [-Wformat-nonliteral]
2026-04-23T21:50:17.2711546Z  1197 |         nb = l_sprintf(buff, MAX_ITEM, format, (LUAI_UACINT)n);
2026-04-23T21:50:17.2711688Z       |         ^~
2026-04-23T21:50:17.2712060Z In file included from /__w/quasar/quasar/cmake-projects/third-party/lua/lua.h:28,
2026-04-23T21:50:17.2712399Z                  from /__w/quasar/quasar/cmake-projects/third-party/lua/lstrlib.c:23:
2026-04-23T21:50:17.2712815Z /__w/quasar/quasar/cmake-projects/third-party/lua/lstrlib.c: In function 'str_format':
2026-04-23T21:50:17.2713391Z /__w/quasar/quasar/cmake-projects/third-party/lua/lstrlib.c:1302:41: warning: format not a string literal, argument types not checked [-Wformat-nonliteral]
2026-04-23T21:50:17.2713575Z  1302 |           nb = l_sprintf(buff, maxitem, form, (int)luaL_checkinteger(L, arg));
2026-04-23T21:50:17.2713701Z       |                                         ^~~~
2026-04-23T21:50:17.2714324Z /__w/quasar/quasar/cmake-projects/third-party/lua/luaconf.h:581:47: note: in definition of macro 'l_sprintf'
2026-04-23T21:50:17.2714549Z   581 | #define l_sprintf(s,sz,f,i)     snprintf(s,sz,f,i)
2026-04-23T21:50:17.2714706Z       |                                               ^
2026-04-23T21:50:17.2715369Z /__w/quasar/quasar/cmake-projects/third-party/lua/lstrlib.c:1317:41: warning: format not a string literal, argument types not checked [-Wformat-nonliteral]
2026-04-23T21:50:17.2715671Z  1317 |           nb = l_sprintf(buff, maxitem, form, (LUAI_UACINT)n);
2026-04-23T21:50:17.2715766Z       |                                         ^~~~
2026-04-23T21:50:17.2716207Z /__w/quasar/quasar/cmake-projects/third-party/lua/luaconf.h:581:47: note: in definition of macro 'l_sprintf'
2026-04-23T21:50:17.2716339Z   581 | #define l_sprintf(s,sz,f,i)     snprintf(s,sz,f,i)
2026-04-23T21:50:17.2716438Z       |                                               ^
2026-04-23T21:50:17.2716852Z /__w/quasar/quasar/cmake-projects/third-party/lua/lstrlib.c:1323:50: warning: format not a string literal, argument types not checked [-Wformat-nonliteral]
2026-04-23T21:50:17.2716979Z  1323 |           nb = lua_number2strx(L, buff, maxitem, form,
2026-04-23T21:50:17.2717086Z       |                                                  ^~~~
2026-04-23T21:50:17.2717364Z /__w/quasar/quasar/cmake-projects/third-party/lua/luaconf.h:581:47: note: in definition of macro 'l_sprintf'
2026-04-23T21:50:17.2717492Z   581 | #define l_sprintf(s,sz,f,i)     snprintf(s,sz,f,i)
2026-04-23T21:50:17.2717583Z       |                                               ^
2026-04-23T21:50:17.2717877Z /__w/quasar/quasar/cmake-projects/third-party/lua/lstrlib.c:1323:16: note: in expansion of macro 'lua_number2strx'
2026-04-23T21:50:17.2718003Z  1323 |           nb = lua_number2strx(L, buff, maxitem, form,
2026-04-23T21:50:17.2718078Z       |                ^~~~~~~~~~~~~~~
2026-04-23T21:50:17.2718486Z /__w/quasar/quasar/cmake-projects/third-party/lua/lstrlib.c:1334:41: warning: format not a string literal, argument types not checked [-Wformat-nonliteral]
2026-04-23T21:50:17.2718635Z  1334 |           nb = l_sprintf(buff, maxitem, form, (LUAI_UACNUMBER)n);
2026-04-23T21:50:17.2718723Z       |                                         ^~~~
2026-04-23T21:50:17.2719088Z /__w/quasar/quasar/cmake-projects/third-party/lua/luaconf.h:581:47: note: in definition of macro 'l_sprintf'
2026-04-23T21:50:17.2719209Z   581 | #define l_sprintf(s,sz,f,i)     snprintf(s,sz,f,i)
2026-04-23T21:50:17.2719298Z       |                                               ^
2026-04-23T21:50:17.2719710Z /__w/quasar/quasar/cmake-projects/third-party/lua/lstrlib.c:1344:41: warning: format not a string literal, argument types not checked [-Wformat-nonliteral]
2026-04-23T21:50:17.2719828Z  1344 |           nb = l_sprintf(buff, maxitem, form, p);
2026-04-23T21:50:17.2719922Z       |                                         ^~~~
2026-04-23T21:50:17.2720193Z /__w/quasar/quasar/cmake-projects/third-party/lua/luaconf.h:581:47: note: in definition of macro 'l_sprintf'
2026-04-23T21:50:17.2720316Z   581 | #define l_sprintf(s,sz,f,i)     snprintf(s,sz,f,i)
2026-04-23T21:50:17.2720408Z       |                                               ^
2026-04-23T21:50:17.2720817Z /__w/quasar/quasar/cmake-projects/third-party/lua/lstrlib.c:1366:45: warning: format not a string literal, argument types not checked [-Wformat-nonliteral]
2026-04-23T21:50:17.2720936Z  1366 |               nb = l_sprintf(buff, maxitem, form, s);
2026-04-23T21:50:17.2721042Z       |                                             ^~~~
2026-04-23T21:50:17.2721314Z /__w/quasar/quasar/cmake-projects/third-party/lua/luaconf.h:581:47: note: in definition of macro 'l_sprintf'
2026-04-23T21:50:17.2721438Z   581 | #define l_sprintf(s,sz,f,i)     snprintf(s,sz,f,i)
2026-04-23T21:50:17.2721524Z       |                                               ^
2026-04-23T21:50:17.2776499Z [ 19%] Building C object third-party/lua/CMakeFiles/liblua.dir/lutf8lib.c.o
2026-04-23T21:50:17.2868391Z [ 19%] Building C object third-party/lua/CMakeFiles/liblua.dir/loadlib.c.o
2026-04-23T21:50:17.2961861Z [ 19%] Building C object third-party/lua/CMakeFiles/liblua.dir/lcorolib.c.o
2026-04-23T21:50:17.3055078Z [ 19%] Building C object third-party/lua/CMakeFiles/liblua.dir/linit.c.o
2026-04-23T21:50:17.3146449Z [ 19%] Linking C static library ../../lib/libliblua.a
2026-04-23T21:50:17.3477997Z [ 19%] Built target liblua
2026-04-23T21:50:17.3633327Z [ 19%] Building C object third-party/lua/CMakeFiles/lua.dir/lua.c.o
2026-04-23T21:50:17.3734852Z [ 19%] Linking C executable ../../bin/lua
2026-04-23T21:50:17.4165776Z [ 19%] Built target lua
2026-04-23T21:50:17.4321649Z [ 19%] Building CXX object third-party/symengine-verification/CMakeFiles/symengine_test.dir/main.cpp.o
2026-04-23T21:50:17.4454692Z [ 20%] Linking CXX executable ../../bin/symengine_test
2026-04-23T21:50:17.5879504Z [ 20%] Built target symengine_test
2026-04-23T21:50:17.6071997Z [ 20%] Building CXX object third-party/Catch2/src/CMakeFiles/Catch2.dir/catch2/benchmark/catch_chronometer.cpp.o
2026-04-23T21:50:17.6187794Z [ 20%] Building CXX object third-party/Catch2/src/CMakeFiles/Catch2.dir/catch2/benchmark/detail/catch_analyse.cpp.o
2026-04-23T21:50:17.6307771Z [ 20%] Building CXX object third-party/Catch2/src/CMakeFiles/Catch2.dir/catch2/benchmark/detail/catch_benchmark_function.cpp.o
2026-04-23T21:50:17.6426187Z [ 20%] Building CXX object third-party/Catch2/src/CMakeFiles/Catch2.dir/catch2/benchmark/detail/catch_run_for_at_least.cpp.o
2026-04-23T21:50:17.6539022Z [ 20%] Building CXX object third-party/Catch2/src/CMakeFiles/Catch2.dir/catch2/benchmark/detail/catch_stats.cpp.o
2026-04-23T21:50:17.6656687Z [ 20%] Building CXX object third-party/Catch2/src/CMakeFiles/Catch2.dir/catch2/generators/catch_generator_exception.cpp.o
2026-04-23T21:50:17.6749962Z [ 20%] Building CXX object third-party/Catch2/src/CMakeFiles/Catch2.dir/catch2/generators/catch_generators.cpp.o
2026-04-23T21:50:17.6869079Z [ 20%] Building CXX object third-party/Catch2/src/CMakeFiles/Catch2.dir/catch2/generators/catch_generators_random.cpp.o
2026-04-23T21:50:17.6994177Z [ 20%] Building CXX object third-party/Catch2/src/CMakeFiles/Catch2.dir/catch2/reporters/catch_reporter_automake.cpp.o
2026-04-23T21:50:17.7112656Z [ 20%] Building CXX object third-party/Catch2/src/CMakeFiles/Catch2.dir/catch2/reporters/catch_reporter_common_base.cpp.o
2026-04-23T21:50:17.7235648Z [ 21%] Building CXX object third-party/Catch2/src/CMakeFiles/Catch2.dir/catch2/reporters/catch_reporter_compact.cpp.o
2026-04-23T21:50:17.7356574Z [ 21%] Building CXX object third-party/Catch2/src/CMakeFiles/Catch2.dir/catch2/reporters/catch_reporter_console.cpp.o
2026-04-23T21:50:17.7479475Z [ 21%] Building CXX object third-party/Catch2/src/CMakeFiles/Catch2.dir/catch2/reporters/catch_reporter_cumulative_base.cpp.o
2026-04-23T21:50:17.7610926Z [ 21%] Building CXX object third-party/Catch2/src/CMakeFiles/Catch2.dir/catch2/reporters/catch_reporter_event_listener.cpp.o
2026-04-23T21:50:17.7737716Z [ 21%] Building CXX object third-party/Catch2/src/CMakeFiles/Catch2.dir/catch2/reporters/catch_reporter_helpers.cpp.o
2026-04-23T21:50:17.7870410Z [ 21%] Building CXX object third-party/Catch2/src/CMakeFiles/Catch2.dir/catch2/reporters/catch_reporter_json.cpp.o
2026-04-23T21:50:17.7996508Z [ 21%] Building CXX object third-party/Catch2/src/CMakeFiles/Catch2.dir/catch2/reporters/catch_reporter_junit.cpp.o
2026-04-23T21:50:17.8125934Z [ 21%] Building CXX object third-party/Catch2/src/CMakeFiles/Catch2.dir/catch2/reporters/catch_reporter_multi.cpp.o
2026-04-23T21:50:17.8246250Z [ 21%] Building CXX object third-party/Catch2/src/CMakeFiles/Catch2.dir/catch2/reporters/catch_reporter_registrars.cpp.o
2026-04-23T21:50:17.8352292Z [ 21%] Building CXX object third-party/Catch2/src/CMakeFiles/Catch2.dir/catch2/reporters/catch_reporter_sonarqube.cpp.o
2026-04-23T21:50:17.8467521Z [ 21%] Building CXX object third-party/Catch2/src/CMakeFiles/Catch2.dir/catch2/reporters/catch_reporter_streaming_base.cpp.o
2026-04-23T21:50:17.8581240Z [ 22%] Building CXX object third-party/Catch2/src/CMakeFiles/Catch2.dir/catch2/reporters/catch_reporter_tap.cpp.o
2026-04-23T21:50:17.8698418Z [ 22%] Building CXX object third-party/Catch2/src/CMakeFiles/Catch2.dir/catch2/reporters/catch_reporter_teamcity.cpp.o
2026-04-23T21:50:17.8814716Z [ 22%] Building CXX object third-party/Catch2/src/CMakeFiles/Catch2.dir/catch2/reporters/catch_reporter_xml.cpp.o
2026-04-23T21:50:17.8930206Z [ 22%] Building CXX object third-party/Catch2/src/CMakeFiles/Catch2.dir/catch2/interfaces/catch_interfaces_capture.cpp.o
2026-04-23T21:50:17.9041198Z [ 22%] Building CXX object third-party/Catch2/src/CMakeFiles/Catch2.dir/catch2/interfaces/catch_interfaces_config.cpp.o
2026-04-23T21:50:17.9150681Z [ 22%] Building CXX object third-party/Catch2/src/CMakeFiles/Catch2.dir/catch2/interfaces/catch_interfaces_exception.cpp.o
2026-04-23T21:50:17.9252552Z [ 22%] Building CXX object third-party/Catch2/src/CMakeFiles/Catch2.dir/catch2/interfaces/catch_interfaces_generatortracker.cpp.o
2026-04-23T21:50:17.9365014Z [ 22%] Building CXX object third-party/Catch2/src/CMakeFiles/Catch2.dir/catch2/interfaces/catch_interfaces_registry_hub.cpp.o
2026-04-23T21:50:17.9467199Z [ 22%] Building CXX object third-party/Catch2/src/CMakeFiles/Catch2.dir/catch2/interfaces/catch_interfaces_reporter.cpp.o
2026-04-23T21:50:17.9582225Z [ 22%] Building CXX object third-party/Catch2/src/CMakeFiles/Catch2.dir/catch2/interfaces/catch_interfaces_reporter_factory.cpp.o
2026-04-23T21:50:17.9684263Z [ 22%] Building CXX object third-party/Catch2/src/CMakeFiles/Catch2.dir/catch2/interfaces/catch_interfaces_testcase.cpp.o
2026-04-23T21:50:17.9775815Z [ 23%] Building CXX object third-party/Catch2/src/CMakeFiles/Catch2.dir/catch2/catch_approx.cpp.o
2026-04-23T21:50:17.9890545Z [ 23%] Building CXX object third-party/Catch2/src/CMakeFiles/Catch2.dir/catch2/catch_assertion_result.cpp.o
2026-04-23T21:50:17.9999800Z [ 23%] Building CXX object third-party/Catch2/src/CMakeFiles/Catch2.dir/catch2/catch_config.cpp.o
2026-04-23T21:50:18.0115496Z [ 23%] Building CXX object third-party/Catch2/src/CMakeFiles/Catch2.dir/catch2/catch_get_random_seed.cpp.o
2026-04-23T21:50:18.0228338Z [ 23%] Building CXX object third-party/Catch2/src/CMakeFiles/Catch2.dir/catch2/catch_message.cpp.o
2026-04-23T21:50:18.0353657Z [ 23%] Building CXX object third-party/Catch2/src/CMakeFiles/Catch2.dir/catch2/catch_registry_hub.cpp.o
2026-04-23T21:50:18.0470982Z [ 23%] Building CXX object third-party/Catch2/src/CMakeFiles/Catch2.dir/catch2/catch_session.cpp.o
2026-04-23T21:50:18.0604330Z [ 23%] Building CXX object third-party/Catch2/src/CMakeFiles/Catch2.dir/catch2/catch_tag_alias_autoregistrar.cpp.o
2026-04-23T21:50:18.0710376Z [ 23%] Building CXX object third-party/Catch2/src/CMakeFiles/Catch2.dir/catch2/catch_test_case_info.cpp.o
2026-04-23T21:50:18.0830362Z [ 23%] Building CXX object third-party/Catch2/src/CMakeFiles/Catch2.dir/catch2/catch_test_spec.cpp.o
2026-04-23T21:50:18.0952513Z [ 23%] Building CXX object third-party/Catch2/src/CMakeFiles/Catch2.dir/catch2/catch_timer.cpp.o
2026-04-23T21:50:18.1066669Z [ 25%] Building CXX object third-party/Catch2/src/CMakeFiles/Catch2.dir/catch2/catch_tostring.cpp.o
2026-04-23T21:50:18.1183355Z [ 25%] Building CXX object third-party/Catch2/src/CMakeFiles/Catch2.dir/catch2/catch_totals.cpp.o
2026-04-23T21:50:18.1275854Z [ 25%] Building CXX object third-party/Catch2/src/CMakeFiles/Catch2.dir/catch2/catch_translate_exception.cpp.o
2026-04-23T21:50:18.1384153Z [ 25%] Building CXX object third-party/Catch2/src/CMakeFiles/Catch2.dir/catch2/catch_version.cpp.o
2026-04-23T21:50:18.1492222Z [ 25%] Building CXX object third-party/Catch2/src/CMakeFiles/Catch2.dir/catch2/internal/catch_assertion_handler.cpp.o
2026-04-23T21:50:18.1605617Z [ 25%] Building CXX object third-party/Catch2/src/CMakeFiles/Catch2.dir/catch2/internal/catch_case_insensitive_comparisons.cpp.o
2026-04-23T21:50:18.1715132Z [ 25%] Building CXX object third-party/Catch2/src/CMakeFiles/Catch2.dir/catch2/internal/catch_clara.cpp.o
2026-04-23T21:50:18.1841624Z [ 25%] Building CXX object third-party/Catch2/src/CMakeFiles/Catch2.dir/catch2/internal/catch_commandline.cpp.o
2026-04-23T21:50:18.1971816Z [ 25%] Building CXX object third-party/Catch2/src/CMakeFiles/Catch2.dir/catch2/internal/catch_console_colour.cpp.o
2026-04-23T21:50:18.2089542Z [ 25%] Building CXX object third-party/Catch2/src/CMakeFiles/Catch2.dir/catch2/internal/catch_context.cpp.o
2026-04-23T21:50:18.2184529Z [ 25%] Building CXX object third-party/Catch2/src/CMakeFiles/Catch2.dir/catch2/internal/catch_debug_console.cpp.o
2026-04-23T21:50:18.2298956Z [ 26%] Building CXX object third-party/Catch2/src/CMakeFiles/Catch2.dir/catch2/internal/catch_debugger.cpp.o
2026-04-23T21:50:18.2412090Z [ 26%] Building CXX object third-party/Catch2/src/CMakeFiles/Catch2.dir/catch2/internal/catch_decomposer.cpp.o
2026-04-23T21:50:18.2529111Z [ 26%] Building CXX object third-party/Catch2/src/CMakeFiles/Catch2.dir/catch2/internal/catch_enforce.cpp.o
2026-04-23T21:50:18.2641183Z [ 26%] Building CXX object third-party/Catch2/src/CMakeFiles/Catch2.dir/catch2/internal/catch_enum_values_registry.cpp.o
2026-04-23T21:50:18.2748791Z [ 26%] Building CXX object third-party/Catch2/src/CMakeFiles/Catch2.dir/catch2/internal/catch_errno_guard.cpp.o
2026-04-23T21:50:18.2838160Z [ 26%] Building CXX object third-party/Catch2/src/CMakeFiles/Catch2.dir/catch2/internal/catch_exception_translator_registry.cpp.o
2026-04-23T21:50:18.2949980Z [ 26%] Building CXX object third-party/Catch2/src/CMakeFiles/Catch2.dir/catch2/internal/catch_fatal_condition_handler.cpp.o
2026-04-23T21:50:18.3069605Z [ 26%] Building CXX object third-party/Catch2/src/CMakeFiles/Catch2.dir/catch2/internal/catch_floating_point_helpers.cpp.o
2026-04-23T21:50:18.3171580Z [ 26%] Building CXX object third-party/Catch2/src/CMakeFiles/Catch2.dir/catch2/internal/catch_getenv.cpp.o
2026-04-23T21:50:18.3266409Z [ 26%] Building CXX object third-party/Catch2/src/CMakeFiles/Catch2.dir/catch2/internal/catch_istream.cpp.o
2026-04-23T21:50:18.3378974Z [ 26%] Building CXX object third-party/Catch2/src/CMakeFiles/Catch2.dir/catch2/internal/catch_jsonwriter.cpp.o
2026-04-23T21:50:18.3494257Z [ 27%] Building CXX object third-party/Catch2/src/CMakeFiles/Catch2.dir/catch2/internal/catch_lazy_expr.cpp.o
2026-04-23T21:50:18.3610394Z [ 27%] Building CXX object third-party/Catch2/src/CMakeFiles/Catch2.dir/catch2/internal/catch_leak_detector.cpp.o
2026-04-23T21:50:18.3713856Z [ 27%] Building CXX object third-party/Catch2/src/CMakeFiles/Catch2.dir/catch2/internal/catch_list.cpp.o
2026-04-23T21:50:18.3831818Z [ 27%] Building CXX object third-party/Catch2/src/CMakeFiles/Catch2.dir/catch2/internal/catch_message_info.cpp.o
2026-04-23T21:50:18.3937752Z [ 27%] Building CXX object third-party/Catch2/src/CMakeFiles/Catch2.dir/catch2/internal/catch_output_redirect.cpp.o
2026-04-23T21:50:18.4051641Z [ 27%] Building CXX object third-party/Catch2/src/CMakeFiles/Catch2.dir/catch2/internal/catch_parse_numbers.cpp.o
2026-04-23T21:50:18.4160480Z [ 27%] Building CXX object third-party/Catch2/src/CMakeFiles/Catch2.dir/catch2/internal/catch_polyfills.cpp.o
2026-04-23T21:50:18.4261637Z [ 27%] Building CXX object third-party/Catch2/src/CMakeFiles/Catch2.dir/catch2/internal/catch_random_number_generator.cpp.o
2026-04-23T21:50:18.4350735Z [ 27%] Building CXX object third-party/Catch2/src/CMakeFiles/Catch2.dir/catch2/internal/catch_random_seed_generation.cpp.o
2026-04-23T21:50:18.4468868Z [ 27%] Building CXX object third-party/Catch2/src/CMakeFiles/Catch2.dir/catch2/internal/catch_reporter_registry.cpp.o
2026-04-23T21:50:18.4590102Z [ 27%] Building CXX object third-party/Catch2/src/CMakeFiles/Catch2.dir/catch2/internal/catch_reporter_spec_parser.cpp.o
2026-04-23T21:50:18.4709332Z [ 28%] Building CXX object third-party/Catch2/src/CMakeFiles/Catch2.dir/catch2/internal/catch_reusable_string_stream.cpp.o
2026-04-23T21:50:18.4822494Z [ 28%] Building CXX object third-party/Catch2/src/CMakeFiles/Catch2.dir/catch2/internal/catch_run_context.cpp.o
2026-04-23T21:50:18.4945035Z [ 28%] Building CXX object third-party/Catch2/src/CMakeFiles/Catch2.dir/catch2/internal/catch_section.cpp.o
2026-04-23T21:50:18.5057592Z [ 28%] Building CXX object third-party/Catch2/src/CMakeFiles/Catch2.dir/catch2/internal/catch_singletons.cpp.o
2026-04-23T21:50:18.5151557Z [ 28%] Building CXX object third-party/Catch2/src/CMakeFiles/Catch2.dir/catch2/internal/catch_source_line_info.cpp.o
2026-04-23T21:50:18.5261655Z [ 28%] Building CXX object third-party/Catch2/src/CMakeFiles/Catch2.dir/catch2/internal/catch_startup_exception_registry.cpp.o
2026-04-23T21:50:18.5355989Z [ 28%] Building CXX object third-party/Catch2/src/CMakeFiles/Catch2.dir/catch2/internal/catch_stdstreams.cpp.o
2026-04-23T21:50:18.5466202Z [ 28%] Building CXX object third-party/Catch2/src/CMakeFiles/Catch2.dir/catch2/internal/catch_string_manip.cpp.o
2026-04-23T21:50:18.5576156Z [ 28%] Building CXX object third-party/Catch2/src/CMakeFiles/Catch2.dir/catch2/internal/catch_stringref.cpp.o
2026-04-23T21:50:18.5687654Z [ 28%] Building CXX object third-party/Catch2/src/CMakeFiles/Catch2.dir/catch2/internal/catch_tag_alias_registry.cpp.o
2026-04-23T21:50:18.5799836Z [ 28%] Building CXX object third-party/Catch2/src/CMakeFiles/Catch2.dir/catch2/internal/catch_test_case_info_hasher.cpp.o
2026-04-23T21:50:18.5902349Z [ 29%] Building CXX object third-party/Catch2/src/CMakeFiles/Catch2.dir/catch2/internal/catch_test_case_registry_impl.cpp.o
2026-04-23T21:50:18.6017746Z [ 29%] Building CXX object third-party/Catch2/src/CMakeFiles/Catch2.dir/catch2/internal/catch_test_case_tracker.cpp.o
2026-04-23T21:50:18.6131918Z [ 29%] Building CXX object third-party/Catch2/src/CMakeFiles/Catch2.dir/catch2/internal/catch_test_failure_exception.cpp.o
2026-04-23T21:50:18.6241472Z [ 29%] Building CXX object third-party/Catch2/src/CMakeFiles/Catch2.dir/catch2/internal/catch_test_registry.cpp.o
2026-04-23T21:50:18.6356387Z [ 29%] Building CXX object third-party/Catch2/src/CMakeFiles/Catch2.dir/catch2/internal/catch_test_spec_parser.cpp.o
2026-04-23T21:50:18.6465134Z [ 29%] Building CXX object third-party/Catch2/src/CMakeFiles/Catch2.dir/catch2/internal/catch_textflow.cpp.o
2026-04-23T21:50:18.6588225Z [ 29%] Building CXX object third-party/Catch2/src/CMakeFiles/Catch2.dir/catch2/internal/catch_uncaught_exceptions.cpp.o
2026-04-23T21:50:18.6681251Z [ 29%] Building CXX object third-party/Catch2/src/CMakeFiles/Catch2.dir/catch2/internal/catch_wildcard_pattern.cpp.o
2026-04-23T21:50:18.6796947Z [ 29%] Building CXX object third-party/Catch2/src/CMakeFiles/Catch2.dir/catch2/internal/catch_xmlwriter.cpp.o
2026-04-23T21:50:18.6911695Z [ 29%] Building CXX object third-party/Catch2/src/CMakeFiles/Catch2.dir/catch2/matchers/catch_matchers.cpp.o
2026-04-23T21:50:18.7026657Z [ 29%] Building CXX object third-party/Catch2/src/CMakeFiles/Catch2.dir/catch2/matchers/catch_matchers_container_properties.cpp.o
2026-04-23T21:50:18.7146422Z [ 30%] Building CXX object third-party/Catch2/src/CMakeFiles/Catch2.dir/catch2/matchers/catch_matchers_exception.cpp.o
2026-04-23T21:50:18.7263281Z [ 30%] Building CXX object third-party/Catch2/src/CMakeFiles/Catch2.dir/catch2/matchers/catch_matchers_floating_point.cpp.o
2026-04-23T21:50:18.7388797Z [ 30%] Building CXX object third-party/Catch2/src/CMakeFiles/Catch2.dir/catch2/matchers/catch_matchers_predicate.cpp.o
2026-04-23T21:50:18.7506204Z [ 30%] Building CXX object third-party/Catch2/src/CMakeFiles/Catch2.dir/catch2/matchers/catch_matchers_quantifiers.cpp.o
2026-04-23T21:50:18.7626605Z [ 30%] Building CXX object third-party/Catch2/src/CMakeFiles/Catch2.dir/catch2/matchers/catch_matchers_string.cpp.o
2026-04-23T21:50:18.7754943Z [ 30%] Building CXX object third-party/Catch2/src/CMakeFiles/Catch2.dir/catch2/matchers/catch_matchers_templated.cpp.o
2026-04-23T21:50:18.7873813Z [ 30%] Building CXX object third-party/Catch2/src/CMakeFiles/Catch2.dir/catch2/matchers/internal/catch_matchers_impl.cpp.o
2026-04-23T21:50:18.7988693Z [ 30%] Linking CXX static library ../../../lib/libCatch2.a
2026-04-23T21:50:18.8543242Z [ 30%] Built target Catch2
2026-04-23T21:50:18.8696716Z [ 30%] Building CXX object third-party/Catch2/src/CMakeFiles/Catch2WithMain.dir/catch2/internal/catch_main.cpp.o
2026-04-23T21:50:18.8821410Z [ 30%] Linking CXX static library ../../../lib/libCatch2Main.a
2026-04-23T21:50:18.9059012Z [ 30%] Built target Catch2WithMain
2026-04-23T21:50:18.9240629Z [ 30%] Building CXX object third-party/libzmq/CMakeFiles/objects.dir/src/precompiled.cpp.o
2026-04-23T21:50:18.9335495Z [ 30%] Building CXX object third-party/libzmq/CMakeFiles/objects.dir/src/address.cpp.o
2026-04-23T21:50:18.9469038Z [ 30%] Building CXX object third-party/libzmq/CMakeFiles/objects.dir/src/channel.cpp.o
2026-04-23T21:50:18.9602389Z [ 30%] Building CXX object third-party/libzmq/CMakeFiles/objects.dir/src/client.cpp.o
2026-04-23T21:50:18.9735215Z [ 30%] Building CXX object third-party/libzmq/CMakeFiles/objects.dir/src/clock.cpp.o
2026-04-23T21:50:18.9839691Z [ 30%] Building CXX object third-party/libzmq/CMakeFiles/objects.dir/src/ctx.cpp.o
2026-04-23T21:50:18.9973000Z [ 30%] Building CXX object third-party/libzmq/CMakeFiles/objects.dir/src/curve_mechanism_base.cpp.o
2026-04-23T21:50:19.0101552Z [ 30%] Building CXX object third-party/libzmq/CMakeFiles/objects.dir/src/curve_client.cpp.o
2026-04-23T21:50:19.0199660Z [ 30%] Building CXX object third-party/libzmq/CMakeFiles/objects.dir/src/curve_server.cpp.o
2026-04-23T21:50:19.0298514Z [ 31%] Building CXX object third-party/libzmq/CMakeFiles/objects.dir/src/dealer.cpp.o
2026-04-23T21:50:19.0429784Z [ 31%] Building CXX object third-party/libzmq/CMakeFiles/objects.dir/src/devpoll.cpp.o
2026-04-23T21:50:19.0558674Z [ 31%] Building CXX object third-party/libzmq/CMakeFiles/objects.dir/src/dgram.cpp.o
2026-04-23T21:50:19.0691028Z [ 31%] Building CXX object third-party/libzmq/CMakeFiles/objects.dir/src/dist.cpp.o
2026-04-23T21:50:19.0820566Z [ 31%] Building CXX object third-party/libzmq/CMakeFiles/objects.dir/src/endpoint.cpp.o
2026-04-23T21:50:19.0929969Z [ 31%] Building CXX object third-party/libzmq/CMakeFiles/objects.dir/src/epoll.cpp.o
2026-04-23T21:50:19.1057350Z [ 31%] Building CXX object third-party/libzmq/CMakeFiles/objects.dir/src/err.cpp.o
2026-04-23T21:50:19.1159560Z [ 31%] Building CXX object third-party/libzmq/CMakeFiles/objects.dir/src/fq.cpp.o
2026-04-23T21:50:19.1291117Z [ 31%] Building CXX object third-party/libzmq/CMakeFiles/objects.dir/src/io_object.cpp.o
2026-04-23T21:50:19.1418242Z [ 31%] Building CXX object third-party/libzmq/CMakeFiles/objects.dir/src/io_thread.cpp.o
2026-04-23T21:50:19.1551304Z [ 31%] Building CXX object third-party/libzmq/CMakeFiles/objects.dir/src/ip.cpp.o
2026-04-23T21:50:19.1668133Z [ 32%] Building CXX object third-party/libzmq/CMakeFiles/objects.dir/src/ipc_address.cpp.o
2026-04-23T21:50:19.1778312Z [ 32%] Building CXX object third-party/libzmq/CMakeFiles/objects.dir/src/ipc_connecter.cpp.o
2026-04-23T21:50:19.1904565Z [ 32%] Building CXX object third-party/libzmq/CMakeFiles/objects.dir/src/ipc_listener.cpp.o
2026-04-23T21:50:19.2036011Z [ 32%] Building CXX object third-party/libzmq/CMakeFiles/objects.dir/src/kqueue.cpp.o
2026-04-23T21:50:19.2165051Z [ 32%] Building CXX object third-party/libzmq/CMakeFiles/objects.dir/src/lb.cpp.o
2026-04-23T21:50:19.2295069Z [ 32%] Building CXX object third-party/libzmq/CMakeFiles/objects.dir/src/mailbox.cpp.o
2026-04-23T21:50:19.2415894Z [ 32%] Building CXX object third-party/libzmq/CMakeFiles/objects.dir/src/mailbox_safe.cpp.o
2026-04-23T21:50:19.2547345Z [ 32%] Building CXX object third-party/libzmq/CMakeFiles/objects.dir/src/mechanism.cpp.o
2026-04-23T21:50:19.2679750Z [ 32%] Building CXX object third-party/libzmq/CMakeFiles/objects.dir/src/mechanism_base.cpp.o
2026-04-23T21:50:19.2810742Z [ 32%] Building CXX object third-party/libzmq/CMakeFiles/objects.dir/src/metadata.cpp.o
2026-04-23T21:50:19.2928566Z [ 32%] Building CXX object third-party/libzmq/CMakeFiles/objects.dir/src/msg.cpp.o
2026-04-23T21:50:19.3047548Z [ 33%] Building CXX object third-party/libzmq/CMakeFiles/objects.dir/src/mtrie.cpp.o
2026-04-23T21:50:19.3171419Z [ 33%] Building CXX object third-party/libzmq/CMakeFiles/objects.dir/src/norm_engine.cpp.o
2026-04-23T21:50:19.3267897Z [ 33%] Building CXX object third-party/libzmq/CMakeFiles/objects.dir/src/object.cpp.o
2026-04-23T21:50:19.3399901Z [ 33%] Building CXX object third-party/libzmq/CMakeFiles/objects.dir/src/options.cpp.o
2026-04-23T21:50:19.3521802Z [ 33%] Building CXX object third-party/libzmq/CMakeFiles/objects.dir/src/own.cpp.o
2026-04-23T21:50:19.3647698Z [ 33%] Building CXX object third-party/libzmq/CMakeFiles/objects.dir/src/null_mechanism.cpp.o
2026-04-23T21:50:19.3773729Z [ 33%] Building CXX object third-party/libzmq/CMakeFiles/objects.dir/src/pair.cpp.o
2026-04-23T21:50:19.3903890Z [ 33%] Building CXX object third-party/libzmq/CMakeFiles/objects.dir/src/peer.cpp.o
2026-04-23T21:50:19.4031346Z [ 33%] Building CXX object third-party/libzmq/CMakeFiles/objects.dir/src/pgm_receiver.cpp.o
2026-04-23T21:50:19.4126504Z [ 33%] Building CXX object third-party/libzmq/CMakeFiles/objects.dir/src/pgm_sender.cpp.o
2026-04-23T21:50:19.4219627Z [ 33%] Building CXX object third-party/libzmq/CMakeFiles/objects.dir/src/pgm_socket.cpp.o
2026-04-23T21:50:19.4312401Z [ 34%] Building CXX object third-party/libzmq/CMakeFiles/objects.dir/src/pipe.cpp.o
2026-04-23T21:50:19.4442831Z [ 34%] Building CXX object third-party/libzmq/CMakeFiles/objects.dir/src/plain_client.cpp.o
2026-04-23T21:50:19.4572793Z [ 34%] Building CXX object third-party/libzmq/CMakeFiles/objects.dir/src/plain_server.cpp.o
2026-04-23T21:50:19.4701091Z [ 34%] Building CXX object third-party/libzmq/CMakeFiles/objects.dir/src/poll.cpp.o
2026-04-23T21:50:19.4825596Z [ 34%] Building CXX object third-party/libzmq/CMakeFiles/objects.dir/src/poller_base.cpp.o
2026-04-23T21:50:19.4953096Z [ 34%] Building CXX object third-party/libzmq/CMakeFiles/objects.dir/src/polling_util.cpp.o
2026-04-23T21:50:19.5069240Z [ 34%] Building CXX object third-party/libzmq/CMakeFiles/objects.dir/src/pollset.cpp.o
2026-04-23T21:50:19.5197802Z [ 34%] Building CXX object third-party/libzmq/CMakeFiles/objects.dir/src/proxy.cpp.o
2026-04-23T21:50:19.5329086Z [ 34%] Building CXX object third-party/libzmq/CMakeFiles/objects.dir/src/pub.cpp.o
2026-04-23T21:50:19.5459391Z [ 34%] Building CXX object third-party/libzmq/CMakeFiles/objects.dir/src/pull.cpp.o
2026-04-23T21:50:19.5585740Z [ 34%] Building CXX object third-party/libzmq/CMakeFiles/objects.dir/src/push.cpp.o
2026-04-23T21:50:19.5711218Z [ 35%] Building CXX object third-party/libzmq/CMakeFiles/objects.dir/src/random.cpp.o
2026-04-23T21:50:19.5811607Z [ 35%] Building CXX object third-party/libzmq/CMakeFiles/objects.dir/src/raw_encoder.cpp.o
2026-04-23T21:50:19.5933381Z [ 35%] Building CXX object third-party/libzmq/CMakeFiles/objects.dir/src/raw_decoder.cpp.o
2026-04-23T21:50:19.6050435Z [ 35%] Building CXX object third-party/libzmq/CMakeFiles/objects.dir/src/raw_engine.cpp.o
2026-04-23T21:50:19.6182298Z [ 35%] Building CXX object third-party/libzmq/CMakeFiles/objects.dir/src/reaper.cpp.o
2026-04-23T21:50:19.6311163Z [ 35%] Building CXX object third-party/libzmq/CMakeFiles/objects.dir/src/rep.cpp.o
2026-04-23T21:50:19.6437879Z [ 35%] Building CXX object third-party/libzmq/CMakeFiles/objects.dir/src/req.cpp.o
2026-04-23T21:50:19.6566843Z [ 35%] Building CXX object third-party/libzmq/CMakeFiles/objects.dir/src/router.cpp.o
2026-04-23T21:50:19.6699679Z [ 35%] Building CXX object third-party/libzmq/CMakeFiles/objects.dir/src/select.cpp.o
2026-04-23T21:50:19.6825869Z [ 35%] Building CXX object third-party/libzmq/CMakeFiles/objects.dir/src/server.cpp.o
2026-04-23T21:50:19.6955245Z [ 35%] Building CXX object third-party/libzmq/CMakeFiles/objects.dir/src/session_base.cpp.o
2026-04-23T21:50:19.7088572Z [ 36%] Building CXX object third-party/libzmq/CMakeFiles/objects.dir/src/signaler.cpp.o
2026-04-23T21:50:19.7214084Z [ 36%] Building CXX object third-party/libzmq/CMakeFiles/objects.dir/src/socket_base.cpp.o
2026-04-23T21:50:19.7349844Z [ 36%] Building CXX object third-party/libzmq/CMakeFiles/objects.dir/src/socks.cpp.o
2026-04-23T21:50:19.7465447Z [ 36%] Building CXX object third-party/libzmq/CMakeFiles/objects.dir/src/socks_connecter.cpp.o
2026-04-23T21:50:19.7592082Z [ 36%] Building CXX object third-party/libzmq/CMakeFiles/objects.dir/src/stream.cpp.o
2026-04-23T21:50:19.7729626Z [ 36%] Building CXX object third-party/libzmq/CMakeFiles/objects.dir/src/stream_engine_base.cpp.o
2026-04-23T21:50:19.7874276Z [ 36%] Building CXX object third-party/libzmq/CMakeFiles/objects.dir/src/sub.cpp.o
2026-04-23T21:50:19.8012942Z [ 36%] Building CXX object third-party/libzmq/CMakeFiles/objects.dir/src/tcp.cpp.o
2026-04-23T21:50:19.8141129Z [ 36%] Building CXX object third-party/libzmq/CMakeFiles/objects.dir/src/tcp_address.cpp.o
2026-04-23T21:50:19.8260808Z [ 36%] Building CXX object third-party/libzmq/CMakeFiles/objects.dir/src/tcp_connecter.cpp.o
2026-04-23T21:50:19.8391922Z [ 36%] Building CXX object third-party/libzmq/CMakeFiles/objects.dir/src/tcp_listener.cpp.o
2026-04-23T21:50:19.8519857Z [ 38%] Building CXX object third-party/libzmq/CMakeFiles/objects.dir/src/thread.cpp.o
2026-04-23T21:50:19.8626917Z [ 38%] Building CXX object third-party/libzmq/CMakeFiles/objects.dir/src/trie.cpp.o
2026-04-23T21:50:19.8742740Z [ 38%] Building CXX object third-party/libzmq/CMakeFiles/objects.dir/src/radix_tree.cpp.o
2026-04-23T21:50:19.8861964Z [ 38%] Building CXX object third-party/libzmq/CMakeFiles/objects.dir/src/v1_decoder.cpp.o
2026-04-23T21:50:19.8983292Z [ 38%] Building CXX object third-party/libzmq/CMakeFiles/objects.dir/src/v1_encoder.cpp.o
2026-04-23T21:50:19.9113016Z [ 38%] Building CXX object third-party/libzmq/CMakeFiles/objects.dir/src/v2_decoder.cpp.o
2026-04-23T21:50:19.9250661Z [ 38%] Building CXX object third-party/libzmq/CMakeFiles/objects.dir/src/v2_encoder.cpp.o
2026-04-23T21:50:19.9382016Z [ 38%] Building CXX object third-party/libzmq/CMakeFiles/objects.dir/src/v3_1_encoder.cpp.o
2026-04-23T21:50:19.9513259Z [ 38%] Building CXX object third-party/libzmq/CMakeFiles/objects.dir/src/xpub.cpp.o
2026-04-23T21:50:19.9652791Z [ 38%] Building CXX object third-party/libzmq/CMakeFiles/objects.dir/src/xsub.cpp.o
2026-04-23T21:50:19.9791590Z [ 38%] Building CXX object third-party/libzmq/CMakeFiles/objects.dir/src/zmq.cpp.o
2026-04-23T21:50:19.9928700Z [ 39%] Building CXX object third-party/libzmq/CMakeFiles/objects.dir/src/zmq_utils.cpp.o
2026-04-23T21:50:20.0050308Z [ 39%] Building CXX object third-party/libzmq/CMakeFiles/objects.dir/src/decoder_allocators.cpp.o
2026-04-23T21:50:20.0171557Z [ 39%] Building CXX object third-party/libzmq/CMakeFiles/objects.dir/src/socket_poller.cpp.o
2026-04-23T21:50:20.0302742Z [ 39%] Building CXX object third-party/libzmq/CMakeFiles/objects.dir/src/timers.cpp.o
2026-04-23T21:50:20.0417198Z [ 39%] Building CXX object third-party/libzmq/CMakeFiles/objects.dir/src/radio.cpp.o
2026-04-23T21:50:20.0548545Z [ 39%] Building CXX object third-party/libzmq/CMakeFiles/objects.dir/src/dish.cpp.o
2026-04-23T21:50:20.0681032Z [ 39%] Building CXX object third-party/libzmq/CMakeFiles/objects.dir/src/udp_engine.cpp.o
2026-04-23T21:50:20.0815277Z [ 39%] Building CXX object third-party/libzmq/CMakeFiles/objects.dir/src/udp_address.cpp.o
2026-04-23T21:50:20.0940266Z [ 39%] Building CXX object third-party/libzmq/CMakeFiles/objects.dir/src/scatter.cpp.o
2026-04-23T21:50:20.1076395Z [ 39%] Building CXX object third-party/libzmq/CMakeFiles/objects.dir/src/gather.cpp.o
2026-04-23T21:50:20.1210254Z [ 39%] Building CXX object third-party/libzmq/CMakeFiles/objects.dir/src/ip_resolver.cpp.o
2026-04-23T21:50:20.1326562Z [ 40%] Building CXX object third-party/libzmq/CMakeFiles/objects.dir/src/zap_client.cpp.o
2026-04-23T21:50:20.1456644Z [ 40%] Building CXX object third-party/libzmq/CMakeFiles/objects.dir/src/zmtp_engine.cpp.o
2026-04-23T21:50:20.1589467Z [ 40%] Building CXX object third-party/libzmq/CMakeFiles/objects.dir/src/stream_connecter_base.cpp.o
2026-04-23T21:50:20.1717097Z [ 40%] Building CXX object third-party/libzmq/CMakeFiles/objects.dir/src/stream_listener_base.cpp.o
2026-04-23T21:50:20.1842034Z [ 40%] Building CXX object third-party/libzmq/CMakeFiles/objects.dir/src/tipc_address.cpp.o
2026-04-23T21:50:20.1954635Z [ 40%] Building CXX object third-party/libzmq/CMakeFiles/objects.dir/src/tipc_connecter.cpp.o
2026-04-23T21:50:20.2078656Z [ 40%] Building CXX object third-party/libzmq/CMakeFiles/objects.dir/src/tipc_listener.cpp.o
2026-04-23T21:50:20.2208221Z [ 40%] Built target objects
2026-04-23T21:50:20.2360391Z [ 40%] Linking CXX shared library ../../lib/libzmq.so
2026-04-23T21:50:20.3244597Z [ 40%] Built target libzmq
2026-04-23T21:50:20.3398383Z [ 40%] Linking CXX static library ../../lib/libzmq.a
2026-04-23T21:50:20.3922167Z [ 40%] Built target libzmq-static
2026-04-23T21:50:20.4082481Z [ 40%] Generating src_generated/open62541/types_generated.c, src_generated/open62541/types_generated.h
2026-04-23T21:50:20.5149129Z [ 40%] Built target open62541-generator-types
2026-04-23T21:50:20.5300564Z [ 40%] Generating src_generated/open62541/namespace0_generated.c, src_generated/open62541/namespace0_generated.h
2026-04-23T21:50:20.5682641Z INFO:__main__:Preprocessing /__w/quasar/quasar/cmake-projects/third-party/open62541/tools/schema/Opc.Ua.NodeSet2.Reduced.xml
2026-04-23T21:50:20.5987154Z INFO:__main__:Preprocessing /__w/quasar/quasar/cmake-projects/third-party/open62541/tools/schema/Opc.Ua.NodeSet2.DiagnosticsMinimal.xml
2026-04-23T21:50:20.6542930Z INFO:__main__:Preprocessing /__w/quasar/quasar/cmake-projects/third-party/open62541/tools/schema/Opc.Ua.NodeSet2.EventsMinimal.xml
2026-04-23T21:50:20.6664444Z INFO:__main__:Preprocessing /__w/quasar/quasar/cmake-projects/third-party/open62541/tools/schema/Opc.Ua.NodeSet2.HistorizingMinimal.xml
2026-04-23T21:50:20.6687617Z INFO:__main__:Preprocessing /__w/quasar/quasar/cmake-projects/third-party/open62541/tools/schema/Opc.Ua.NodeSet2.PubSubMinimal.xml
2026-04-23T21:50:20.7128748Z INFO:__main__:Preprocessing /__w/quasar/quasar/cmake-projects/third-party/open62541/tools/schema/Opc.Ua.NodeSet2.Part8_Subset.xml
2026-04-23T21:50:20.8525702Z INFO:__main__:Generating Code for Backend: open62541
2026-04-23T21:50:20.9925234Z INFO:__main__:NodeSet generation code successfully printed
2026-04-23T21:50:21.0632978Z [ 40%] Built target open62541-generator-namespace
2026-04-23T21:50:21.0785760Z [ 40%] Generating src_generated/open62541/transport_generated.c, src_generated/open62541/transport_generated.h
2026-04-23T21:50:21.1696393Z [ 40%] Built target open62541-generator-transport
2026-04-23T21:50:21.1848430Z [ 40%] Generating src_generated/open62541/nodeids.h
2026-04-23T21:50:21.2417204Z [ 40%] Generating src_generated/open62541/statuscodes.h, src_generated/open62541/statuscodes.c
2026-04-23T21:50:21.2694795Z [ 40%] Built target open62541-generator-statuscode
2026-04-23T21:50:21.2846309Z [ 40%] Built target open62541-code-generation
2026-04-23T21:50:21.3029214Z [ 41%] Building C object third-party/open62541/CMakeFiles/open62541-object.dir/src/ua_types.c.o
2026-04-23T21:50:21.3160454Z [ 41%] Building C object third-party/open62541/CMakeFiles/open62541-object.dir/src/ua_types_definition.c.o
2026-04-23T21:50:21.3287434Z [ 41%] Building C object third-party/open62541/CMakeFiles/open62541-object.dir/src/ua_types_encoding_binary.c.o
2026-04-23T21:50:21.3416290Z [ 41%] Building C object third-party/open62541/CMakeFiles/open62541-object.dir/src_generated/open62541/types_generated.c.o
2026-04-23T21:50:21.3543260Z [ 41%] Building C object third-party/open62541/CMakeFiles/open62541-object.dir/src_generated/open62541/transport_generated.c.o
2026-04-23T21:50:21.3661181Z [ 41%] Building C object third-party/open62541/CMakeFiles/open62541-object.dir/src_generated/open62541/statuscodes.c.o
2026-04-23T21:50:21.3779834Z [ 41%] Building C object third-party/open62541/CMakeFiles/open62541-object.dir/src/util/ua_util.c.o
2026-04-23T21:50:21.3904225Z [ 41%] Building C object third-party/open62541/CMakeFiles/open62541-object.dir/src/util/ua_types_lex.c.o
2026-04-23T21:50:21.4029940Z [ 41%] Building C object third-party/open62541/CMakeFiles/open62541-object.dir/src/util/ua_encryptedsecret.c.o
2026-04-23T21:50:21.4159251Z [ 41%] Building C object third-party/open62541/CMakeFiles/open62541-object.dir/src/ua_securechannel.c.o
2026-04-23T21:50:21.4287237Z [ 41%] Building C object third-party/open62541/CMakeFiles/open62541-object.dir/src/ua_securechannel_crypto.c.o
2026-04-23T21:50:21.4415791Z [ 42%] Building C object third-party/open62541/CMakeFiles/open62541-object.dir/src/server/ua_session.c.o
2026-04-23T21:50:21.4542292Z [ 42%] Building C object third-party/open62541/CMakeFiles/open62541-object.dir/src/server/ua_nodes.c.o
2026-04-23T21:50:21.4667300Z [ 42%] Building C object third-party/open62541/CMakeFiles/open62541-object.dir/src/server/ua_server.c.o
2026-04-23T21:50:21.4791001Z [ 42%] Building C object third-party/open62541/CMakeFiles/open62541-object.dir/src/server/ua_server_ns0.c.o
2026-04-23T21:50:21.4913821Z [ 42%] Building C object third-party/open62541/CMakeFiles/open62541-object.dir/src/server/ua_server_ns0_diagnostics.c.o
2026-04-23T21:50:21.5033803Z [ 42%] Building C object third-party/open62541/CMakeFiles/open62541-object.dir/src/server/ua_server_ns0_gds.c.o
2026-04-23T21:50:21.5154918Z [ 42%] Building C object third-party/open62541/CMakeFiles/open62541-object.dir/src/server/ua_server_config.c.o
2026-04-23T21:50:21.5278732Z [ 42%] Building C object third-party/open62541/CMakeFiles/open62541-object.dir/src/server/ua_server_binary.c.o
2026-04-23T21:50:21.5408658Z [ 42%] Building C object third-party/open62541/CMakeFiles/open62541-object.dir/src/server/ua_server_utils.c.o
2026-04-23T21:50:21.5534693Z [ 42%] Building C object third-party/open62541/CMakeFiles/open62541-object.dir/src/server/ua_server_auditing.c.o
2026-04-23T21:50:21.5660583Z [ 42%] Building C object third-party/open62541/CMakeFiles/open62541-object.dir/src/server/ua_server_async.c.o
2026-04-23T21:50:21.5791564Z [ 43%] Building C object third-party/open62541/CMakeFiles/open62541-object.dir/src/server/ua_subscription.c.o
2026-04-23T21:50:21.5920099Z [ 43%] Building C object third-party/open62541/CMakeFiles/open62541-object.dir/src/server/ua_subscription_datachange.c.o
2026-04-23T21:50:21.6048501Z [ 43%] Building C object third-party/open62541/CMakeFiles/open62541-object.dir/src/server/ua_subscription_event.c.o
2026-04-23T21:50:21.6177016Z [ 43%] Building C object third-party/open62541/CMakeFiles/open62541-object.dir/src/server/ua_subscription_alarms_conditions.c.o
2026-04-23T21:50:21.6308454Z [ 43%] Building C object third-party/open62541/CMakeFiles/open62541-object.dir/src/server/ua_services.c.o
2026-04-23T21:50:21.6434685Z [ 43%] Building C object third-party/open62541/CMakeFiles/open62541-object.dir/src/server/ua_services_view.c.o
2026-04-23T21:50:21.6559644Z [ 43%] Building C object third-party/open62541/CMakeFiles/open62541-object.dir/src/server/ua_services_method.c.o
2026-04-23T21:50:21.6685460Z [ 43%] Building C object third-party/open62541/CMakeFiles/open62541-object.dir/src/server/ua_services_session.c.o
2026-04-23T21:50:21.6812024Z [ 43%] Building C object third-party/open62541/CMakeFiles/open62541-object.dir/src/server/ua_services_attribute.c.o
2026-04-23T21:50:21.6947379Z [ 43%] Building C object third-party/open62541/CMakeFiles/open62541-object.dir/src/server/ua_services_discovery.c.o
2026-04-23T21:50:21.7076956Z [ 43%] Building C object third-party/open62541/CMakeFiles/open62541-object.dir/src/server/ua_services_subscription.c.o
2026-04-23T21:50:21.7205677Z [ 44%] Building C object third-party/open62541/CMakeFiles/open62541-object.dir/src/server/ua_services_monitoreditem.c.o
2026-04-23T21:50:21.7330204Z [ 44%] Building C object third-party/open62541/CMakeFiles/open62541-object.dir/src/server/ua_services_securechannel.c.o
2026-04-23T21:50:21.7455959Z [ 44%] Building C object third-party/open62541/CMakeFiles/open62541-object.dir/src/server/ua_services_nodemanagement.c.o
2026-04-23T21:50:21.7584609Z [ 44%] Building C object third-party/open62541/CMakeFiles/open62541-object.dir/src/client/ua_client.c.o
2026-04-23T21:50:21.7708722Z [ 44%] Building C object third-party/open62541/CMakeFiles/open62541-object.dir/src/client/ua_client_connect.c.o
2026-04-23T21:50:21.7832733Z [ 44%] Building C object third-party/open62541/CMakeFiles/open62541-object.dir/src/client/ua_client_discovery.c.o
2026-04-23T21:50:21.7955110Z [ 44%] Building C object third-party/open62541/CMakeFiles/open62541-object.dir/src/client/ua_client_highlevel.c.o
2026-04-23T21:50:21.8079962Z [ 44%] Building C object third-party/open62541/CMakeFiles/open62541-object.dir/src/client/ua_client_subscriptions.c.o
2026-04-23T21:50:21.8205558Z [ 44%] Building C object third-party/open62541/CMakeFiles/open62541-object.dir/src/client/ua_client_util.c.o
2026-04-23T21:50:21.8329136Z [ 44%] Building C object third-party/open62541/CMakeFiles/open62541-object.dir/deps/libc_time.c.o
2026-04-23T21:50:21.8419243Z [ 45%] Building C object third-party/open62541/CMakeFiles/open62541-object.dir/deps/pcg_basic.c.o
2026-04-23T21:50:21.8510378Z [ 45%] Building C object third-party/open62541/CMakeFiles/open62541-object.dir/deps/base64.c.o
2026-04-23T21:50:21.8630011Z [ 45%] Building C object third-party/open62541/CMakeFiles/open62541-object.dir/deps/dtoa.c.o
2026-04-23T21:50:21.8722369Z [ 45%] Building C object third-party/open62541/CMakeFiles/open62541-object.dir/deps/musl_inet_pton.c.o
2026-04-23T21:50:21.8842250Z [ 45%] Building C object third-party/open62541/CMakeFiles/open62541-object.dir/deps/mp_printf.c.o
2026-04-23T21:50:21.8960831Z [ 45%] Building C object third-party/open62541/CMakeFiles/open62541-object.dir/deps/utf8.c.o
2026-04-23T21:50:21.9051434Z [ 45%] Building C object third-party/open62541/CMakeFiles/open62541-object.dir/deps/itoa.c.o
2026-04-23T21:50:21.9172800Z [ 45%] Building C object third-party/open62541/CMakeFiles/open62541-object.dir/deps/ziptree.c.o
2026-04-23T21:50:21.9262661Z [ 45%] Building C object third-party/open62541/CMakeFiles/open62541-object.dir/deps/parse_num.c.o
2026-04-23T21:50:21.9352658Z [ 45%] Building C object third-party/open62541/CMakeFiles/open62541-object.dir/src_generated/open62541/namespace0_generated.c.o
2026-04-23T21:50:21.9508019Z [ 45%] Building C object third-party/open62541/CMakeFiles/open62541-object.dir/src/util/ua_eventfilter_parser.c.o
2026-04-23T21:50:21.9628986Z [ 46%] Building C object third-party/open62541/CMakeFiles/open62541-object.dir/src/util/ua_eventfilter_lex.c.o
2026-04-23T21:50:21.9750742Z [ 46%] Building C object third-party/open62541/CMakeFiles/open62541-object.dir/src/util/ua_eventfilter_grammar.c.o
2026-04-23T21:50:21.9871206Z [ 46%] Building C object third-party/open62541/CMakeFiles/open62541-object.dir/deps/cj5.c.o
2026-04-23T21:50:21.9963680Z [ 46%] Building C object third-party/open62541/CMakeFiles/open62541-object.dir/src/ua_types_encoding_json.c.o
2026-04-23T21:50:22.0089666Z [ 46%] Building C object third-party/open62541/CMakeFiles/open62541-object.dir/src/pubsub/ua_pubsub_networkmessage_json.c.o
2026-04-23T21:50:22.0211345Z [ 46%] Building C object third-party/open62541/CMakeFiles/open62541-object.dir/src/pubsub/ua_pubsub_networkmessage_binary.c.o
2026-04-23T21:50:22.0333520Z [ 46%] Building C object third-party/open62541/CMakeFiles/open62541-object.dir/src/pubsub/ua_pubsub_connection.c.o
2026-04-23T21:50:22.0457963Z [ 46%] Building C object third-party/open62541/CMakeFiles/open62541-object.dir/src/pubsub/ua_pubsub_dataset.c.o
2026-04-23T21:50:22.0580576Z [ 46%] Building C object third-party/open62541/CMakeFiles/open62541-object.dir/src/pubsub/ua_pubsub_writer.c.o
2026-04-23T21:50:22.0701728Z [ 46%] Building C object third-party/open62541/CMakeFiles/open62541-object.dir/src/pubsub/ua_pubsub_writergroup.c.o
2026-04-23T21:50:22.0823095Z [ 46%] Building C object third-party/open62541/CMakeFiles/open62541-object.dir/src/pubsub/ua_pubsub_reader.c.o
2026-04-23T21:50:22.0952172Z [ 47%] Building C object third-party/open62541/CMakeFiles/open62541-object.dir/src/pubsub/ua_pubsub_readergroup.c.o
2026-04-23T21:50:22.1086807Z [ 47%] Building C object third-party/open62541/CMakeFiles/open62541-object.dir/src/pubsub/ua_pubsub_manager.c.o
2026-04-23T21:50:22.1218105Z [ 47%] Building C object third-party/open62541/CMakeFiles/open62541-object.dir/src/pubsub/ua_pubsub_ns0.c.o
2026-04-23T21:50:22.1349668Z [ 47%] Building C object third-party/open62541/CMakeFiles/open62541-object.dir/src/pubsub/ua_pubsub_ns0_sks.c.o
2026-04-23T21:50:22.1472356Z [ 47%] Building C object third-party/open62541/CMakeFiles/open62541-object.dir/src/pubsub/ua_pubsub_keystorage.c.o
2026-04-23T21:50:22.1592316Z [ 47%] Building C object third-party/open62541/CMakeFiles/open62541-object.dir/src/pubsub/ua_pubsub_securitygroup.c.o
2026-04-23T21:50:22.1711497Z [ 47%] Building C object third-party/open62541/CMakeFiles/open62541-object.dir/src/pubsub/ua_pubsub_config.c.o
2026-04-23T21:50:22.1836078Z [ 47%] Building C object third-party/open62541/CMakeFiles/open62541-object.dir/deps/yxml.c.o
2026-04-23T21:50:22.1928878Z [ 47%] Building C object third-party/open62541/CMakeFiles/open62541-object.dir/src/ua_types_encoding_xml.c.o
2026-04-23T21:50:22.2053062Z [ 47%] Building C object third-party/open62541/CMakeFiles/open62541-object.dir/src/server/ua_discovery.c.o
2026-04-23T21:50:22.2178631Z [ 47%] Built target open62541-object
2026-04-23T21:50:22.2338864Z [ 47%] Building C object third-party/open62541/CMakeFiles/open62541-plugins.dir/plugins/ua_log_stdout.c.o
2026-04-23T21:50:22.2464746Z [ 48%] Building C object third-party/open62541/CMakeFiles/open62541-plugins.dir/plugins/ua_accesscontrol_default.c.o
2026-04-23T21:50:22.2591123Z [ 48%] Building C object third-party/open62541/CMakeFiles/open62541-plugins.dir/plugins/ua_nodestore_ziptree.c.o
2026-04-23T21:50:22.2713824Z [ 48%] Building C object third-party/open62541/CMakeFiles/open62541-plugins.dir/plugins/ua_config_default.c.o
2026-04-23T21:50:22.4872508Z [ 48%] Building C object third-party/open62541/CMakeFiles/open62541-plugins.dir/plugins/crypto/ua_certificategroup_none.c.o
2026-04-23T21:50:22.4995580Z [ 48%] Building C object third-party/open62541/CMakeFiles/open62541-plugins.dir/plugins/crypto/ua_securitypolicy_none.c.o
2026-04-23T21:50:22.5128129Z [ 48%] Building C object third-party/open62541/CMakeFiles/open62541-plugins.dir/arch/posix/clock_posix.c.o
2026-04-23T21:50:22.5246695Z [ 48%] Building C object third-party/open62541/CMakeFiles/open62541-plugins.dir/arch/common/timer.c.o
2026-04-23T21:50:22.5368150Z [ 48%] Building C object third-party/open62541/CMakeFiles/open62541-plugins.dir/arch/common/eventloop_common.c.o
2026-04-23T21:50:22.5485237Z [ 48%] Building C object third-party/open62541/CMakeFiles/open62541-plugins.dir/arch/posix/eventloop_posix.c.o
2026-04-23T21:50:22.5616363Z [ 48%] Building C object third-party/open62541/CMakeFiles/open62541-plugins.dir/arch/posix/eventloop_posix_tcp.c.o
2026-04-23T21:50:22.5748549Z [ 48%] Building C object third-party/open62541/CMakeFiles/open62541-plugins.dir/arch/posix/eventloop_posix_udp.c.o
2026-04-23T21:50:22.5881341Z [ 50%] Building C object third-party/open62541/CMakeFiles/open62541-plugins.dir/arch/posix/eventloop_posix_eth.c.o
2026-04-23T21:50:22.6014233Z [ 50%] Building C object third-party/open62541/CMakeFiles/open62541-plugins.dir/arch/posix/eventloop_posix_interrupt.c.o
2026-04-23T21:50:22.6145077Z [ 50%] Building C object third-party/open62541/CMakeFiles/open62541-plugins.dir/plugins/ua_config_json.c.o
2026-04-23T21:50:22.6270932Z [ 50%] Building C object third-party/open62541/CMakeFiles/open62541-plugins.dir/plugins/historydata/ua_history_data_backend_memory.c.o
2026-04-23T21:50:22.6395762Z [ 50%] Building C object third-party/open62541/CMakeFiles/open62541-plugins.dir/plugins/historydata/ua_history_data_gathering_default.c.o
2026-04-23T21:50:22.6516625Z [ 50%] Building C object third-party/open62541/CMakeFiles/open62541-plugins.dir/plugins/historydata/ua_history_database_default.c.o
2026-04-23T21:50:22.6639952Z [ 50%] Building C object third-party/open62541/CMakeFiles/open62541-plugins.dir/plugins/ua_log_syslog.c.o
2026-04-23T21:50:22.6756538Z [ 50%] Building C object third-party/open62541/CMakeFiles/open62541-plugins.dir/plugins/crypto/ua_filestore_common.c.o
2026-04-23T21:50:22.6887426Z [ 50%] Building C object third-party/open62541/CMakeFiles/open62541-plugins.dir/plugins/crypto/ua_certificategroup_filestore.c.o
2026-04-23T21:50:22.7018477Z [ 50%] Building C object third-party/open62541/CMakeFiles/open62541-plugins.dir/plugins/crypto/ua_securitypolicy_filestore.c.o
2026-04-23T21:50:22.7145215Z [ 50%] Building C object third-party/open62541/CMakeFiles/open62541-plugins.dir/plugins/crypto/openssl/securitypolicy_common.c.o
2026-04-23T21:50:22.7281062Z [ 51%] Building C object third-party/open62541/CMakeFiles/open62541-plugins.dir/plugins/crypto/openssl/securitypolicy_basic128rsa15.c.o
2026-04-23T21:50:22.7410275Z [ 51%] Building C object third-party/open62541/CMakeFiles/open62541-plugins.dir/plugins/crypto/openssl/securitypolicy_basic256.c.o
2026-04-23T21:50:22.7539511Z [ 51%] Building C object third-party/open62541/CMakeFiles/open62541-plugins.dir/plugins/crypto/openssl/securitypolicy_basic256sha256.c.o
2026-04-23T21:50:22.7671223Z [ 51%] Building C object third-party/open62541/CMakeFiles/open62541-plugins.dir/plugins/crypto/openssl/securitypolicy_aes128sha256rsaoaep.c.o
2026-04-23T21:50:22.7803458Z [ 51%] Building C object third-party/open62541/CMakeFiles/open62541-plugins.dir/plugins/crypto/openssl/securitypolicy_aes256sha256rsapss.c.o
2026-04-23T21:50:22.7936739Z [ 51%] Building C object third-party/open62541/CMakeFiles/open62541-plugins.dir/plugins/crypto/openssl/securitypolicy_eccnistp256.c.o
2026-04-23T21:50:22.8068328Z [ 51%] Building C object third-party/open62541/CMakeFiles/open62541-plugins.dir/plugins/crypto/openssl/create_certificate.c.o
2026-04-23T21:50:22.8199201Z [ 51%] Building C object third-party/open62541/CMakeFiles/open62541-plugins.dir/plugins/crypto/openssl/certificategroup.c.o
2026-04-23T21:50:22.8332330Z [ 51%] Built target open62541-plugins
2026-04-23T21:50:22.8489486Z [ 51%] Linking C static library ../../bin/libopen62541.a
2026-04-23T21:50:22.9139493Z [ 51%] Built target open62541
2026-04-23T21:50:22.9294700Z [ 52%] Building C object third-party/SOES/soes/CMakeFiles/soes.dir/esc.c.o
2026-04-23T21:50:22.9388471Z [ 52%] Building C object third-party/SOES/soes/CMakeFiles/soes.dir/esc_coe.c.o
2026-04-23T21:50:22.9418789Z /__w/quasar/quasar/cmake-projects/third-party/SOES/soes/esc_coe.c: In function 'SDO_upload':
2026-04-23T21:50:22.9419639Z /__w/quasar/quasar/cmake-projects/third-party/SOES/soes/esc_coe.c:362:44: warning: cast discards 'const' qualifier from pointer target type [-Wcast-qual]
2026-04-23T21:50:22.9420303Z   362 |                      (objd + nsub)->data : (void *)&((objd + nsub)->value);
2026-04-23T21:50:22.9420629Z       |                                            ^
2026-04-23T21:50:22.9421317Z /__w/quasar/quasar/cmake-projects/third-party/SOES/soes/esc_coe.c: In function 'complete_access_subindex_loop':
2026-04-23T21:50:22.9422717Z /__w/quasar/quasar/cmake-projects/third-party/SOES/soes/esc_coe.c:502:35: warning: cast discards 'const' qualifier from pointer target type [-Wcast-qual]
2026-04-23T21:50:22.9423353Z   502 |             (objd + nsub)->data : (void *)&((objd + nsub)->value);
2026-04-23T21:50:22.9423645Z       |                                   ^
2026-04-23T21:50:22.9424252Z /__w/quasar/quasar/cmake-projects/third-party/SOES/soes/esc_coe.c: In function 'SDO_getod':
2026-04-23T21:50:22.9425001Z /__w/quasar/quasar/cmake-projects/third-party/SOES/soes/esc_coe.c:1338:14: warning: cast discards 'const' qualifier from pointer target type [-Wcast-qual]
2026-04-23T21:50:22.9425630Z  1338 |          s = (uint8_t *) SDOobjects[nidx].name;
2026-04-23T21:50:22.9425899Z       |              ^
2026-04-23T21:50:22.9426249Z /__w/quasar/quasar/cmake-projects/third-party/SOES/soes/esc_coe.c: In function 'SDO_geted':
2026-04-23T21:50:22.9426971Z /__w/quasar/quasar/cmake-projects/third-party/SOES/soes/esc_coe.c:1404:17: warning: cast discards 'const' qualifier from pointer target type [-Wcast-qual]
2026-04-23T21:50:22.9427570Z  1404 |             s = (uint8_t *) (objd + nsub)->name;
2026-04-23T21:50:22.9427828Z       |                 ^
2026-04-23T21:50:22.9485133Z [ 52%] Building C object third-party/SOES/soes/CMakeFiles/soes.dir/esc_foe.c.o
2026-04-23T21:50:22.9577639Z [ 52%] Building C object third-party/SOES/soes/CMakeFiles/soes.dir/esc_eoe.c.o
2026-04-23T21:50:22.9670313Z [ 52%] Building C object third-party/SOES/soes/CMakeFiles/soes.dir/esc_eep.c.o
2026-04-23T21:50:22.9763661Z [ 52%] Building C object third-party/SOES/soes/CMakeFiles/soes.dir/ecat_slv.c.o
2026-04-23T21:50:22.9792050Z /__w/quasar/quasar/cmake-projects/third-party/SOES/soes/ecat_slv.c: In function 'ecat_slv_poll':
2026-04-23T21:50:22.9793016Z /__w/quasar/quasar/cmake-projects/third-party/SOES/soes/ecat_slv.c:306:32: warning: cast discards 'volatile' qualifier from pointer target type [-Wcast-qual]
2026-04-23T21:50:22.9794105Z   306 |    ESC_read (ESCREG_LOCALTIME, (void *) &ESCvar.Time, sizeof (ESCvar.Time));
2026-04-23T21:50:22.9794719Z       |                                ^
2026-04-23T21:50:22.9857062Z [ 52%] Building C object third-party/SOES/soes/CMakeFiles/soes.dir/hal/linux-lan9252/esc_hw.c.o
2026-04-23T21:50:22.9886373Z /__w/quasar/quasar/cmake-projects/third-party/SOES/soes/hal/linux-lan9252/esc_hw.c: In function 'ESC_read_pram':
2026-04-23T21:50:22.9887541Z /__w/quasar/quasar/cmake-projects/third-party/SOES/soes/hal/linux-lan9252/esc_hw.c:140:25: warning: request for implicit conversion from 'void *' to 'uint8_t *' {aka 'unsigned char *'} not permitted in C++ [-Wc++-compat]
2026-04-23T21:50:22.9888627Z   140 |    uint8_t * temp_buf = buf;
2026-04-23T21:50:22.9889026Z       |                         ^~~
2026-04-23T21:50:22.9889531Z /__w/quasar/quasar/cmake-projects/third-party/SOES/soes/hal/linux-lan9252/esc_hw.c: In function 'ESC_write_pram':
2026-04-23T21:50:22.9890515Z /__w/quasar/quasar/cmake-projects/third-party/SOES/soes/hal/linux-lan9252/esc_hw.c:227:25: warning: request for implicit conversion from 'void *' to 'uint8_t *' {aka 'unsigned char *'} not permitted in C++ [-Wc++-compat]
2026-04-23T21:50:22.9891309Z   227 |    uint8_t * temp_buf = buf;
2026-04-23T21:50:22.9891540Z       |                         ^~~
2026-04-23T21:50:22.9891958Z /__w/quasar/quasar/cmake-projects/third-party/SOES/soes/hal/linux-lan9252/esc_hw.c: In function 'ESC_read':
2026-04-23T21:50:22.9892788Z /__w/quasar/quasar/cmake-projects/third-party/SOES/soes/hal/linux-lan9252/esc_hw.c:364:32: warning: cast discards 'volatile' qualifier from pointer target type [-Wcast-qual]
2026-04-23T21:50:22.9893546Z   364 |    ESC_read_csr(ESCREG_ALEVENT,(void *)&ESCvar.ALevent,sizeof(ESCvar.ALevent));
2026-04-23T21:50:22.9893916Z       |                                ^
2026-04-23T21:50:22.9894550Z /__w/quasar/quasar/cmake-projects/third-party/SOES/soes/hal/linux-lan9252/esc_hw.c: In function 'ESC_write':
2026-04-23T21:50:22.9895624Z /__w/quasar/quasar/cmake-projects/third-party/SOES/soes/hal/linux-lan9252/esc_hw.c:420:32: warning: cast discards 'volatile' qualifier from pointer target type [-Wcast-qual]
2026-04-23T21:50:22.9896378Z   420 |    ESC_read_csr(ESCREG_ALEVENT,(void *)&ESCvar.ALevent,sizeof(ESCvar.ALevent));
2026-04-23T21:50:22.9896740Z       |                                ^
2026-04-23T21:50:22.9950000Z [ 52%] Linking C static library ../../../lib/libsoes.a
2026-04-23T21:50:23.0202540Z [ 52%] Built target soes
2026-04-23T21:50:23.0355192Z [ 52%] Building CXX object third-party/CppServer/modules/CppCommon/modules/CMakeFiles/fmt.dir/__/__/fmt/src/fmt-c.cc.o
2026-04-23T21:50:23.0450693Z [ 52%] Building CXX object third-party/CppServer/modules/CppCommon/modules/CMakeFiles/fmt.dir/__/__/fmt/src/format.cc.o
2026-04-23T21:50:23.0579082Z [ 52%] Building CXX object third-party/CppServer/modules/CppCommon/modules/CMakeFiles/fmt.dir/__/__/fmt/src/os.cc.o
2026-04-23T21:50:23.0703213Z [ 52%] Linking CXX static library ../../../../../lib/libfmt.a
2026-04-23T21:50:23.0959047Z [ 52%] Built target fmt
2026-04-23T21:50:23.1115159Z [ 52%] Building CXX object third-party/CppServer/modules/CMakeFiles/asio.dir/__/__/asio/asio/src/asio.cpp.o
2026-04-23T21:50:23.1292013Z [ 52%] Building CXX object third-party/CppServer/modules/CMakeFiles/asio.dir/__/__/asio/asio/src/asio_ssl.cpp.o
2026-04-23T21:50:23.1455012Z [ 52%] Linking CXX static library ../../../lib/libasio.a
2026-04-23T21:50:23.1722635Z [ 52%] Built target asio
2026-04-23T21:50:23.1893096Z [ 52%] Building CXX object third-party/CppServer/modules/CppCommon/CMakeFiles/cppcommon.dir/source/algorithms/token_bucket.cpp.o
2026-04-23T21:50:23.2034415Z [ 52%] Building CXX object third-party/CppServer/modules/CppCommon/CMakeFiles/cppcommon.dir/source/cache/filecache.cpp.o
2026-04-23T21:50:23.2177629Z [ 52%] Building CXX object third-party/CppServer/modules/CppCommon/CMakeFiles/cppcommon.dir/source/common/reader.cpp.o
2026-04-23T21:50:23.2288671Z [ 52%] Building CXX object third-party/CppServer/modules/CppCommon/CMakeFiles/cppcommon.dir/source/common/uint128.cpp.o
2026-04-23T21:50:23.2424691Z [ 52%] Building CXX object third-party/CppServer/modules/CppCommon/CMakeFiles/cppcommon.dir/source/common/uint256.cpp.o
2026-04-23T21:50:23.2562172Z [ 53%] Building CXX object third-party/CppServer/modules/CppCommon/CMakeFiles/cppcommon.dir/source/common/writer.cpp.o
2026-04-23T21:50:23.2699452Z [ 53%] Building CXX object third-party/CppServer/modules/CppCommon/CMakeFiles/cppcommon.dir/source/errors/exceptions.cpp.o
2026-04-23T21:50:23.2836751Z [ 53%] Building CXX object third-party/CppServer/modules/CppCommon/CMakeFiles/cppcommon.dir/source/errors/exceptions_handler.cpp.o
2026-04-23T21:50:23.2978448Z [ 53%] Building CXX object third-party/CppServer/modules/CppCommon/CMakeFiles/cppcommon.dir/source/errors/fatal.cpp.o
2026-04-23T21:50:23.3114183Z [ 53%] Building CXX object third-party/CppServer/modules/CppCommon/CMakeFiles/cppcommon.dir/source/errors/system_error.cpp.o
2026-04-23T21:50:23.3247418Z [ 53%] Building CXX object third-party/CppServer/modules/CppCommon/CMakeFiles/cppcommon.dir/source/filesystem/directory.cpp.o
2026-04-23T21:50:23.3395490Z [ 53%] Building CXX object third-party/CppServer/modules/CppCommon/CMakeFiles/cppcommon.dir/source/filesystem/directory_iterator.cpp.o
2026-04-23T21:50:23.3535273Z [ 53%] Building CXX object third-party/CppServer/modules/CppCommon/CMakeFiles/cppcommon.dir/source/filesystem/exceptions.cpp.o
2026-04-23T21:50:23.3673840Z [ 53%] Building CXX object third-party/CppServer/modules/CppCommon/CMakeFiles/cppcommon.dir/source/filesystem/file.cpp.o
2026-04-23T21:50:23.3815625Z [ 53%] Building CXX object third-party/CppServer/modules/CppCommon/CMakeFiles/cppcommon.dir/source/filesystem/path.cpp.o
2026-04-23T21:50:23.3964881Z [ 53%] Building CXX object third-party/CppServer/modules/CppCommon/CMakeFiles/cppcommon.dir/source/filesystem/symlink.cpp.o
2026-04-23T21:50:23.4108838Z [ 54%] Building CXX object third-party/CppServer/modules/CppCommon/CMakeFiles/cppcommon.dir/source/math/math.cpp.o
2026-04-23T21:50:23.4204463Z [ 54%] Building CXX object third-party/CppServer/modules/CppCommon/CMakeFiles/cppcommon.dir/source/memory/memory.cpp.o
2026-04-23T21:50:23.4347905Z [ 54%] Building CXX object third-party/CppServer/modules/CppCommon/CMakeFiles/cppcommon.dir/source/string/encoding.cpp.o
2026-04-23T21:50:23.4469442Z [ 54%] Building CXX object third-party/CppServer/modules/CppCommon/CMakeFiles/cppcommon.dir/source/string/string_utils.cpp.o
2026-04-23T21:50:23.4598654Z [ 54%] Building CXX object third-party/CppServer/modules/CppCommon/CMakeFiles/cppcommon.dir/source/system/console.cpp.o
2026-04-23T21:50:23.4712687Z [ 54%] Building CXX object third-party/CppServer/modules/CppCommon/CMakeFiles/cppcommon.dir/source/system/cpu.cpp.o
2026-04-23T21:50:23.4845191Z [ 54%] Building CXX object third-party/CppServer/modules/CppCommon/CMakeFiles/cppcommon.dir/source/system/dll.cpp.o
2026-04-23T21:50:23.4980998Z [ 54%] Building CXX object third-party/CppServer/modules/CppCommon/CMakeFiles/cppcommon.dir/source/system/environment.cpp.o
2026-04-23T21:50:23.5127080Z [ 54%] Building CXX object third-party/CppServer/modules/CppCommon/CMakeFiles/cppcommon.dir/source/system/pipe.cpp.o
2026-04-23T21:50:23.5264074Z [ 54%] Building CXX object third-party/CppServer/modules/CppCommon/CMakeFiles/cppcommon.dir/source/system/process.cpp.o
2026-04-23T21:50:23.5409404Z [ 54%] Building CXX object third-party/CppServer/modules/CppCommon/CMakeFiles/cppcommon.dir/source/system/shared_memory.cpp.o
2026-04-23T21:50:23.5547666Z [ 55%] Building CXX object third-party/CppServer/modules/CppCommon/CMakeFiles/cppcommon.dir/source/system/stack_trace.cpp.o
2026-04-23T21:50:23.5688278Z [ 55%] Building CXX object third-party/CppServer/modules/CppCommon/CMakeFiles/cppcommon.dir/source/system/stack_trace_manager.cpp.o
2026-04-23T21:50:23.5823680Z [ 55%] Building CXX object third-party/CppServer/modules/CppCommon/CMakeFiles/cppcommon.dir/source/system/stream.cpp.o
2026-04-23T21:50:23.5959964Z [ 55%] Building CXX object third-party/CppServer/modules/CppCommon/CMakeFiles/cppcommon.dir/source/system/uuid.cpp.o
2026-04-23T21:50:23.6095512Z [ 55%] Building CXX object third-party/CppServer/modules/CppCommon/CMakeFiles/cppcommon.dir/source/threads/barrier.cpp.o
2026-04-23T21:50:23.6231329Z [ 55%] Building CXX object third-party/CppServer/modules/CppCommon/CMakeFiles/cppcommon.dir/source/threads/condition_variable.cpp.o
2026-04-23T21:50:23.6368687Z [ 55%] Building CXX object third-party/CppServer/modules/CppCommon/CMakeFiles/cppcommon.dir/source/threads/critical_section.cpp.o
2026-04-23T21:50:23.6506222Z [ 55%] Building CXX object third-party/CppServer/modules/CppCommon/CMakeFiles/cppcommon.dir/source/threads/event_auto_reset.cpp.o
2026-04-23T21:50:23.6644358Z [ 55%] Building CXX object third-party/CppServer/modules/CppCommon/CMakeFiles/cppcommon.dir/source/threads/event_manual_reset.cpp.o
2026-04-23T21:50:23.6781566Z [ 55%] Building CXX object third-party/CppServer/modules/CppCommon/CMakeFiles/cppcommon.dir/source/threads/file_lock.cpp.o
2026-04-23T21:50:23.6921075Z [ 56%] Building CXX object third-party/CppServer/modules/CppCommon/CMakeFiles/cppcommon.dir/source/threads/latch.cpp.o
2026-04-23T21:50:23.7059540Z [ 56%] Building CXX object third-party/CppServer/modules/CppCommon/CMakeFiles/cppcommon.dir/source/threads/mutex.cpp.o
2026-04-23T21:50:23.7197611Z [ 56%] Building CXX object third-party/CppServer/modules/CppCommon/CMakeFiles/cppcommon.dir/source/threads/named_condition_variable.cpp.o
2026-04-23T21:50:23.7335283Z [ 56%] Building CXX object third-party/CppServer/modules/CppCommon/CMakeFiles/cppcommon.dir/source/threads/named_critical_section.cpp.o
2026-04-23T21:50:23.7474713Z [ 56%] Building CXX object third-party/CppServer/modules/CppCommon/CMakeFiles/cppcommon.dir/source/threads/named_event_auto_reset.cpp.o
2026-04-23T21:50:23.7614498Z [ 56%] Building CXX object third-party/CppServer/modules/CppCommon/CMakeFiles/cppcommon.dir/source/threads/named_event_manual_reset.cpp.o
2026-04-23T21:50:23.7754434Z [ 56%] Building CXX object third-party/CppServer/modules/CppCommon/CMakeFiles/cppcommon.dir/source/threads/named_mutex.cpp.o
2026-04-23T21:50:23.7891945Z [ 56%] Building CXX object third-party/CppServer/modules/CppCommon/CMakeFiles/cppcommon.dir/source/threads/named_rw_lock.cpp.o
2026-04-23T21:50:23.8033290Z [ 56%] Building CXX object third-party/CppServer/modules/CppCommon/CMakeFiles/cppcommon.dir/source/threads/named_semaphore.cpp.o
2026-04-23T21:50:23.8171896Z [ 56%] Building CXX object third-party/CppServer/modules/CppCommon/CMakeFiles/cppcommon.dir/source/threads/rw_lock.cpp.o
2026-04-23T21:50:23.8309814Z [ 56%] Building CXX object third-party/CppServer/modules/CppCommon/CMakeFiles/cppcommon.dir/source/threads/semaphore.cpp.o
2026-04-23T21:50:23.8446644Z [ 57%] Building CXX object third-party/CppServer/modules/CppCommon/CMakeFiles/cppcommon.dir/source/threads/thread.cpp.o
2026-04-23T21:50:23.8584296Z [ 57%] Building CXX object third-party/CppServer/modules/CppCommon/CMakeFiles/cppcommon.dir/source/time/time.cpp.o
2026-04-23T21:50:23.8719954Z [ 57%] Building CXX object third-party/CppServer/modules/CppCommon/CMakeFiles/cppcommon.dir/source/time/timestamp.cpp.o
2026-04-23T21:50:23.8857155Z [ 57%] Building CXX object third-party/CppServer/modules/CppCommon/CMakeFiles/cppcommon.dir/source/time/timezone.cpp.o
2026-04-23T21:50:23.8989824Z [ 57%] Linking CXX static library ../../../../lib/libcppcommon.a
2026-04-23T21:50:23.9468912Z [ 57%] Built target cppcommon
2026-04-23T21:50:23.9637016Z [ 57%] Building CXX object third-party/CppServer/CMakeFiles/cppserver.dir/source/server/asio/service.cpp.o
2026-04-23T21:50:23.9850296Z [ 57%] Building CXX object third-party/CppServer/CMakeFiles/cppserver.dir/source/server/asio/ssl_client.cpp.o
2026-04-23T21:50:24.0069345Z [ 57%] Building CXX object third-party/CppServer/CMakeFiles/cppserver.dir/source/server/asio/ssl_context.cpp.o
2026-04-23T21:50:24.0281051Z [ 57%] Building CXX object third-party/CppServer/CMakeFiles/cppserver.dir/source/server/asio/ssl_server.cpp.o
2026-04-23T21:50:24.0495871Z [ 57%] Building CXX object third-party/CppServer/CMakeFiles/cppserver.dir/source/server/asio/ssl_session.cpp.o
2026-04-23T21:50:24.0716023Z [ 57%] Building CXX object third-party/CppServer/CMakeFiles/cppserver.dir/source/server/asio/tcp_client.cpp.o
2026-04-23T21:50:24.0936313Z [ 58%] Building CXX object third-party/CppServer/CMakeFiles/cppserver.dir/source/server/asio/tcp_resolver.cpp.o
2026-04-23T21:50:24.1146705Z [ 58%] Building CXX object third-party/CppServer/CMakeFiles/cppserver.dir/source/server/asio/tcp_server.cpp.o
2026-04-23T21:50:24.1360345Z [ 58%] Building CXX object third-party/CppServer/CMakeFiles/cppserver.dir/source/server/asio/tcp_session.cpp.o
2026-04-23T21:50:24.1574723Z [ 58%] Building CXX object third-party/CppServer/CMakeFiles/cppserver.dir/source/server/asio/timer.cpp.o
2026-04-23T21:50:24.1789156Z [ 58%] Building CXX object third-party/CppServer/CMakeFiles/cppserver.dir/source/server/asio/udp_client.cpp.o
2026-04-23T21:50:24.2004932Z [ 58%] Building CXX object third-party/CppServer/CMakeFiles/cppserver.dir/source/server/asio/udp_resolver.cpp.o
2026-04-23T21:50:24.2210106Z [ 58%] Building CXX object third-party/CppServer/CMakeFiles/cppserver.dir/source/server/asio/udp_server.cpp.o
2026-04-23T21:50:24.2419353Z [ 58%] Building CXX object third-party/CppServer/CMakeFiles/cppserver.dir/source/server/http/http_client.cpp.o
2026-04-23T21:50:24.2628222Z [ 58%] Building CXX object third-party/CppServer/CMakeFiles/cppserver.dir/source/server/http/http_request.cpp.o
2026-04-23T21:50:24.2750655Z [ 58%] Building CXX object third-party/CppServer/CMakeFiles/cppserver.dir/source/server/http/http_response.cpp.o
2026-04-23T21:50:24.2886667Z [ 58%] Building CXX object third-party/CppServer/CMakeFiles/cppserver.dir/source/server/http/http_server.cpp.o
2026-04-23T21:50:24.3090111Z [ 59%] Building CXX object third-party/CppServer/CMakeFiles/cppserver.dir/source/server/http/http_session.cpp.o
2026-04-23T21:50:24.3293863Z [ 59%] Building CXX object third-party/CppServer/CMakeFiles/cppserver.dir/source/server/http/https_client.cpp.o
2026-04-23T21:50:24.3495562Z [ 59%] Building CXX object third-party/CppServer/CMakeFiles/cppserver.dir/source/server/http/https_server.cpp.o
2026-04-23T21:50:24.3699055Z [ 59%] Building CXX object third-party/CppServer/CMakeFiles/cppserver.dir/source/server/http/https_session.cpp.o
2026-04-23T21:50:24.3904892Z [ 59%] Building CXX object third-party/CppServer/CMakeFiles/cppserver.dir/source/server/ws/ws.cpp.o
2026-04-23T21:50:24.4042967Z [ 59%] Building CXX object third-party/CppServer/CMakeFiles/cppserver.dir/source/server/ws/ws_client.cpp.o
2026-04-23T21:50:24.4246620Z [ 59%] Building CXX object third-party/CppServer/CMakeFiles/cppserver.dir/source/server/ws/ws_server.cpp.o
2026-04-23T21:50:24.4451642Z [ 59%] Building CXX object third-party/CppServer/CMakeFiles/cppserver.dir/source/server/ws/ws_session.cpp.o
2026-04-23T21:50:24.4657503Z [ 59%] Building CXX object third-party/CppServer/CMakeFiles/cppserver.dir/source/server/ws/wss_client.cpp.o
2026-04-23T21:50:24.4860093Z [ 59%] Building CXX object third-party/CppServer/CMakeFiles/cppserver.dir/source/server/ws/wss_server.cpp.o
2026-04-23T21:50:24.5063814Z [ 59%] Building CXX object third-party/CppServer/CMakeFiles/cppserver.dir/source/server/ws/wss_session.cpp.o
2026-04-23T21:50:24.5267091Z [ 60%] Linking CXX static library ../../lib/libcppserver.a
2026-04-23T21:50:24.5780052Z [ 60%] Built target cppserver
2026-04-23T21:50:24.5936089Z [ 60%] Building CXX object third-party/CppServer/modules/CMakeFiles/cpp-optparse.dir/__/__/cpp-optparse/OptionParser.cpp.o
2026-04-23T21:50:24.6065533Z [ 60%] Linking CXX static library ../../../lib/libcpp-optparse.a
2026-04-23T21:50:24.6308455Z [ 60%] Built target cpp-optparse
2026-04-23T21:50:24.6466087Z [ 60%] Building C object third-party/CppServer/modules/CppBenchmark/modules/CMakeFiles/zlib.dir/__/__/zlib/adler32.c.o
2026-04-23T21:50:24.6560425Z [ 60%] Building C object third-party/CppServer/modules/CppBenchmark/modules/CMakeFiles/zlib.dir/__/__/zlib/compress.c.o
2026-04-23T21:50:24.6588310Z /__w/quasar/quasar/cmake-projects/third-party/zlib/compress.c: In function 'compress2_z':
2026-04-23T21:50:24.6589336Z /__w/quasar/quasar/cmake-projects/third-party/zlib/compress.c:47:22: warning: cast discards 'const' qualifier from pointer target type [-Wcast-qual]
2026-04-23T21:50:24.6589992Z    47 |     stream.next_in = (z_const Bytef *)source;
2026-04-23T21:50:24.6590582Z       |                      ^
2026-04-23T21:50:24.6655342Z [ 60%] Building C object third-party/CppServer/modules/CppBenchmark/modules/CMakeFiles/zlib.dir/__/__/zlib/crc32.c.o
2026-04-23T21:50:24.6753699Z [ 60%] Building C object third-party/CppServer/modules/CppBenchmark/modules/CMakeFiles/zlib.dir/__/__/zlib/deflate.c.o
2026-04-23T21:50:24.6783372Z /__w/quasar/quasar/cmake-projects/third-party/zlib/deflate.c: In function 'deflateSetDictionary':
2026-04-23T21:50:24.6784791Z /__w/quasar/quasar/cmake-projects/third-party/zlib/deflate.c:595:21: warning: cast discards 'const' qualifier from pointer target type [-Wcast-qual]
2026-04-23T21:50:24.6785952Z   595 |     strm->next_in = (z_const Bytef *)dictionary;
2026-04-23T21:50:24.6786444Z       |                     ^
2026-04-23T21:50:24.6849810Z [ 60%] Building C object third-party/CppServer/modules/CppBenchmark/modules/CMakeFiles/zlib.dir/__/__/zlib/gzclose.c.o
2026-04-23T21:50:24.6944898Z [ 60%] Building C object third-party/CppServer/modules/CppBenchmark/modules/CMakeFiles/zlib.dir/__/__/zlib/gzlib.c.o
2026-04-23T21:50:24.7039440Z [ 60%] Building C object third-party/CppServer/modules/CppBenchmark/modules/CMakeFiles/zlib.dir/__/__/zlib/gzread.c.o
2026-04-23T21:50:24.7136118Z [ 61%] Building C object third-party/CppServer/modules/CppBenchmark/modules/CMakeFiles/zlib.dir/__/__/zlib/gzwrite.c.o
2026-04-23T21:50:24.7166907Z /__w/quasar/quasar/cmake-projects/third-party/zlib/gzwrite.c: In function 'gz_write':
2026-04-23T21:50:24.7168235Z /__w/quasar/quasar/cmake-projects/third-party/zlib/gzwrite.c:234:31: warning: cast discards 'const' qualifier from pointer target type [-Wcast-qual]
2026-04-23T21:50:24.7169483Z   234 |         state->strm.next_in = (z_const Bytef *)buf;
2026-04-23T21:50:24.7169771Z       |                               ^
2026-04-23T21:50:24.7235982Z [ 61%] Building C object third-party/CppServer/modules/CppBenchmark/modules/CMakeFiles/zlib.dir/__/__/zlib/infback.c.o
2026-04-23T21:50:24.7330287Z [ 61%] Building C object third-party/CppServer/modules/CppBenchmark/modules/CMakeFiles/zlib.dir/__/__/zlib/inffast.c.o
2026-04-23T21:50:24.7424662Z [ 61%] Building C object third-party/CppServer/modules/CppBenchmark/modules/CMakeFiles/zlib.dir/__/__/zlib/inflate.c.o
2026-04-23T21:50:24.7518655Z [ 61%] Building C object third-party/CppServer/modules/CppBenchmark/modules/CMakeFiles/zlib.dir/__/__/zlib/inftrees.c.o
2026-04-23T21:50:24.7611304Z [ 61%] Building C object third-party/CppServer/modules/CppBenchmark/modules/CMakeFiles/zlib.dir/__/__/zlib/trees.c.o
2026-04-23T21:50:24.7705882Z [ 61%] Building C object third-party/CppServer/modules/CppBenchmark/modules/CMakeFiles/zlib.dir/__/__/zlib/uncompr.c.o
2026-04-23T21:50:24.7734371Z /__w/quasar/quasar/cmake-projects/third-party/zlib/uncompr.c: In function 'uncompress2_z':
2026-04-23T21:50:24.7735589Z /__w/quasar/quasar/cmake-projects/third-party/zlib/uncompr.c:45:22: warning: cast discards 'const' qualifier from pointer target type [-Wcast-qual]
2026-04-23T21:50:24.7736459Z    45 |     stream.next_in = (z_const Bytef *)source;
2026-04-23T21:50:24.7736882Z       |                      ^
2026-04-23T21:50:24.7802000Z [ 61%] Building C object third-party/CppServer/modules/CppBenchmark/modules/CMakeFiles/zlib.dir/__/__/zlib/zutil.c.o
2026-04-23T21:50:24.7896912Z [ 61%] Linking C static library ../../../../../lib/libzlib.a
2026-04-23T21:50:24.8160416Z [ 61%] Built target zlib
2026-04-23T21:50:24.8311652Z [ 61%] Building C object third-party/CppServer/modules/CppBenchmark/modules/CMakeFiles/HdrHistogram.dir/__/__/HdrHistogram/src/hdr_encoding.c.o
2026-04-23T21:50:24.8339640Z cc1: warning: '-Wformat-nonliteral' ignored without '-Wformat' [-Wformat-nonliteral]
2026-04-23T21:50:24.8340342Z cc1: warning: '-Wformat-security' ignored without '-Wformat' [-Wformat-security]
2026-04-23T21:50:24.8404764Z [ 63%] Building C object third-party/CppServer/modules/CppBenchmark/modules/CMakeFiles/HdrHistogram.dir/__/__/HdrHistogram/src/hdr_histogram.c.o
2026-04-23T21:50:24.8432840Z cc1: warning: '-Wformat-nonliteral' ignored without '-Wformat' [-Wformat-nonliteral]
2026-04-23T21:50:24.8433354Z cc1: warning: '-Wformat-security' ignored without '-Wformat' [-Wformat-security]
2026-04-23T21:50:24.8497592Z [ 63%] Building C object third-party/CppServer/modules/CppBenchmark/modules/CMakeFiles/HdrHistogram.dir/__/__/HdrHistogram/src/hdr_histogram_log.c.o
2026-04-23T21:50:24.8530289Z cc1: warning: '-Wformat-nonliteral' ignored without '-Wformat' [-Wformat-nonliteral]
2026-04-23T21:50:24.8531107Z cc1: warning: '-Wformat-security' ignored without '-Wformat' [-Wformat-security]
2026-04-23T21:50:24.8532192Z /__w/quasar/quasar/cmake-projects/third-party/HdrHistogram/src/hdr_histogram_log.c:42:9: warning: redundant redeclaration of 'counts_index_for' [-Wredundant-decls]
2026-04-23T21:50:24.8533374Z    42 | int32_t counts_index_for(const struct hdr_histogram* h, int64_t value);
2026-04-23T21:50:24.8534119Z       |         ^~~~~~~~~~~~~~~~
2026-04-23T21:50:24.8534597Z In file included from /__w/quasar/quasar/cmake-projects/third-party/HdrHistogram/src/hdr_histogram_log.c:23:
2026-04-23T21:50:24.8535624Z /__w/quasar/quasar/cmake-projects/third-party/HdrHistogram/src/hdr_tests.h:12:9: note: previous declaration of 'counts_index_for' with type 'int32_t(const struct hdr_histogram *, int64_t)' {aka 'int(const struct hdr_histogram *, long int)'}
2026-04-23T21:50:24.8536602Z    12 | int32_t counts_index_for(const struct hdr_histogram* h, int64_t value);
2026-04-23T21:50:24.8536940Z       |         ^~~~~~~~~~~~~~~~
2026-04-23T21:50:24.8537413Z /__w/quasar/quasar/cmake-projects/third-party/HdrHistogram/src/hdr_histogram_log.c: In function 'hdr_encode_compressed':
2026-04-23T21:50:24.8538439Z /__w/quasar/quasar/cmake-projects/third-party/HdrHistogram/src/hdr_histogram_log.c:223:41: warning: nested extern declaration of 'htobe32' [-Wnested-externs]
2026-04-23T21:50:24.8539113Z   223 |     encoded->cookie                   = htobe32(V2_ENCODING_COOKIE | 0x10U);
2026-04-23T21:50:24.8539483Z       |                                         ^~~~~~~
2026-04-23T21:50:24.8540084Z /__w/quasar/quasar/cmake-projects/third-party/HdrHistogram/src/hdr_histogram_log.c:227:43: warning: nested extern declaration of 'htobe64' [-Wnested-externs]
2026-04-23T21:50:24.8540787Z   227 |     encoded->lowest_discernible_value   = htobe64(h->lowest_discernible_value);
2026-04-23T21:50:24.8541163Z       |                                           ^~~~~~~
2026-04-23T21:50:24.8541649Z /__w/quasar/quasar/cmake-projects/third-party/HdrHistogram/src/hdr_histogram_log.c: In function 'apply_to_counts_16':
2026-04-23T21:50:24.8542470Z /__w/quasar/quasar/cmake-projects/third-party/HdrHistogram/src/hdr_histogram_log.c:275:24: warning: nested extern declaration of 'be16toh' [-Wnested-externs]
2026-04-23T21:50:24.8543081Z   275 |         h->counts[i] = be16toh(counts_data[i]);
2026-04-23T21:50:24.8543343Z       |                        ^~~~~~~
2026-04-23T21:50:24.8543811Z /__w/quasar/quasar/cmake-projects/third-party/HdrHistogram/src/hdr_histogram_log.c: In function 'apply_to_counts_32':
2026-04-23T21:50:24.8544796Z /__w/quasar/quasar/cmake-projects/third-party/HdrHistogram/src/hdr_histogram_log.c:284:24: warning: nested extern declaration of 'be32toh' [-Wnested-externs]
2026-04-23T21:50:24.8545400Z   284 |         h->counts[i] = be32toh(counts_data[i]);
2026-04-23T21:50:24.8545662Z       |                        ^~~~~~~
2026-04-23T21:50:24.8546125Z /__w/quasar/quasar/cmake-projects/third-party/HdrHistogram/src/hdr_histogram_log.c: In function 'apply_to_counts_64':
2026-04-23T21:50:24.8546944Z /__w/quasar/quasar/cmake-projects/third-party/HdrHistogram/src/hdr_histogram_log.c:293:24: warning: nested extern declaration of 'be64toh' [-Wnested-externs]
2026-04-23T21:50:24.8547548Z   293 |         h->counts[i] = be64toh(counts_data[i]);
2026-04-23T21:50:24.8547803Z       |                        ^~~~~~~
2026-04-23T21:50:24.8548320Z In file included from /__w/quasar/quasar/cmake-projects/third-party/HdrHistogram/src/hdr_histogram_log.c:39:
2026-04-23T21:50:24.8548998Z /__w/quasar/quasar/cmake-projects/third-party/HdrHistogram/src/hdr_histogram_log.c: In function 'hdr_log_read_entry':
2026-04-23T21:50:24.8549895Z /__w/quasar/quasar/cmake-projects/third-party/HdrHistogram/src/hdr_malloc.h:16:20: warning: request for implicit conversion from 'void *' to 'char *' not permitted in C++ [-Wc++-compat]
2026-04-23T21:50:24.8550565Z    16 | #define hdr_calloc calloc
2026-04-23T21:50:24.8550784Z       |                    ^~~~~~
2026-04-23T21:50:24.8551268Z /__w/quasar/quasar/cmake-projects/third-party/HdrHistogram/src/hdr_histogram_log.c:1082:30: note: in expansion of macro 'hdr_calloc'
2026-04-23T21:50:24.8551868Z  1082 |     char* base64_histogram = hdr_calloc(capacity, sizeof(char));
2026-04-23T21:50:24.8552202Z       |                              ^~~~~~~~~~
2026-04-23T21:50:24.8552903Z /__w/quasar/quasar/cmake-projects/third-party/HdrHistogram/src/hdr_histogram_log.c:1191:42: warning: request for implicit conversion from 'void *' to 'char *' not permitted in C++ [-Wc++-compat]
2026-04-23T21:50:24.8553732Z  1191 |                         base64_histogram = hdr_realloc(base64_histogram, capacity * sizeof(char));
2026-04-23T21:50:24.8554306Z       |                                          ^
2026-04-23T21:50:24.8555155Z /__w/quasar/quasar/cmake-projects/third-party/HdrHistogram/src/hdr_histogram_log.c:1211:26: warning: request for implicit conversion from 'void *' to 'uint8_t *' {aka 'unsigned char *'} not permitted in C++ [-Wc++-compat]
2026-04-23T21:50:24.8556171Z  1211 |     compressed_histogram = hdr_calloc(base64_len, sizeof(uint8_t));
2026-04-23T21:50:24.8556496Z       |                          ^
2026-04-23T21:50:24.8597569Z [ 63%] Building C object third-party/CppServer/modules/CppBenchmark/modules/CMakeFiles/HdrHistogram.dir/__/__/HdrHistogram/src/hdr_interval_recorder.c.o
2026-04-23T21:50:24.8628225Z cc1: warning: '-Wformat-nonliteral' ignored without '-Wformat' [-Wformat-nonliteral]
2026-04-23T21:50:24.8628917Z cc1: warning: '-Wformat-security' ignored without '-Wformat' [-Wformat-security]
2026-04-23T21:50:24.8629764Z /__w/quasar/quasar/cmake-projects/third-party/HdrHistogram/src/hdr_interval_recorder.c: In function 'hdr_interval_recorder_update':
2026-04-23T21:50:24.8630971Z /__w/quasar/quasar/cmake-projects/third-party/HdrHistogram/src/hdr_interval_recorder.c:98:19: warning: request for implicit conversion from 'void *' to 'struct hdr_histogram *' not permitted in C++ [-Wc++-compat]
2026-04-23T21:50:24.8632083Z    98 |     update_action(active, arg);
2026-04-23T21:50:24.8632326Z       |                   ^~~~~~
2026-04-23T21:50:24.8632775Z /__w/quasar/quasar/cmake-projects/third-party/HdrHistogram/src/hdr_interval_recorder.c: In function 'update_values':
2026-04-23T21:50:24.8633792Z /__w/quasar/quasar/cmake-projects/third-party/HdrHistogram/src/hdr_interval_recorder.c:106:23: warning: request for implicit conversion from 'void *' to 'int64_t *' {aka 'long int *'} not permitted in C++ [-Wc++-compat]
2026-04-23T21:50:24.8634757Z   106 |     int64_t* params = arg;
2026-04-23T21:50:24.8634995Z       |                       ^~~
2026-04-23T21:50:24.8635465Z /__w/quasar/quasar/cmake-projects/third-party/HdrHistogram/src/hdr_interval_recorder.c: In function 'update_values_atomic':
2026-04-23T21:50:24.8636466Z /__w/quasar/quasar/cmake-projects/third-party/HdrHistogram/src/hdr_interval_recorder.c:113:23: warning: request for implicit conversion from 'void *' to 'int64_t *' {aka 'long int *'} not permitted in C++ [-Wc++-compat]
2026-04-23T21:50:24.8637218Z   113 |     int64_t* params = arg;
2026-04-23T21:50:24.8637448Z       |                       ^~~
2026-04-23T21:50:24.8637924Z /__w/quasar/quasar/cmake-projects/third-party/HdrHistogram/src/hdr_interval_recorder.c: In function 'update_corrected_values':
2026-04-23T21:50:24.8639085Z /__w/quasar/quasar/cmake-projects/third-party/HdrHistogram/src/hdr_interval_recorder.c:143:23: warning: request for implicit conversion from 'void *' to 'int64_t *' {aka 'long int *'} not permitted in C++ [-Wc++-compat]
2026-04-23T21:50:24.8639844Z   143 |     int64_t* params = arg;
2026-04-23T21:50:24.8640067Z       |                       ^~~
2026-04-23T21:50:24.8640560Z /__w/quasar/quasar/cmake-projects/third-party/HdrHistogram/src/hdr_interval_recorder.c: In function 'update_corrected_values_atomic':
2026-04-23T21:50:24.8641578Z /__w/quasar/quasar/cmake-projects/third-party/HdrHistogram/src/hdr_interval_recorder.c:150:23: warning: request for implicit conversion from 'void *' to 'int64_t *' {aka 'long int *'} not permitted in C++ [-Wc++-compat]
2026-04-23T21:50:24.8642315Z   150 |     int64_t* params = arg;
2026-04-23T21:50:24.8642534Z       |                       ^~~
2026-04-23T21:50:24.8693186Z [ 63%] Building C object third-party/CppServer/modules/CppBenchmark/modules/CMakeFiles/HdrHistogram.dir/__/__/HdrHistogram/src/hdr_thread.c.o
2026-04-23T21:50:24.8723034Z cc1: warning: '-Wformat-nonliteral' ignored without '-Wformat' [-Wformat-nonliteral]
2026-04-23T21:50:24.8723901Z cc1: warning: '-Wformat-security' ignored without '-Wformat' [-Wformat-security]
2026-04-23T21:50:24.8724701Z In file included from /__w/quasar/quasar/cmake-projects/third-party/HdrHistogram/src/hdr_thread.c:14:
2026-04-23T21:50:24.8725395Z /__w/quasar/quasar/cmake-projects/third-party/HdrHistogram/src/hdr_thread.c: In function 'hdr_mutex_alloc':
2026-04-23T21:50:24.8726855Z /__w/quasar/quasar/cmake-projects/third-party/HdrHistogram/src/hdr_malloc.h:15:20: warning: request for implicit conversion from 'void *' to 'struct hdr_mutex *' not permitted in C++ [-Wc++-compat]
2026-04-23T21:50:24.8727564Z    15 | #define hdr_malloc malloc
2026-04-23T21:50:24.8728048Z /__w/quasar/quasar/cmake-projects/third-party/HdrHistogram/src/hdr_thread.c:18:12: note: in expansion of macro 'hdr_malloc'
2026-04-23T21:50:24.8728752Z    18 |     return hdr_malloc(sizeof(hdr_mutex));
2026-04-23T21:50:24.8729009Z       |            ^~~~~~~~~~
2026-04-23T21:50:24.8729412Z /__w/quasar/quasar/cmake-projects/third-party/HdrHistogram/src/hdr_thread.c: In function 'hdr_usleep':
2026-04-23T21:50:24.8730162Z /__w/quasar/quasar/cmake-projects/third-party/HdrHistogram/src/hdr_thread.c:104:12: warning: nested extern declaration of 'usleep' [-Wnested-externs]
2026-04-23T21:50:24.8730732Z   104 |     return usleep(useconds);
2026-04-23T21:50:24.8730962Z       |            ^~~~~~
2026-04-23T21:50:24.8787961Z [ 63%] Building C object third-party/CppServer/modules/CppBenchmark/modules/CMakeFiles/HdrHistogram.dir/__/__/HdrHistogram/src/hdr_time.c.o
2026-04-23T21:50:24.8814808Z cc1: warning: '-Wformat-nonliteral' ignored without '-Wformat' [-Wformat-nonliteral]
2026-04-23T21:50:24.8815736Z cc1: warning: '-Wformat-security' ignored without '-Wformat' [-Wformat-security]
2026-04-23T21:50:24.8879226Z [ 63%] Building C object third-party/CppServer/modules/CppBenchmark/modules/CMakeFiles/HdrHistogram.dir/__/__/HdrHistogram/src/hdr_writer_reader_phaser.c.o
2026-04-23T21:50:24.8907530Z cc1: warning: '-Wformat-nonliteral' ignored without '-Wformat' [-Wformat-nonliteral]
2026-04-23T21:50:24.8908468Z cc1: warning: '-Wformat-security' ignored without '-Wformat' [-Wformat-security]
2026-04-23T21:50:24.8972901Z [ 63%] Linking C static library ../../../../../lib/libHdrHistogram.a
2026-04-23T21:50:24.9228503Z [ 63%] Built target HdrHistogram
2026-04-23T21:50:24.9392966Z [ 63%] Building CXX object third-party/CppServer/modules/CppBenchmark/CMakeFiles/cppbenchmark.dir/source/benchmark/barrier.cpp.o
2026-04-23T21:50:24.9516650Z [ 63%] Building CXX object third-party/CppServer/modules/CppBenchmark/CMakeFiles/cppbenchmark.dir/source/benchmark/benchmark.cpp.o
2026-04-23T21:50:24.9645727Z [ 63%] Building CXX object third-party/CppServer/modules/CppBenchmark/CMakeFiles/cppbenchmark.dir/source/benchmark/benchmark_base.cpp.o
2026-04-23T21:50:24.9775224Z [ 63%] Building CXX object third-party/CppServer/modules/CppBenchmark/CMakeFiles/cppbenchmark.dir/source/benchmark/benchmark_pc.cpp.o
2026-04-23T21:50:24.9906472Z [ 63%] Building CXX object third-party/CppServer/modules/CppBenchmark/CMakeFiles/cppbenchmark.dir/source/benchmark/benchmark_threads.cpp.o
2026-04-23T21:50:25.0035631Z [ 64%] Building CXX object third-party/CppServer/modules/CppBenchmark/CMakeFiles/cppbenchmark.dir/source/benchmark/console.cpp.o
2026-04-23T21:50:25.0148284Z [ 64%] Building CXX object third-party/CppServer/modules/CppBenchmark/CMakeFiles/cppbenchmark.dir/source/benchmark/context.cpp.o
2026-04-23T21:50:25.0269880Z [ 64%] Building CXX object third-party/CppServer/modules/CppBenchmark/CMakeFiles/cppbenchmark.dir/source/benchmark/context_pc.cpp.o
2026-04-23T21:50:25.0392724Z [ 64%] Building CXX object third-party/CppServer/modules/CppBenchmark/CMakeFiles/cppbenchmark.dir/source/benchmark/context_threads.cpp.o
2026-04-23T21:50:25.0515445Z [ 64%] Building CXX object third-party/CppServer/modules/CppBenchmark/CMakeFiles/cppbenchmark.dir/source/benchmark/environment.cpp.o
2026-04-23T21:50:25.0650201Z [ 64%] Building CXX object third-party/CppServer/modules/CppBenchmark/CMakeFiles/cppbenchmark.dir/source/benchmark/executor.cpp.o
2026-04-23T21:50:25.0776939Z [ 64%] Building CXX object third-party/CppServer/modules/CppBenchmark/CMakeFiles/cppbenchmark.dir/source/benchmark/launcher.cpp.o
2026-04-23T21:50:25.0911375Z [ 64%] Building CXX object third-party/CppServer/modules/CppBenchmark/CMakeFiles/cppbenchmark.dir/source/benchmark/launcher_console.cpp.o
2026-04-23T21:50:25.1054315Z [ 64%] Building CXX object third-party/CppServer/modules/CppBenchmark/CMakeFiles/cppbenchmark.dir/source/benchmark/phase_core.cpp.o
2026-04-23T21:50:25.1179845Z [ 64%] Building CXX object third-party/CppServer/modules/CppBenchmark/CMakeFiles/cppbenchmark.dir/source/benchmark/phase_metrics.cpp.o
2026-04-23T21:50:25.1294732Z [ 64%] Building CXX object third-party/CppServer/modules/CppBenchmark/CMakeFiles/cppbenchmark.dir/source/benchmark/phase_scope.cpp.o
2026-04-23T21:50:25.1421564Z [ 65%] Building CXX object third-party/CppServer/modules/CppBenchmark/CMakeFiles/cppbenchmark.dir/source/benchmark/reporter_console.cpp.o
2026-04-23T21:50:25.1550473Z [ 65%] Building CXX object third-party/CppServer/modules/CppBenchmark/CMakeFiles/cppbenchmark.dir/source/benchmark/reporter_csv.cpp.o
2026-04-23T21:50:25.1678564Z [ 65%] Building CXX object third-party/CppServer/modules/CppBenchmark/CMakeFiles/cppbenchmark.dir/source/benchmark/reporter_json.cpp.o
2026-04-23T21:50:25.1808685Z [ 65%] Building CXX object third-party/CppServer/modules/CppBenchmark/CMakeFiles/cppbenchmark.dir/source/benchmark/settings.cpp.o
2026-04-23T21:50:25.1915338Z [ 65%] Building CXX object third-party/CppServer/modules/CppBenchmark/CMakeFiles/cppbenchmark.dir/source/benchmark/system.cpp.o
2026-04-23T21:50:25.2044155Z [ 65%] Linking CXX static library ../../../../lib/libcppbenchmark.a
2026-04-23T21:50:25.2409097Z [ 65%] Built target cppbenchmark
2026-04-23T21:50:25.2565108Z [ 65%] Building CXX object third-party/ftxui/CMakeFiles/screen.dir/src/ftxui/screen/box.cpp.o
2026-04-23T21:50:25.2667580Z [ 66%] Building CXX object third-party/ftxui/CMakeFiles/screen.dir/src/ftxui/screen/color.cpp.o
2026-04-23T21:50:25.2779369Z [ 66%] Building CXX object third-party/ftxui/CMakeFiles/screen.dir/src/ftxui/screen/color_info.cpp.o
2026-04-23T21:50:25.2885412Z [ 66%] Building CXX object third-party/ftxui/CMakeFiles/screen.dir/src/ftxui/screen/image.cpp.o
2026-04-23T21:50:25.2999841Z [ 66%] Building CXX object third-party/ftxui/CMakeFiles/screen.dir/src/ftxui/screen/screen.cpp.o
2026-04-23T21:50:25.3120104Z [ 66%] Building CXX object third-party/ftxui/CMakeFiles/screen.dir/src/ftxui/screen/string.cpp.o
2026-04-23T21:50:25.3227703Z [ 66%] Building CXX object third-party/ftxui/CMakeFiles/screen.dir/src/ftxui/screen/terminal.cpp.o
2026-04-23T21:50:25.3332020Z [ 66%] Linking CXX static library ../../lib/libftxui-screen.a
2026-04-23T21:50:25.3584719Z [ 66%] Built target screen
2026-04-23T21:50:25.3751024Z [ 66%] Building CXX object third-party/ftxui/CMakeFiles/dom.dir/src/ftxui/dom/automerge.cpp.o
2026-04-23T21:50:25.3877710Z [ 66%] Building CXX object third-party/ftxui/CMakeFiles/dom.dir/src/ftxui/dom/selection_style.cpp.o
2026-04-23T21:50:25.4002654Z [ 66%] Building CXX object third-party/ftxui/CMakeFiles/dom.dir/src/ftxui/dom/blink.cpp.o
2026-04-23T21:50:25.4128544Z [ 66%] Building CXX object third-party/ftxui/CMakeFiles/dom.dir/src/ftxui/dom/bold.cpp.o
2026-04-23T21:50:25.4254552Z [ 66%] Building CXX object third-party/ftxui/CMakeFiles/dom.dir/src/ftxui/dom/border.cpp.o
2026-04-23T21:50:25.4381800Z [ 66%] Building CXX object third-party/ftxui/CMakeFiles/dom.dir/src/ftxui/dom/box_helper.cpp.o
2026-04-23T21:50:25.4495785Z [ 66%] Building CXX object third-party/ftxui/CMakeFiles/dom.dir/src/ftxui/dom/canvas.cpp.o
2026-04-23T21:50:25.4628588Z [ 66%] Building CXX object third-party/ftxui/CMakeFiles/dom.dir/src/ftxui/dom/clear_under.cpp.o
2026-04-23T21:50:25.4754669Z [ 66%] Building CXX object third-party/ftxui/CMakeFiles/dom.dir/src/ftxui/dom/color.cpp.o
2026-04-23T21:50:25.4880060Z [ 67%] Building CXX object third-party/ftxui/CMakeFiles/dom.dir/src/ftxui/dom/composite_decorator.cpp.o
2026-04-23T21:50:25.5003349Z [ 67%] Building CXX object third-party/ftxui/CMakeFiles/dom.dir/src/ftxui/dom/dbox.cpp.o
2026-04-23T21:50:25.5127213Z [ 67%] Building CXX object third-party/ftxui/CMakeFiles/dom.dir/src/ftxui/dom/dim.cpp.o
2026-04-23T21:50:25.5252090Z [ 67%] Building CXX object third-party/ftxui/CMakeFiles/dom.dir/src/ftxui/dom/flex.cpp.o
2026-04-23T21:50:25.5375622Z [ 67%] Building CXX object third-party/ftxui/CMakeFiles/dom.dir/src/ftxui/dom/flexbox.cpp.o
2026-04-23T21:50:25.5501118Z [ 67%] Building CXX object third-party/ftxui/CMakeFiles/dom.dir/src/ftxui/dom/flexbox_config.cpp.o
2026-04-23T21:50:25.5587096Z [ 67%] Building CXX object third-party/ftxui/CMakeFiles/dom.dir/src/ftxui/dom/flexbox_helper.cpp.o
2026-04-23T21:50:25.5698272Z [ 67%] Building CXX object third-party/ftxui/CMakeFiles/dom.dir/src/ftxui/dom/focus.cpp.o
2026-04-23T21:50:25.5822733Z [ 67%] Building CXX object third-party/ftxui/CMakeFiles/dom.dir/src/ftxui/dom/frame.cpp.o
2026-04-23T21:50:25.5948483Z [ 67%] Building CXX object third-party/ftxui/CMakeFiles/dom.dir/src/ftxui/dom/gauge.cpp.o
2026-04-23T21:50:25.6074546Z [ 67%] Building CXX object third-party/ftxui/CMakeFiles/dom.dir/src/ftxui/dom/graph.cpp.o
2026-04-23T21:50:25.6199660Z [ 68%] Building CXX object third-party/ftxui/CMakeFiles/dom.dir/src/ftxui/dom/gridbox.cpp.o
2026-04-23T21:50:25.6323814Z [ 68%] Building CXX object third-party/ftxui/CMakeFiles/dom.dir/src/ftxui/dom/hbox.cpp.o
2026-04-23T21:50:25.6452862Z [ 68%] Building CXX object third-party/ftxui/CMakeFiles/dom.dir/src/ftxui/dom/hyperlink.cpp.o
2026-04-23T21:50:25.6578545Z [ 68%] Building CXX object third-party/ftxui/CMakeFiles/dom.dir/src/ftxui/dom/inverted.cpp.o
2026-04-23T21:50:25.6705603Z [ 68%] Building CXX object third-party/ftxui/CMakeFiles/dom.dir/src/ftxui/dom/italic.cpp.o
2026-04-23T21:50:25.6830988Z [ 68%] Building CXX object third-party/ftxui/CMakeFiles/dom.dir/src/ftxui/dom/linear_gradient.cpp.o
2026-04-23T21:50:25.6960688Z [ 68%] Building CXX object third-party/ftxui/CMakeFiles/dom.dir/src/ftxui/dom/node.cpp.o
2026-04-23T21:50:25.7083278Z [ 68%] Building CXX object third-party/ftxui/CMakeFiles/dom.dir/src/ftxui/dom/node_decorator.cpp.o
2026-04-23T21:50:25.7209931Z [ 68%] Building CXX object third-party/ftxui/CMakeFiles/dom.dir/src/ftxui/dom/paragraph.cpp.o
2026-04-23T21:50:25.7334488Z [ 68%] Building CXX object third-party/ftxui/CMakeFiles/dom.dir/src/ftxui/dom/reflect.cpp.o
2026-04-23T21:50:25.7456818Z [ 68%] Building CXX object third-party/ftxui/CMakeFiles/dom.dir/src/ftxui/dom/scroll_indicator.cpp.o
2026-04-23T21:50:25.7584979Z [ 69%] Building CXX object third-party/ftxui/CMakeFiles/dom.dir/src/ftxui/dom/selection.cpp.o
2026-04-23T21:50:25.7711922Z [ 69%] Building CXX object third-party/ftxui/CMakeFiles/dom.dir/src/ftxui/dom/separator.cpp.o
2026-04-23T21:50:25.7836719Z [ 69%] Building CXX object third-party/ftxui/CMakeFiles/dom.dir/src/ftxui/dom/size.cpp.o
2026-04-23T21:50:25.7960678Z [ 69%] Building CXX object third-party/ftxui/CMakeFiles/dom.dir/src/ftxui/dom/spinner.cpp.o
2026-04-23T21:50:25.8091607Z [ 69%] Building CXX object third-party/ftxui/CMakeFiles/dom.dir/src/ftxui/dom/strikethrough.cpp.o
2026-04-23T21:50:25.8221341Z [ 69%] Building CXX object third-party/ftxui/CMakeFiles/dom.dir/src/ftxui/dom/table.cpp.o
2026-04-23T21:50:25.8350643Z [ 69%] Building CXX object third-party/ftxui/CMakeFiles/dom.dir/src/ftxui/dom/text.cpp.o
2026-04-23T21:50:25.8476365Z [ 69%] Building CXX object third-party/ftxui/CMakeFiles/dom.dir/src/ftxui/dom/underlined.cpp.o
2026-04-23T21:50:25.8599606Z [ 69%] Building CXX object third-party/ftxui/CMakeFiles/dom.dir/src/ftxui/dom/underlined_double.cpp.o
2026-04-23T21:50:25.8725176Z [ 69%] Building CXX object third-party/ftxui/CMakeFiles/dom.dir/src/ftxui/dom/util.cpp.o
2026-04-23T21:50:25.8850881Z [ 69%] Building CXX object third-party/ftxui/CMakeFiles/dom.dir/src/ftxui/dom/vbox.cpp.o
2026-04-23T21:50:25.8976089Z [ 70%] Linking CXX static library ../../lib/libftxui-dom.a
2026-04-23T21:50:25.9333549Z [ 70%] Built target dom
2026-04-23T21:50:25.9493194Z [ 70%] Building CXX object third-party/ftxui/CMakeFiles/component.dir/src/ftxui/component/animation.cpp.o
2026-04-23T21:50:25.9618144Z [ 70%] Building CXX object third-party/ftxui/CMakeFiles/component.dir/src/ftxui/component/button.cpp.o
2026-04-23T21:50:25.9750320Z [ 70%] Building CXX object third-party/ftxui/CMakeFiles/component.dir/src/ftxui/component/catch_event.cpp.o
2026-04-23T21:50:25.9877229Z [ 70%] Building CXX object third-party/ftxui/CMakeFiles/component.dir/src/ftxui/component/checkbox.cpp.o
2026-04-23T21:50:26.0004931Z [ 70%] Building CXX object third-party/ftxui/CMakeFiles/component.dir/src/ftxui/component/collapsible.cpp.o
2026-04-23T21:50:26.0131875Z [ 70%] Building CXX object third-party/ftxui/CMakeFiles/component.dir/src/ftxui/component/component.cpp.o
2026-04-23T21:50:26.0262718Z [ 70%] Building CXX object third-party/ftxui/CMakeFiles/component.dir/src/ftxui/component/component_options.cpp.o
2026-04-23T21:50:26.0387106Z [ 70%] Building CXX object third-party/ftxui/CMakeFiles/component.dir/src/ftxui/component/container.cpp.o
2026-04-23T21:50:26.0514536Z [ 70%] Building CXX object third-party/ftxui/CMakeFiles/component.dir/src/ftxui/component/dropdown.cpp.o
2026-04-23T21:50:26.0644266Z [ 70%] Building CXX object third-party/ftxui/CMakeFiles/component.dir/src/ftxui/component/event.cpp.o
2026-04-23T21:50:26.0758691Z [ 71%] Building CXX object third-party/ftxui/CMakeFiles/component.dir/src/ftxui/component/hoverable.cpp.o
2026-04-23T21:50:26.0891690Z [ 71%] Building CXX object third-party/ftxui/CMakeFiles/component.dir/src/ftxui/component/input.cpp.o
2026-04-23T21:50:26.1024104Z [ 71%] Building CXX object third-party/ftxui/CMakeFiles/component.dir/src/ftxui/component/loop.cpp.o
2026-04-23T21:50:26.1156338Z [ 71%] Building CXX object third-party/ftxui/CMakeFiles/component.dir/src/ftxui/component/maybe.cpp.o
2026-04-23T21:50:26.1283373Z [ 71%] Building CXX object third-party/ftxui/CMakeFiles/component.dir/src/ftxui/component/menu.cpp.o
2026-04-23T21:50:26.1416147Z [ 71%] Building CXX object third-party/ftxui/CMakeFiles/component.dir/src/ftxui/component/modal.cpp.o
2026-04-23T21:50:26.1541933Z [ 71%] Building CXX object third-party/ftxui/CMakeFiles/component.dir/src/ftxui/component/radiobox.cpp.o
2026-04-23T21:50:26.1671999Z [ 71%] Building CXX object third-party/ftxui/CMakeFiles/component.dir/src/ftxui/component/renderer.cpp.o
2026-04-23T21:50:26.1796234Z [ 71%] Building CXX object third-party/ftxui/CMakeFiles/component.dir/src/ftxui/component/resizable_split.cpp.o
2026-04-23T21:50:26.1922343Z [ 71%] Building CXX object third-party/ftxui/CMakeFiles/component.dir/src/ftxui/component/screen_interactive.cpp.o
2026-04-23T21:50:26.2058480Z [ 71%] Building CXX object third-party/ftxui/CMakeFiles/component.dir/src/ftxui/component/slider.cpp.o
2026-04-23T21:50:26.2190328Z [ 72%] Building CXX object third-party/ftxui/CMakeFiles/component.dir/src/ftxui/component/terminal_input_parser.cpp.o
2026-04-23T21:50:26.2319577Z [ 72%] Building CXX object third-party/ftxui/CMakeFiles/component.dir/src/ftxui/component/util.cpp.o
2026-04-23T21:50:26.2445065Z [ 72%] Building CXX object third-party/ftxui/CMakeFiles/component.dir/src/ftxui/component/window.cpp.o
2026-04-23T21:50:26.2573168Z [ 72%] Linking CXX static library ../../lib/libftxui-component.a
2026-04-23T21:50:26.2914379Z [ 72%] Built target component
2026-04-23T21:50:26.3069744Z [ 72%] Building CXX object third-party/replxx/CMakeFiles/replxx.dir/src/ConvertUTF.cpp.o
2026-04-23T21:50:26.3176214Z [ 72%] Building CXX object third-party/replxx/CMakeFiles/replxx.dir/src/conversion.cxx.o
2026-04-23T21:50:26.3283061Z [ 72%] Building CXX object third-party/replxx/CMakeFiles/replxx.dir/src/escape.cxx.o
2026-04-23T21:50:26.3406710Z [ 72%] Building CXX object third-party/replxx/CMakeFiles/replxx.dir/src/history.cxx.o
2026-04-23T21:50:26.3537517Z [ 72%] Building CXX object third-party/replxx/CMakeFiles/replxx.dir/src/prompt.cxx.o
2026-04-23T21:50:26.3663699Z [ 72%] Building CXX object third-party/replxx/CMakeFiles/replxx.dir/src/replxx.cxx.o
2026-04-23T21:50:26.3797915Z [ 72%] Building CXX object third-party/replxx/CMakeFiles/replxx.dir/src/replxx_impl.cxx.o
2026-04-23T21:50:26.3934832Z [ 72%] Building CXX object third-party/replxx/CMakeFiles/replxx.dir/src/terminal.cxx.o
2026-04-23T21:50:26.4063608Z [ 73%] Building CXX object third-party/replxx/CMakeFiles/replxx.dir/src/util.cxx.o
2026-04-23T21:50:26.4189109Z [ 73%] Building CXX object third-party/replxx/CMakeFiles/replxx.dir/src/wcwidth.cpp.o
2026-04-23T21:50:26.4304883Z [ 73%] Building CXX object third-party/replxx/CMakeFiles/replxx.dir/src/windows.cxx.o
2026-04-23T21:50:26.4389688Z [ 73%] Linking CXX static library ../../lib/libreplxx.a
2026-04-23T21:50:26.4666866Z [ 73%] Built target replxx
2026-04-23T21:50:26.4815672Z [ 73%] Building CXX object utils/CMakeFiles/utils.dir/src/Logger.cpp.o
2026-04-23T21:50:26.4933303Z [ 75%] Building CXX object utils/CMakeFiles/utils.dir/src/TimeKeeper.cpp.o
2026-04-23T21:50:26.5050635Z [ 75%] Building CXX object utils/CMakeFiles/utils.dir/src/EventManager.cpp.o
2026-04-23T21:50:26.5173679Z [ 75%] Linking CXX static library ../lib/libutils.a
2026-04-23T21:50:26.5418549Z [ 75%] Built target utils
2026-04-23T21:50:26.5572976Z [ 75%] Building CXX object sched/CMakeFiles/sched.dir/src/Scheduler.cpp.o
2026-04-23T21:50:26.5699884Z [ 75%] Linking CXX static library ../lib/libsched.a
2026-04-23T21:50:26.5937692Z [ 75%] Built target sched
2026-04-23T21:50:26.6090847Z [ 75%] Building CXX object sim/CMakeFiles/sim.dir/src/Simulator.cpp.o
2026-04-23T21:50:26.6231768Z [ 75%] Building CXX object sim/CMakeFiles/sim.dir/src/Resolver.cpp.o
2026-04-23T21:50:26.6352939Z [ 75%] Building CXX object sim/CMakeFiles/sim.dir/src/LinkRegistry.cpp.o
2026-04-23T21:50:26.6474603Z [ 75%] Building CXX object sim/CMakeFiles/sim.dir/src/Model.cpp.o
2026-04-23T21:50:26.6593350Z [ 76%] Building CXX object sim/CMakeFiles/sim.dir/src/LibraryLoader.cpp.o
2026-04-23T21:50:26.6705321Z [ 76%] Building CXX object sim/CMakeFiles/sim.dir/src/TypeRegistry.cpp.o
2026-04-23T21:50:26.6830317Z [ 76%] Building CXX object sim/CMakeFiles/sim.dir/src/Field.cpp.o
2026-04-23T21:50:26.6945217Z [ 76%] Building CXX object sim/CMakeFiles/sim.dir/src/Publication.cpp.o
2026-04-23T21:50:26.7072889Z [ 76%] Building CXX object sim/CMakeFiles/sim.dir/src/PublishOperation.cpp.o
2026-04-23T21:50:26.7182180Z [ 76%] Building CXX object sim/CMakeFiles/sim.dir/src/smp_impl/AccessKind.cpp.o
2026-04-23T21:50:26.7291631Z [ 76%] Building CXX object sim/CMakeFiles/sim.dir/src/smp_impl/AnySimple.cpp.o
2026-04-23T21:50:26.7408276Z [ 76%] Building CXX object sim/CMakeFiles/sim.dir/src/smp_impl/ComponentStateKind.cpp.o
2026-04-23T21:50:26.7517422Z [ 76%] Building CXX object sim/CMakeFiles/sim.dir/src/smp_impl/PrimitiveTypes.cpp.o
2026-04-23T21:50:26.7629240Z [ 76%] Building CXX object sim/CMakeFiles/sim.dir/src/smp_impl/SimulatorStateKind.cpp.o
2026-04-23T21:50:26.7736181Z [ 76%] Building CXX object sim/CMakeFiles/sim.dir/src/smp_impl/Uuid.cpp.o
2026-04-23T21:50:26.7849169Z [ 77%] Building CXX object sim/CMakeFiles/sim.dir/src/smp_impl/Uuids.cpp.o
2026-04-23T21:50:26.7944714Z [ 77%] Building CXX object sim/CMakeFiles/sim.dir/src/smp_impl/ViewKind.cpp.o
2026-04-23T21:50:26.8060577Z [ 77%] Building CXX object sim/CMakeFiles/sim.dir/src/smp_impl/ParameterDirectionKind.cpp.o
2026-04-23T21:50:26.8172623Z [ 77%] Building CXX object sim/CMakeFiles/sim.dir/src/smp_impl/TimeKind.cpp.o
2026-04-23T21:50:26.8282872Z [ 77%] Linking CXX static library ../lib/libsim.a
2026-04-23T21:50:26.8595882Z [ 77%] Built target sim
2026-04-23T21:50:26.8744689Z [ 77%] Building CXX object sim/CMakeFiles/test_basic_simulation.dir/test/test_basic_simulation.cpp.o
2026-04-23T21:50:26.8880246Z [ 77%] Linking CXX executable ../bin/test_basic_simulation
2026-04-23T21:50:26.9541893Z [ 77%] Built target test_basic_simulation
2026-04-23T21:50:26.9696473Z [ 77%] Building CXX object coretypes/CMakeFiles/quasar_coretypes.dir/src/BitBuffer.cpp.o
2026-04-23T21:50:26.9825142Z [ 78%] Building CXX object coretypes/CMakeFiles/quasar_coretypes.dir/src/BitBufferSlice.cpp.o
2026-04-23T21:50:26.9947224Z [ 78%] Building CXX object coretypes/CMakeFiles/quasar_coretypes.dir/src/Boolean.cpp.o
2026-04-23T21:50:27.0053785Z [ 78%] Building CXX object coretypes/CMakeFiles/quasar_coretypes.dir/src/Buffer.cpp.o
2026-04-23T21:50:27.0178228Z [ 78%] Building CXX object coretypes/CMakeFiles/quasar_coretypes.dir/src/BufferSlice.cpp.o
2026-04-23T21:50:27.0298799Z [ 78%] Building CXX object coretypes/CMakeFiles/quasar_coretypes.dir/src/Integer.cpp.o
2026-04-23T21:50:27.0435974Z [ 78%] Building CXX object coretypes/CMakeFiles/quasar_coretypes.dir/src/String.cpp.o
2026-04-23T21:50:27.0541336Z [ 78%] Linking CXX shared library ../lib/libquasar_coretypes.so
2026-04-23T21:50:27.1310205Z [ 78%] Built target quasar_coretypes
2026-04-23T21:50:27.1468930Z [ 78%] Building CXX object coretypes/test/CMakeFiles/coretypes_test.dir/TestBitBuffer.cpp.o
2026-04-23T21:50:27.1616137Z [ 78%] Building CXX object coretypes/test/CMakeFiles/coretypes_test.dir/TestBitBufferSlice.cpp.o
2026-04-23T21:50:27.1761002Z [ 78%] Building CXX object coretypes/test/CMakeFiles/coretypes_test.dir/TestBitBufferStress.cpp.o
2026-04-23T21:50:27.1905602Z [ 78%] Building CXX object coretypes/test/CMakeFiles/coretypes_test.dir/TestBoolean.cpp.o
2026-04-23T21:50:27.2050590Z [ 78%] Building CXX object coretypes/test/CMakeFiles/coretypes_test.dir/TestBuffer.cpp.o
2026-04-23T21:50:27.2199462Z [ 78%] Building CXX object coretypes/test/CMakeFiles/coretypes_test.dir/TestFloatingPoint.cpp.o
2026-04-23T21:50:27.2352704Z [ 78%] Building CXX object coretypes/test/CMakeFiles/coretypes_test.dir/TestInteger.cpp.o
2026-04-23T21:50:27.2517318Z [ 79%] Building CXX object coretypes/test/CMakeFiles/coretypes_test.dir/TestIntegerPolymorphic.cpp.o
2026-04-23T21:50:27.2706401Z [ 79%] Building CXX object coretypes/test/CMakeFiles/coretypes_test.dir/TestString.cpp.o
2026-04-23T21:50:27.2852551Z [ 79%] Building CXX object coretypes/test/CMakeFiles/coretypes_test.dir/TestThreadSafety.cpp.o
2026-04-23T21:50:27.3017153Z [ 79%] Linking CXX executable ../../bin/coretypes_test
2026-04-23T21:50:27.4554304Z [ 79%] Built target coretypes_test
2026-04-23T21:50:27.4714811Z [ 79%] Building CXX object named/CMakeFiles/quasar_named.dir/src/ActiveEntity.cpp.o
2026-04-23T21:50:28.6021269Z [ 79%] Building CXX object named/CMakeFiles/quasar_named.dir/src/Serialization.cpp.o
2026-04-23T21:50:47.0464434Z [ 79%] Building CXX object named/CMakeFiles/quasar_named.dir/src/Traversal.cpp.o
2026-04-23T21:50:48.0742241Z [ 79%] Building CXX object named/CMakeFiles/quasar_named.dir/src/quasar/named/NamedBitBuffer.cpp.o
2026-04-23T21:50:48.7898988Z [ 79%] Building CXX object named/CMakeFiles/quasar_named.dir/src/quasar/named/NamedBitBufferSlice.cpp.o
2026-04-23T21:50:49.6904465Z [ 79%] Building CXX object named/CMakeFiles/quasar_named.dir/src/quasar/named/NamedBoolean.cpp.o
2026-04-23T21:50:50.4503299Z [ 79%] Building CXX object named/CMakeFiles/quasar_named.dir/src/quasar/named/NamedBuffer.cpp.o
2026-04-23T21:50:51.1837606Z [ 79%] Building CXX object named/CMakeFiles/quasar_named.dir/src/quasar/named/NamedBufferSlice.cpp.o
2026-04-23T21:50:52.0875369Z [ 80%] Building CXX object named/CMakeFiles/quasar_named.dir/src/quasar/named/NamedMethod.cpp.o
2026-04-23T21:50:52.8419370Z [ 80%] Building CXX object named/CMakeFiles/quasar_named.dir/src/quasar/named/NamedObject.cpp.o
2026-04-23T21:50:56.9192831Z [ 80%] Building CXX object named/CMakeFiles/quasar_named.dir/src/quasar/named/NamedService.cpp.o
2026-04-23T21:50:57.9670459Z [ 80%] Building CXX object named/CMakeFiles/quasar_named.dir/src/quasar/named/NamedString.cpp.o
2026-04-23T21:50:58.5891624Z [ 80%] Building CXX object named/CMakeFiles/quasar_named.dir/src/quasar/named/TypedNamedMethod.cpp.o
2026-04-23T21:50:59.5315563Z [ 80%] Building CXX object named/CMakeFiles/quasar_named.dir/src/quasar/named/WebNamedMethod.cpp.o
2026-04-23T21:51:00.4604587Z [ 80%] Building CXX object named/CMakeFiles/quasar_named.dir/src/quasar/named/traversal/PredefinedRules.cpp.o
2026-04-23T21:51:09.8811846Z [ 80%] Building CXX object named/CMakeFiles/quasar_named.dir/src/quasar/named/traversal/Transformer.cpp.o
2026-04-23T21:51:11.3213313Z [ 80%] Linking CXX shared library ../lib/libquasar_named.so
2026-04-23T21:51:11.4394570Z [ 80%] Built target quasar_named
2026-04-23T21:51:11.4552684Z [ 80%] Building CXX object named/test/CMakeFiles/named_test.dir/TestActiveEntity.cpp.o
2026-04-23T21:51:13.7970726Z [ 80%] Building CXX object named/test/CMakeFiles/named_test.dir/TestBoundPrimitives.cpp.o
2026-04-23T21:51:23.1717364Z [ 80%] Building CXX object named/test/CMakeFiles/named_test.dir/TestMethodPerformance.cpp.o
2026-04-23T21:51:25.3443652Z [ 80%] Building CXX object named/test/CMakeFiles/named_test.dir/TestNamedContainers.cpp.o
2026-04-23T21:51:34.5433062Z [ 80%] Building CXX object named/test/CMakeFiles/named_test.dir/TestNamedMethodAndService.cpp.o
2026-04-23T21:51:42.9457862Z [ 81%] Building CXX object named/test/CMakeFiles/named_test.dir/TestNamedObject.cpp.o
2026-04-23T21:51:52.0485863Z [ 81%] Building CXX object named/test/CMakeFiles/named_test.dir/TestNamedObjectStress.cpp.o
2026-04-23T21:51:53.8526655Z [ 81%] Building CXX object named/test/CMakeFiles/named_test.dir/TestNamedObjectThreadSafety.cpp.o
2026-04-23T21:51:55.4517250Z [ 81%] Building CXX object named/test/CMakeFiles/named_test.dir/TestNamedSlices.cpp.o
2026-04-23T21:51:57.8683076Z [ 81%] Building CXX object named/test/CMakeFiles/named_test.dir/TestNamedString.cpp.o
2026-04-23T21:51:59.6952992Z [ 81%] Building CXX object named/test/CMakeFiles/named_test.dir/TestNamedVariantsAndTemporal.cpp.o
2026-04-23T21:52:11.7543607Z [ 81%] Building CXX object named/test/CMakeFiles/named_test.dir/TestPredefinedRules.cpp.o
2026-04-23T21:52:20.2129661Z [ 81%] Building CXX object named/test/CMakeFiles/named_test.dir/TestProtocolMapping.cpp.o
2026-04-23T21:52:28.9508352Z [ 81%] Building CXX object named/test/CMakeFiles/named_test.dir/TestSerialization.cpp.o
2026-04-23T21:52:39.5956231Z [ 81%] Building CXX object named/test/CMakeFiles/named_test.dir/TestTransformer.cpp.o
2026-04-23T21:52:48.9983824Z [ 81%] Building CXX object named/test/CMakeFiles/named_test.dir/TestTransformerStress.cpp.o
2026-04-23T21:52:50.9329217Z [ 82%] Building CXX object named/test/CMakeFiles/named_test.dir/TestTraversal.cpp.o
2026-04-23T21:52:59.4204373Z [ 82%] Linking CXX executable ../../bin/named_test
2026-04-23T21:52:59.6230809Z [ 82%] Built target named_test
2026-04-23T21:52:59.6377928Z [ 82%] Building CXX object datacodec/CMakeFiles/datacodec.dir/src/ICodec.cpp.o
2026-04-23T21:53:00.2023337Z [ 82%] Linking CXX static library ../lib/libdatacodec.a
2026-04-23T21:53:00.2256473Z [ 82%] Built target datacodec
2026-04-23T21:53:00.2403674Z [ 82%] Building CXX object datacodec/test/CMakeFiles/datacodec_test.dir/TestJsonMapper.cpp.o
2026-04-23T21:53:11.8283328Z [ 82%] Linking CXX executable ../../bin/datacodec_test
2026-04-23T21:53:11.9374721Z [ 82%] Built target datacodec_test
2026-04-23T21:53:11.9531544Z [ 82%] Building CXX object scripting/CMakeFiles/quasar_scripting.dir/src/LuaEngine.cpp.o
2026-04-23T21:53:14.7391816Z [ 83%] Building CXX object scripting/CMakeFiles/quasar_scripting.dir/src/Environment.cpp.o
2026-04-23T21:53:16.4237481Z [ 83%] Building CXX object scripting/CMakeFiles/quasar_scripting.dir/src/TypeBindings.cpp.o
2026-04-23T21:53:16.6155094Z [ 83%] Building CXX object scripting/CMakeFiles/quasar_scripting.dir/src/RegistryBindings.cpp.o
2026-04-23T21:56:28.1866853Z [ 83%] Building CXX object scripting/CMakeFiles/quasar_scripting.dir/src/ScriptExecutor.cpp.o
2026-04-23T21:56:30.3617027Z [ 83%] Building CXX object scripting/CMakeFiles/quasar_scripting.dir/src/ScriptableNamedObject.cpp.o
2026-04-23T21:56:32.9113838Z [ 83%] Building CXX object scripting/CMakeFiles/quasar_scripting.dir/src/LuaService.cpp.o
2026-04-23T21:56:35.6839600Z [ 83%] Building CXX object scripting/CMakeFiles/quasar_scripting.dir/src/ObjectTracker.cpp.o
2026-04-23T21:56:37.6664782Z [ 83%] Building CXX object scripting/CMakeFiles/quasar_scripting.dir/src/ScriptManager.cpp.o
2026-04-23T21:56:39.7737630Z [ 83%] Building CXX object scripting/CMakeFiles/quasar_scripting.dir/src/ScriptConsole.cpp.o
2026-04-23T21:56:40.2885987Z [ 83%] Building CXX object scripting/CMakeFiles/quasar_scripting.dir/src/PluginLoader.cpp.o
2026-04-23T21:56:41.8834378Z [ 83%] Building CXX object scripting/CMakeFiles/quasar_scripting.dir/src/NamedLuaMethod.cpp.o
2026-04-23T21:56:52.5176672Z [ 84%] Building CXX object scripting/CMakeFiles/quasar_scripting.dir/src/LuaObserver.cpp.o
2026-04-23T21:56:55.0844704Z [ 84%] Linking CXX shared library ../lib/libquasar_scripting.so
2026-04-23T21:56:55.3698902Z [ 84%] Built target quasar_scripting
2026-04-23T21:56:55.3860049Z [ 84%] Building CXX object scripting/test/CMakeFiles/scripting_test.dir/TestExtendableClasses.cpp.o
2026-04-23T21:56:58.7002083Z [ 84%] Building CXX object scripting/test/CMakeFiles/scripting_test.dir/TestIndustrialStress.cpp.o
2026-04-23T21:57:08.5259801Z [ 84%] Building CXX object scripting/test/CMakeFiles/scripting_test.dir/TestLuaEngine.cpp.o
2026-04-23T21:57:11.2164530Z [ 85%] Building CXX object scripting/test/CMakeFiles/scripting_test.dir/TestLuaService.cpp.o
2026-04-23T21:57:14.4266120Z [ 85%] Building CXX object scripting/test/CMakeFiles/scripting_test.dir/TestNamedLuaMethod.cpp.o
2026-04-23T21:57:23.8855095Z [ 85%] Building CXX object scripting/test/CMakeFiles/scripting_test.dir/TestQlsh.cpp.o
2026-04-23T21:57:26.2918561Z [ 85%] Building CXX object scripting/test/CMakeFiles/scripting_test.dir/TestScriptExecution.cpp.o
2026-04-23T21:57:29.0353620Z [ 85%] Building CXX object scripting/test/CMakeFiles/scripting_test.dir/TestScriptManager.cpp.o
2026-04-23T21:57:31.6116784Z [ 85%] Building CXX object scripting/test/CMakeFiles/scripting_test.dir/TestTypeBindings.cpp.o
2026-04-23T21:57:42.9141286Z [ 85%] Linking CXX executable ../../bin/scripting_test
2026-04-23T21:57:43.0656717Z [ 85%] Built target scripting_test
2026-04-23T21:57:43.0805872Z [ 85%] Building CXX object scripting/runner/CMakeFiles/quasar-script-runner.dir/main.cpp.o
2026-04-23T21:57:44.8396522Z [ 85%] Linking CXX executable ../../bin/sre
2026-04-23T21:57:44.9161411Z [ 85%] Built target quasar-script-runner
2026-04-23T21:57:44.9325280Z [ 85%] Building CXX object datalogger/CMakeFiles/quasar_datalogger.dir/src/ADevRecorder.cpp.o
2026-04-23T21:57:45.5680356Z [ 85%] Building CXX object datalogger/CMakeFiles/quasar_datalogger.dir/src/CsvFileWriter.cpp.o
2026-04-23T21:57:46.9473497Z [ 85%] Building CXX object datalogger/CMakeFiles/quasar_datalogger.dir/src/DataLoggerService.cpp.o
2026-04-23T21:57:48.6208139Z [ 85%] Building CXX object datalogger/CMakeFiles/quasar_datalogger.dir/src/DataView.cpp.o
2026-04-23T21:57:49.3481669Z [ 86%] Building CXX object datalogger/CMakeFiles/quasar_datalogger.dir/src/MathFilter.cpp.o
2026-04-23T21:57:49.4244774Z [ 86%] Building CXX object datalogger/CMakeFiles/quasar_datalogger.dir/src/ValueThresholdTrigger.cpp.o
2026-04-23T21:57:49.5229674Z [ 86%] Linking CXX shared library ../lib/libquasar_datalogger.so
2026-04-23T21:57:49.5844176Z [ 86%] Built target quasar_datalogger
2026-04-23T21:57:49.5998874Z [ 86%] Building CXX object scripting/qlsh/CMakeFiles/qlsh.dir/main.cpp.o
2026-04-23T21:57:52.4111962Z [ 86%] Building CXX object scripting/qlsh/CMakeFiles/qlsh.dir/ShellHighlighter.cpp.o
2026-04-23T21:57:52.5159609Z [ 86%] Building CXX object scripting/qlsh/CMakeFiles/qlsh.dir/ShellCompleter.cpp.o
2026-04-23T21:57:54.8066044Z [ 88%] Building CXX object scripting/qlsh/CMakeFiles/qlsh.dir/ShellUtilities.cpp.o
2026-04-23T21:57:57.9937077Z [ 88%] Linking CXX executable ../../bin/qlsh
2026-04-23T21:57:58.0830138Z [ 88%] Built target qlsh
2026-04-23T21:57:58.0980455Z [ 88%] Building CXX object scripting/test_plugin/CMakeFiles/test_plugin.dir/TestPlugin.cpp.o
2026-04-23T21:58:01.8922639Z [ 88%] Linking CXX shared library ../../lib/libtest_plugin.so
2026-04-23T21:58:01.9666692Z [ 88%] Built target test_plugin
2026-04-23T21:58:01.9823151Z [ 88%] Building CXX object scripting/plugins/net/CMakeFiles/quasar_net_plugin.dir/src/NetPlugin.cpp.o
2026-04-23T21:58:05.5036276Z [ 88%] Building CXX object scripting/plugins/net/CMakeFiles/quasar_net_plugin.dir/src/EventTrampoline.cpp.o
2026-04-23T21:58:05.9874505Z [ 89%] Building CXX object scripting/plugins/net/CMakeFiles/quasar_net_plugin.dir/src/TCPServerWrapper.cpp.o
2026-04-23T21:58:15.8613043Z [ 89%] Building CXX object scripting/plugins/net/CMakeFiles/quasar_net_plugin.dir/src/UDPServerWrapper.cpp.o
2026-04-23T21:58:23.6911618Z [ 89%] Building CXX object scripting/plugins/net/CMakeFiles/quasar_net_plugin.dir/src/WS_Server.cpp.o
2026-04-23T21:58:27.9786307Z [ 89%] Building CXX object scripting/plugins/net/CMakeFiles/quasar_net_plugin.dir/src/WSS_Server.cpp.o
2026-04-23T21:58:38.7267180Z [ 89%] Building CXX object scripting/plugins/net/CMakeFiles/quasar_net_plugin.dir/src/TCPClientWrapper.cpp.o
2026-04-23T21:58:46.6464579Z [ 89%] Building CXX object scripting/plugins/net/CMakeFiles/quasar_net_plugin.dir/src/UDPClientWrapper.cpp.o
2026-04-23T21:58:55.4501644Z [ 89%] Building CXX object scripting/plugins/net/CMakeFiles/quasar_net_plugin.dir/src/HTTPClientWrapper.cpp.o
2026-04-23T21:59:08.8499807Z [ 89%] Building CXX object scripting/plugins/net/CMakeFiles/quasar_net_plugin.dir/src/WSClientWrapper.cpp.o
2026-04-23T21:59:21.4070306Z [ 89%] Building CXX object scripting/plugins/net/CMakeFiles/quasar_net_plugin.dir/src/SSLContextWrapper.cpp.o
2026-04-23T21:59:29.2711837Z [ 89%] Building CXX object scripting/plugins/net/CMakeFiles/quasar_net_plugin.dir/src/WebNamedMethodBindings.cpp.o
2026-04-23T21:59:34.1914508Z [ 89%] Linking CXX shared library ../../../lib/quasar_net_plugin.so
2026-04-23T21:59:34.4146333Z [ 89%] Built target quasar_net_plugin
2026-04-23T21:59:34.4298147Z [ 90%] Building CXX object scripting/plugins/net/CMakeFiles/quasar_net_sandbox.dir/test/TestSandbox.cpp.o
2026-04-23T21:59:36.1492738Z [ 90%] Linking CXX executable ../../../bin/quasar_net_sandbox
2026-04-23T21:59:36.2684561Z [ 90%] Built target quasar_net_sandbox
2026-04-23T21:59:36.2838592Z [ 90%] Building CXX object scripting/plugins/zmq/CMakeFiles/quasar_zmq.dir/src/ZmqBindings.cpp.o
2026-04-23T21:59:42.6791792Z [ 90%] Linking CXX shared library ../../../lib/quasar_zmq.so
2026-04-23T21:59:42.7517964Z [ 90%] Built target quasar_zmq
2026-04-23T21:59:42.7670962Z [ 90%] Building CXX object scripting/plugins/zmq/CMakeFiles/zmq_plugin_test.dir/test/TestZmqPlugin.cpp.o
2026-04-23T21:59:45.1752801Z [ 91%] Linking CXX executable ../../../bin/zmq_plugin_test
2026-04-23T21:59:45.2552795Z [ 91%] Built target zmq_plugin_test
2026-04-23T21:59:45.2702936Z [ 91%] Building CXX object opcua/CMakeFiles/quasar_opcua.dir/src/OpcUaClientService.cpp.o
2026-04-23T21:59:55.1218485Z [ 91%] Building CXX object opcua/CMakeFiles/quasar_opcua.dir/src/OpcUaSecurityManager.cpp.o
2026-04-23T21:59:55.2509686Z [ 91%] Building CXX object opcua/CMakeFiles/quasar_opcua.dir/src/OpcUaServerService.cpp.o
2026-04-23T21:59:57.3322824Z [ 91%] Linking CXX shared library ../lib/libquasar_opcua.so
2026-04-23T22:00:06.6757775Z [ 91%] Built target quasar_opcua
2026-04-23T22:00:06.6912386Z [ 91%] Building CXX object scripting/plugins/opcua/CMakeFiles/quasar_opcua_plugin.dir/src/OpcUaPlugin.cpp.o
2026-04-23T22:00:16.8363032Z [ 91%] Linking CXX shared library ../../../lib/quasar_opcua_plugin.so
2026-04-23T22:00:16.9293556Z [ 91%] Built target quasar_opcua_plugin
2026-04-23T22:00:16.9450321Z [ 91%] Building CXX object scripting/plugins/datalogger/CMakeFiles/quasar_datalogger_plugin.dir/src/DataLoggerPlugin.cpp.o
2026-04-23T22:00:24.1147735Z [ 91%] Linking CXX shared library ../../../lib/libquasar_datalogger_plugin.so
2026-04-23T22:00:24.2001709Z [ 91%] Built target quasar_datalogger_plugin
2026-04-23T22:00:24.2157593Z [ 91%] Building CXX object resoem/CMakeFiles/resoem.dir/src/RawSocket.cpp.o
2026-04-23T22:00:24.3155017Z [ 91%] Building CXX object resoem/CMakeFiles/resoem.dir/src/EtherCATFrame.cpp.o
2026-04-23T22:00:24.3873252Z [ 91%] Building CXX object resoem/CMakeFiles/resoem.dir/src/Enumerator.cpp.o
2026-04-23T22:00:24.5101243Z [ 91%] Building CXX object resoem/CMakeFiles/resoem.dir/src/MailboxHandler.cpp.o
2026-04-23T22:00:24.6158678Z [ 91%] Building CXX object resoem/CMakeFiles/resoem.dir/src/CoEHandler.cpp.o
2026-04-23T22:00:24.7103791Z [ 91%] Building CXX object resoem/CMakeFiles/resoem.dir/src/FoEHandler.cpp.o
2026-04-23T22:00:24.8253856Z [ 91%] Building CXX object resoem/CMakeFiles/resoem.dir/src/SoEHandler.cpp.o
2026-04-23T22:00:24.9083729Z [ 92%] Building CXX object resoem/CMakeFiles/resoem.dir/src/EoEHandler.cpp.o
2026-04-23T22:00:25.0020851Z [ 92%] Building CXX object resoem/CMakeFiles/resoem.dir/src/Diagnostics.cpp.o
2026-04-23T22:00:25.0472678Z [ 92%] Building CXX object resoem/CMakeFiles/resoem.dir/src/EthercatMasterService.cpp.o
2026-04-23T22:00:33.5788541Z [ 92%] Building CXX object resoem/CMakeFiles/resoem.dir/src/EthercatSlave.cpp.o
2026-04-23T22:00:40.9343655Z [ 92%] Linking CXX static library ../lib/libresoem.a
2026-04-23T22:00:40.9837987Z [ 92%] Built target resoem
2026-04-23T22:00:40.9989417Z [ 92%] Building CXX object scripting/plugins/resoem/CMakeFiles/quasar_resoem_plugin.dir/src/ResoemPlugin.cpp.o
2026-04-23T22:00:48.5570132Z [ 92%] Linking CXX shared library ../../../lib/libquasar_resoem_plugin.so
2026-04-23T22:00:48.6631255Z [ 92%] Built target quasar_resoem_plugin
2026-04-23T22:00:48.6789888Z [ 92%] Building CXX object calibration/CMakeFiles/quasar_calibration.dir/src/Calibration.cpp.o
2026-04-23T22:00:48.7340918Z [ 92%] Building CXX object calibration/CMakeFiles/quasar_calibration.dir/src/LuaBindings.cpp.o
2026-04-23T22:00:56.4235710Z [ 92%] Linking CXX static library ../lib/libquasar_calibration.a
2026-04-23T22:00:56.4553870Z [ 92%] Built target quasar_calibration
2026-04-23T22:00:56.4703206Z [ 92%] Building CXX object calibration/CMakeFiles/quasar_calibration_test.dir/test/main.cpp.o
2026-04-23T22:00:56.6157698Z [ 92%] Building CXX object calibration/CMakeFiles/quasar_calibration_test.dir/test/TestCalibrations.cpp.o
2026-04-23T22:00:56.7920952Z [ 92%] Linking CXX executable ../bin/quasar_calibration_test
2026-04-23T22:00:56.8610994Z [ 92%] Built target quasar_calibration_test
2026-04-23T22:00:56.8764381Z [ 92%] Building CXX object resoem/CMakeFiles/test_broadcast_read.dir/test/test_broadcast_read.cpp.o
2026-04-23T22:00:56.9767075Z [ 92%] Linking CXX executable ../bin/test_broadcast_read
2026-04-23T22:00:57.0356116Z [ 92%] Built target test_broadcast_read
2026-04-23T22:00:57.0514281Z [ 92%] Building CXX object resoem/CMakeFiles/test_enumeration.dir/test/test_enumeration.cpp.o
2026-04-23T22:00:57.1344465Z [ 92%] Linking CXX executable ../bin/test_enumeration
2026-04-23T22:00:57.1940405Z [ 92%] Built target test_enumeration
2026-04-23T22:00:57.2094605Z [ 93%] Building CXX object resoem/CMakeFiles/test_coe_upload.dir/test/test_coe_upload.cpp.o
2026-04-23T22:00:57.2914577Z [ 93%] Linking CXX executable ../bin/test_coe_upload
2026-04-23T22:00:57.3504342Z [ 93%] Built target test_coe_upload
2026-04-23T22:00:57.3660610Z [ 93%] Building CXX object resoem/CMakeFiles/test_soe_framing.dir/test/test_soe_framing.cpp.o
2026-04-23T22:00:57.4493955Z [ 93%] Linking CXX executable ../bin/test_soe_framing
2026-04-23T22:00:57.5091024Z [ 93%] Built target test_soe_framing
2026-04-23T22:00:57.5247333Z [ 93%] Building CXX object resoem/CMakeFiles/test_topology.dir/test/test_topology.cpp.o
2026-04-23T22:00:57.6140745Z [ 93%] Linking CXX executable ../bin/test_topology
2026-04-23T22:00:57.6706623Z [ 93%] Built target test_topology
2026-04-23T22:00:57.6859414Z [ 93%] Building CXX object resoem/CMakeFiles/test_dc_calc.dir/test/test_dc_calc.cpp.o
2026-04-23T22:00:57.7575989Z [ 93%] Linking CXX executable ../bin/test_dc_calc
2026-04-23T22:00:57.8143907Z [ 93%] Built target test_dc_calc
2026-04-23T22:00:57.8295834Z [ 93%] Building CXX object resoem/CMakeFiles/test_redundancy.dir/test/test_redundancy.cpp.o
2026-04-23T22:00:57.9040256Z [ 94%] Linking CXX executable ../bin/test_redundancy
2026-04-23T22:00:57.9637086Z [ 94%] Built target test_redundancy
2026-04-23T22:00:57.9788498Z [ 94%] Building CXX object resoem/CMakeFiles/test_diagnostics.dir/test/test_diagnostics.cpp.o
2026-04-23T22:00:58.0620622Z [ 94%] Linking CXX executable ../bin/test_diagnostics
2026-04-23T22:00:58.1216741Z [ 94%] Built target test_diagnostics
2026-04-23T22:00:58.1369914Z [ 94%] Building CXX object resoem/samples/CMakeFiles/simple_ng.dir/simple_ng.cpp.o
2026-04-23T22:00:58.2592577Z [ 94%] Linking CXX executable ../../bin/simple_ng
2026-04-23T22:00:58.3198188Z [ 94%] Built target simple_ng
2026-04-23T22:00:58.3347664Z [ 94%] Building CXX object resoem/samples/CMakeFiles/slaveinfo.dir/slaveinfo.cpp.o
2026-04-23T22:00:58.4393706Z [ 94%] Linking CXX executable ../../bin/slaveinfo
2026-04-23T22:00:58.4985074Z [ 94%] Built target slaveinfo
2026-04-23T22:00:58.5145412Z [ 94%] Building CXX object resoem/samples/CMakeFiles/eepromtool.dir/eepromtool.cpp.o
2026-04-23T22:00:58.6091521Z [ 94%] Linking CXX executable ../../bin/eepromtool
2026-04-23T22:00:58.6811349Z [ 94%] Built target eepromtool
2026-04-23T22:00:58.7068686Z [ 95%] Building CXX object resoem/samples/CMakeFiles/firm_update.dir/firm_update.cpp.o
2026-04-23T22:00:58.8136517Z [ 95%] Linking CXX executable ../../bin/firm_update
2026-04-23T22:00:58.8735226Z [ 95%] Built target firm_update
2026-04-23T22:00:58.8888989Z [ 95%] Building CXX object resoem/samples/CMakeFiles/eoe_test.dir/eoe_test.cpp.o
2026-04-23T22:00:58.9918569Z [ 95%] Linking CXX executable ../../bin/eoe_test
2026-04-23T22:00:59.0522386Z [ 95%] Built target eoe_test
2026-04-23T22:00:59.0600693Z [ 95%] Generating sample-eni.c from sample-eni.xml
2026-04-23T22:00:59.1006024Z [ 95%] Building CXX object resoem/samples/CMakeFiles/eni_test.dir/eni_test.cpp.o
2026-04-23T22:00:59.1940099Z [ 95%] Building C object resoem/samples/CMakeFiles/eni_test.dir/sample-eni.c.o
2026-04-23T22:00:59.2099529Z [ 95%] Linking CXX executable ../../bin/eni_test
2026-04-23T22:00:59.2690499Z [ 95%] Built target eni_test
2026-04-23T22:00:59.2843033Z [ 95%] Building CXX object resoem/samples/CMakeFiles/testmaster100.dir/testmaster100.cpp.o
2026-04-23T22:00:59.3936111Z [ 95%] Linking CXX executable ../../bin/testmaster100
2026-04-23T22:00:59.4536773Z [ 95%] Built target testmaster100
2026-04-23T22:00:59.4688516Z [ 95%] Building CXX object resoem/tools/CMakeFiles/ecat-ls.dir/src/ecat_ls.cpp.o
2026-04-23T22:00:59.5656263Z [ 95%] Building CXX object resoem/tools/CMakeFiles/ecat-ls.dir/__/__/third-party/cpp-optparse/OptionParser.cpp.o
2026-04-23T22:00:59.6855677Z [ 95%] Linking CXX executable ../../bin/ecat-ls
2026-04-23T22:00:59.7484531Z [ 95%] Built target ecat-ls
2026-04-23T22:00:59.7636034Z [ 95%] Building CXX object resoem/tools/CMakeFiles/ecat-diag.dir/src/ecat_diag.cpp.o
2026-04-23T22:00:59.8604562Z [ 95%] Building CXX object resoem/tools/CMakeFiles/ecat-diag.dir/__/__/third-party/cpp-optparse/OptionParser.cpp.o
2026-04-23T22:00:59.8732884Z [ 95%] Linking CXX executable ../../bin/ecat-diag
2026-04-23T22:00:59.9346168Z [ 95%] Built target ecat-diag
2026-04-23T22:00:59.9500953Z [ 95%] Building CXX object resoem/tools/CMakeFiles/ecat-sdo.dir/src/ecat_sdo.cpp.o
2026-04-23T22:01:00.0480988Z [ 95%] Building CXX object resoem/tools/CMakeFiles/ecat-sdo.dir/__/__/third-party/cpp-optparse/OptionParser.cpp.o
2026-04-23T22:01:00.0614187Z [ 96%] Linking CXX executable ../../bin/ecat-sdo
2026-04-23T22:01:00.1222339Z [ 96%] Built target ecat-sdo
2026-04-23T22:01:00.1374333Z [ 96%] Building CXX object resoem/tools/CMakeFiles/ecat-top.dir/src/ecat_top.cpp.o
2026-04-23T22:01:01.9666688Z [ 96%] Linking CXX executable ../../bin/ecat-top
2026-04-23T22:01:02.0729886Z [ 96%] Built target ecat-top
2026-04-23T22:01:02.0884531Z [ 96%] Building CXX object logicengine/CMakeFiles/quasar_logicengine.dir/src/BitVector.cpp.o
2026-04-23T22:01:02.1582398Z [ 96%] Building CXX object logicengine/CMakeFiles/quasar_logicengine.dir/src/LogicComponent.cpp.o
2026-04-23T22:01:02.8599516Z [ 96%] Building CXX object logicengine/CMakeFiles/quasar_logicengine.dir/src/LogicEngine.cpp.o
2026-04-23T22:01:03.7009388Z [ 96%] Building CXX object logicengine/CMakeFiles/quasar_logicengine.dir/src/CauseEffectMatrix.cpp.o
2026-04-23T22:01:04.7845231Z [ 96%] Building CXX object logicengine/CMakeFiles/quasar_logicengine.dir/src/StateMachine.cpp.o
2026-04-23T22:01:07.2621630Z [ 96%] Building CXX object logicengine/CMakeFiles/quasar_logicengine.dir/src/SFC.cpp.o
2026-04-23T22:01:09.3265337Z [ 97%] Building CXX object logicengine/CMakeFiles/quasar_logicengine.dir/src/Expression.cpp.o
2026-04-23T22:01:12.9101682Z [ 97%] Building CXX object logicengine/CMakeFiles/quasar_logicengine.dir/src/EvaluationPool.cpp.o
2026-04-23T22:01:15.6535912Z [ 97%] Linking CXX static library ../lib/libquasar_logicengine.a
2026-04-23T22:01:15.6837048Z [ 97%] Built target quasar_logicengine
2026-04-23T22:01:15.6990919Z [ 97%] Building CXX object logicengine/CMakeFiles/logicengine_test.dir/test/LogicEngineTest.cpp.o
2026-04-23T22:01:17.1939886Z [ 97%] Building CXX object logicengine/CMakeFiles/logicengine_test.dir/test/StateMachineTest.cpp.o
2026-04-23T22:01:26.9341471Z [ 97%] Building CXX object logicengine/CMakeFiles/logicengine_test.dir/test/SFCTest.cpp.o
2026-04-23T22:01:36.3835115Z [ 98%] Building CXX object logicengine/CMakeFiles/logicengine_test.dir/test/LogicStressTest.cpp.o
2026-04-23T22:01:46.1907817Z [ 98%] Linking CXX executable ../bin/logicengine_test
2026-04-23T22:01:46.3310682Z [ 98%] Built target logicengine_test
2026-04-23T22:01:46.3460609Z [ 98%] Building CXX object opcua/test/CMakeFiles/opcua_test.dir/TestOpcUaServer.cpp.o
2026-04-23T22:01:54.7404704Z [ 98%] Building CXX object opcua/test/CMakeFiles/opcua_test.dir/TestOpcUaClient.cpp.o
2026-04-23T22:02:03.8403435Z [ 98%] Linking CXX executable ../../bin/opcua_test
2026-04-23T22:02:03.9634238Z [ 98%] Built target opcua_test
2026-04-23T22:02:03.9786845Z [ 98%] Building CXX object sample-models/CMakeFiles/sample-inverter.dir/src/InverterModel.cpp.o
2026-04-23T22:02:03.9906391Z [ 98%] Building CXX object sample-models/CMakeFiles/sample-inverter.dir/src/InverterLib.cpp.o
2026-04-23T22:02:04.0026359Z [ 98%] Building CXX object sample-models/CMakeFiles/sample-inverter.dir/src/common/SmpModel.cpp.o
2026-04-23T22:02:04.0146185Z [ 98%] Linking CXX shared library ../lib/libsample-inverter.so
2026-04-23T22:02:04.0680074Z [ 98%] Built target sample-inverter
2026-04-23T22:02:04.0835504Z [ 98%] Building CXX object sample-models/CMakeFiles/sample-delayed-simple.dir/src/DelayedModels.cpp.o
2026-04-23T22:02:04.0959103Z [ 98%] Building CXX object sample-models/CMakeFiles/sample-delayed-simple.dir/src/DelayedSimpleLib.cpp.o
2026-04-23T22:02:04.1077628Z [100%] Building CXX object sample-models/CMakeFiles/sample-delayed-simple.dir/src/common/SmpModel.cpp.o
2026-04-23T22:02:04.1197634Z [100%] Linking CXX shared library ../lib/libsample-delayed-simple.so
2026-04-23T22:02:04.1725631Z [100%] Built target sample-delayed-simple
2026-04-23T22:02:04.1878825Z [100%] Building CXX object sample-models/CMakeFiles/sample-delayed-array.dir/src/DelayedModels.cpp.o
2026-04-23T22:02:04.2002122Z [100%] Building CXX object sample-models/CMakeFiles/sample-delayed-array.dir/src/DelayedArrayLib.cpp.o
2026-04-23T22:02:04.2121497Z [100%] Building CXX object sample-models/CMakeFiles/sample-delayed-array.dir/src/common/SmpModel.cpp.o
2026-04-23T22:02:04.2242904Z [100%] Linking CXX shared library ../lib/libsample-delayed-array.so
2026-04-23T22:02:04.2768297Z [100%] Built target sample-delayed-array
2026-04-23T22:02:04.2919278Z [100%] Building CXX object sim-test/CMakeFiles/sim-test.dir/src/main.cpp.o
2026-04-23T22:02:04.3050055Z [100%] Linking CXX executable ../bin/sim-test
2026-04-23T22:02:04.3711361Z [100%] Built target sim-test
2026-04-23T22:02:04.3861322Z [100%] Building CXX object sim-test/CMakeFiles/dynamic-sim-test.dir/src/dynamic_main.cpp.o
2026-04-23T22:02:04.3992022Z [100%] Linking CXX executable ../bin/dynamic-sim-test
2026-04-23T22:02:04.4662822Z [100%] Built target dynamic-sim-test
2026-04-23T22:02:04.4814252Z [100%] Building CXX object sim-test/CMakeFiles/test-inverter.dir/src/test_inverter.cpp.o
2026-04-23T22:02:04.4943852Z [100%] Linking CXX executable ../bin/test-inverter
2026-04-23T22:02:04.5595011Z [100%] Built target test-inverter
2026-04-23T22:02:04.5741814Z [100%] Building CXX object sim-test/CMakeFiles/test-delayed-simple.dir/src/test_delayed_simple.cpp.o
2026-04-23T22:02:04.5870933Z [100%] Linking CXX executable ../bin/test-delayed-simple
2026-04-23T22:02:04.6524616Z [100%] Built target test-delayed-simple
2026-04-23T22:02:04.6673786Z [100%] Building CXX object sim-test/CMakeFiles/test-delayed-array.dir/src/test_delayed_array.cpp.o
2026-04-23T22:02:04.6802602Z [100%] Linking CXX executable ../bin/test-delayed-array
2026-04-23T22:02:04.7458639Z [100%] Built target test-delayed-array
2026-04-23T22:02:04.7610561Z [100%] Building CXX object datalogger/test/CMakeFiles/datalogger_test.dir/TestCsvFileWriter.cpp.o
2026-04-23T22:02:06.6094505Z [100%] Building CXX object datalogger/test/CMakeFiles/datalogger_test.dir/TestDataLoggerService.cpp.o
2026-04-23T22:02:08.5415299Z [100%] Building CXX object datalogger/test/CMakeFiles/datalogger_test.dir/TestDataloggerRingBuffer.cpp.o
2026-04-23T22:02:08.6878513Z [100%] Building CXX object datalogger/test/CMakeFiles/datalogger_test.dir/TestDataloggerStress.cpp.o
2026-04-23T22:02:10.8752302Z [100%] Building CXX object datalogger/test/CMakeFiles/datalogger_test.dir/TestLogMacros.cpp.o
2026-04-23T22:02:12.7007953Z [100%] Linking CXX executable ../../bin/datalogger_test
2026-04-23T22:02:12.7900024Z [100%] Built target datalogger_test
2026-04-23T22:02:12.8049255Z [100%] Building Mission Control Frontend (Vite/React)...
2026-04-23T22:02:13.3554620Z npm WARN EBADENGINE Unsupported engine {
2026-04-23T22:02:13.3555265Z npm WARN EBADENGINE   package: '@asamuzakjp/css-color@5.1.11',
2026-04-23T22:02:13.3556304Z npm WARN EBADENGINE   required: { node: '^20.19.0 || ^22.12.0 || >=24.0.0' },
2026-04-23T22:02:13.3558384Z npm WARN EBADENGINE   current: { node: 'v18.20.4', npm: '9.2.0' }
2026-04-23T22:02:13.3559287Z npm WARN EBADENGINE }
2026-04-23T22:02:13.3564937Z npm WARN EBADENGINE Unsupported engine {
2026-04-23T22:02:13.3566080Z npm WARN EBADENGINE   package: '@asamuzakjp/dom-selector@7.1.1',
2026-04-23T22:02:13.3567086Z npm WARN EBADENGINE   required: { node: '^20.19.0 || ^22.12.0 || >=24.0.0' },
2026-04-23T22:02:13.3567943Z npm WARN EBADENGINE   current: { node: 'v18.20.4', npm: '9.2.0' }
2026-04-23T22:02:13.3568627Z npm WARN EBADENGINE }
2026-04-23T22:02:13.3572215Z npm WARN EBADENGINE Unsupported engine {
2026-04-23T22:02:13.3572964Z npm WARN EBADENGINE   package: '@asamuzakjp/generational-cache@1.0.1',
2026-04-23T22:02:13.3573853Z npm WARN EBADENGINE   required: { node: '^20.19.0 || ^22.12.0 || >=24.0.0' },
2026-04-23T22:02:13.3574719Z npm WARN EBADENGINE   current: { node: 'v18.20.4', npm: '9.2.0' }
2026-04-23T22:02:13.3575342Z npm WARN EBADENGINE }
2026-04-23T22:02:13.3588711Z npm WARN EBADENGINE Unsupported engine {
2026-04-23T22:02:13.3589305Z npm WARN EBADENGINE   package: '@csstools/color-helpers@6.0.2',
2026-04-23T22:02:13.3589666Z npm WARN EBADENGINE   required: { node: '>=20.19.0' },
2026-04-23T22:02:13.3590100Z npm WARN EBADENGINE   current: { node: 'v18.20.4', npm: '9.2.0' }
2026-04-23T22:02:13.3590435Z npm WARN EBADENGINE }
2026-04-23T22:02:13.3593020Z npm WARN EBADENGINE Unsupported engine {
2026-04-23T22:02:13.3593643Z npm WARN EBADENGINE   package: '@csstools/css-calc@3.2.0',
2026-04-23T22:02:13.3594208Z npm WARN EBADENGINE   required: { node: '>=20.19.0' },
2026-04-23T22:02:13.3594585Z npm WARN EBADENGINE   current: { node: 'v18.20.4', npm: '9.2.0' }
2026-04-23T22:02:13.3594970Z npm WARN EBADENGINE }
2026-04-23T22:02:13.3598646Z npm WARN EBADENGINE Unsupported engine {
2026-04-23T22:02:13.3599659Z npm WARN EBADENGINE   package: '@csstools/css-color-parser@4.1.0',
2026-04-23T22:02:13.3600558Z npm WARN EBADENGINE   required: { node: '>=20.19.0' },
2026-04-23T22:02:13.3601375Z npm WARN EBADENGINE   current: { node: 'v18.20.4', npm: '9.2.0' }
2026-04-23T22:02:13.3602152Z npm WARN EBADENGINE }
2026-04-23T22:02:13.3602614Z npm WARN EBADENGINE Unsupported engine {
2026-04-23T22:02:13.3603302Z npm WARN EBADENGINE   package: '@csstools/css-parser-algorithms@4.0.0',
2026-04-23T22:02:13.3604249Z npm WARN EBADENGINE   required: { node: '>=20.19.0' },
2026-04-23T22:02:13.3604976Z npm WARN EBADENGINE   current: { node: 'v18.20.4', npm: '9.2.0' }
2026-04-23T22:02:13.3605618Z npm WARN EBADENGINE }
2026-04-23T22:02:13.3610150Z npm WARN EBADENGINE Unsupported engine {
2026-04-23T22:02:13.3610735Z npm WARN EBADENGINE   package: '@csstools/css-tokenizer@4.0.0',
2026-04-23T22:02:13.3611353Z npm WARN EBADENGINE   required: { node: '>=20.19.0' },
2026-04-23T22:02:13.3611983Z npm WARN EBADENGINE   current: { node: 'v18.20.4', npm: '9.2.0' }
2026-04-23T22:02:13.3613208Z npm WARN EBADENGINE }
2026-04-23T22:02:13.3617405Z npm WARN EBADENGINE Unsupported engine {
2026-04-23T22:02:13.3617961Z npm WARN EBADENGINE   package: '@eslint/config-array@0.23.5',
2026-04-23T22:02:13.3618622Z npm WARN EBADENGINE   required: { node: '^20.19.0 || ^22.13.0 || >=24' },
2026-04-23T22:02:13.3619602Z npm WARN EBADENGINE   current: { node: 'v18.20.4', npm: '9.2.0' }
2026-04-23T22:02:13.3620114Z npm WARN EBADENGINE }
2026-04-23T22:02:13.3620487Z npm WARN EBADENGINE Unsupported engine {
2026-04-23T22:02:13.3621020Z npm WARN EBADENGINE   package: '@eslint/config-helpers@0.5.5',
2026-04-23T22:02:13.3621961Z npm WARN EBADENGINE   required: { node: '^20.19.0 || ^22.13.0 || >=24' },
2026-04-23T22:02:13.3622629Z npm WARN EBADENGINE   current: { node: 'v18.20.4', npm: '9.2.0' }
2026-04-23T22:02:13.3623097Z npm WARN EBADENGINE }
2026-04-23T22:02:13.3623478Z npm WARN EBADENGINE Unsupported engine {
2026-04-23T22:02:13.3624146Z npm WARN EBADENGINE   package: '@eslint/core@1.2.1',
2026-04-23T22:02:13.3624779Z npm WARN EBADENGINE   required: { node: '^20.19.0 || ^22.13.0 || >=24' },
2026-04-23T22:02:13.3625457Z npm WARN EBADENGINE   current: { node: 'v18.20.4', npm: '9.2.0' }
2026-04-23T22:02:13.3625962Z npm WARN EBADENGINE }
2026-04-23T22:02:13.3626324Z npm WARN EBADENGINE Unsupported engine {
2026-04-23T22:02:13.3626795Z npm WARN EBADENGINE   package: '@eslint/js@10.0.1',
2026-04-23T22:02:13.3627420Z npm WARN EBADENGINE   required: { node: '^20.19.0 || ^22.13.0 || >=24' },
2026-04-23T22:02:13.3628098Z npm WARN EBADENGINE   current: { node: 'v18.20.4', npm: '9.2.0' }
2026-04-23T22:02:13.3628595Z npm WARN EBADENGINE }
2026-04-23T22:02:13.3628973Z npm WARN EBADENGINE Unsupported engine {
2026-04-23T22:02:13.3640814Z npm WARN EBADENGINE   package: '@eslint/object-schema@3.0.5',
2026-04-23T22:02:13.3641285Z npm WARN EBADENGINE   required: { node: '^20.19.0 || ^22.13.0 || >=24' },
2026-04-23T22:02:13.3641692Z npm WARN EBADENGINE   current: { node: 'v18.20.4', npm: '9.2.0' }
2026-04-23T22:02:13.3641999Z npm WARN EBADENGINE }
2026-04-23T22:02:13.3642221Z npm WARN EBADENGINE Unsupported engine {
2026-04-23T22:02:13.3642519Z npm WARN EBADENGINE   package: '@eslint/plugin-kit@0.7.1',
2026-04-23T22:02:13.3642887Z npm WARN EBADENGINE   required: { node: '^20.19.0 || ^22.13.0 || >=24' },
2026-04-23T22:02:13.3643270Z npm WARN EBADENGINE   current: { node: 'v18.20.4', npm: '9.2.0' }
2026-04-23T22:02:13.3643573Z npm WARN EBADENGINE }
2026-04-23T22:02:13.3643780Z npm WARN EBADENGINE Unsupported engine {
2026-04-23T22:02:13.3644309Z npm WARN EBADENGINE   package: '@exodus/bytes@1.15.0',
2026-04-23T22:02:13.3644922Z npm WARN EBADENGINE   required: { node: '^20.19.0 || ^22.12.0 || >=24.0.0' },
2026-04-23T22:02:13.3645507Z npm WARN EBADENGINE   current: { node: 'v18.20.4', npm: '9.2.0' }
2026-04-23T22:02:13.3645962Z npm WARN EBADENGINE }
2026-04-23T22:02:13.3653940Z npm WARN EBADENGINE Unsupported engine {
2026-04-23T22:02:13.3655039Z npm WARN EBADENGINE   package: '@vitejs/plugin-react@6.0.1',
2026-04-23T22:02:13.3655706Z npm WARN EBADENGINE   required: { node: '^20.19.0 || >=22.12.0' },
2026-04-23T22:02:13.3656403Z npm WARN EBADENGINE   current: { node: 'v18.20.4', npm: '9.2.0' }
2026-04-23T22:02:13.3656960Z npm WARN EBADENGINE }
2026-04-23T22:02:13.3664789Z npm WARN EBADENGINE Unsupported engine {
2026-04-23T22:02:13.3665366Z npm WARN EBADENGINE   package: 'data-urls@7.0.0',
2026-04-23T22:02:13.3665943Z npm WARN EBADENGINE   required: { node: '^20.19.0 || ^22.12.0 || >=24.0.0' },
2026-04-23T22:02:13.3666606Z npm WARN EBADENGINE   current: { node: 'v18.20.4', npm: '9.2.0' }
2026-04-23T22:02:13.3667116Z npm WARN EBADENGINE }
2026-04-23T22:02:13.3668118Z npm WARN EBADENGINE Unsupported engine {
2026-04-23T22:02:13.3668600Z npm WARN EBADENGINE   package: 'entities@8.0.0',
2026-04-23T22:02:13.3669202Z npm WARN EBADENGINE   required: { node: '>=20.19.0' },
2026-04-23T22:02:13.3669742Z npm WARN EBADENGINE   current: { node: 'v18.20.4', npm: '9.2.0' }
2026-04-23T22:02:13.3670248Z npm WARN EBADENGINE }
2026-04-23T22:02:13.3671824Z npm WARN EBADENGINE Unsupported engine {
2026-04-23T22:02:13.3672487Z npm WARN EBADENGINE   package: 'eslint@10.2.1',
2026-04-23T22:02:13.3673198Z npm WARN EBADENGINE   required: { node: '^20.19.0 || ^22.13.0 || >=24' },
2026-04-23T22:02:13.3674090Z npm WARN EBADENGINE   current: { node: 'v18.20.4', npm: '9.2.0' }
2026-04-23T22:02:13.3674749Z npm WARN EBADENGINE }
2026-04-23T22:02:13.3675265Z npm WARN EBADENGINE Unsupported engine {
2026-04-23T22:02:13.3675888Z npm WARN EBADENGINE   package: 'eslint-scope@9.1.2',
2026-04-23T22:02:13.3676607Z npm WARN EBADENGINE   required: { node: '^20.19.0 || ^22.13.0 || >=24' },
2026-04-23T22:02:13.3677663Z npm WARN EBADENGINE   current: { node: 'v18.20.4', npm: '9.2.0' }
2026-04-23T22:02:13.3678663Z npm WARN EBADENGINE }
2026-04-23T22:02:13.3679144Z npm WARN EBADENGINE Unsupported engine {
2026-04-23T22:02:13.3679760Z npm WARN EBADENGINE   package: 'eslint-visitor-keys@5.0.1',
2026-04-23T22:02:13.3680544Z npm WARN EBADENGINE   required: { node: '^20.19.0 || ^22.13.0 || >=24' },
2026-04-23T22:02:13.3681381Z npm WARN EBADENGINE   current: { node: 'v18.20.4', npm: '9.2.0' }
2026-04-23T22:02:13.3681986Z npm WARN EBADENGINE }
2026-04-23T22:02:13.3682498Z npm WARN EBADENGINE Unsupported engine {
2026-04-23T22:02:13.3683109Z npm WARN EBADENGINE   package: 'espree@11.2.0',
2026-04-23T22:02:13.3683870Z npm WARN EBADENGINE   required: { node: '^20.19.0 || ^22.13.0 || >=24' },
2026-04-23T22:02:13.3684876Z npm WARN EBADENGINE   current: { node: 'v18.20.4', npm: '9.2.0' }
2026-04-23T22:02:13.3685493Z npm WARN EBADENGINE }
2026-04-23T22:02:13.3687747Z npm WARN EBADENGINE Unsupported engine {
2026-04-23T22:02:13.3688398Z npm WARN EBADENGINE   package: 'html-encoding-sniffer@6.0.0',
2026-04-23T22:02:13.3689190Z npm WARN EBADENGINE   required: { node: '^20.19.0 || ^22.12.0 || >=24.0.0' },
2026-04-23T22:02:13.3689964Z npm WARN EBADENGINE   current: { node: 'v18.20.4', npm: '9.2.0' }
2026-04-23T22:02:13.3690641Z npm WARN EBADENGINE }
2026-04-23T22:02:13.3691521Z npm WARN EBADENGINE Unsupported engine {
2026-04-23T22:02:13.3692026Z npm WARN EBADENGINE   package: 'jsdom@29.0.2',
2026-04-23T22:02:13.3692732Z npm WARN EBADENGINE   required: { node: '^20.19.0 || ^22.13.0 || >=24.0.0' },
2026-04-23T22:02:13.3693569Z npm WARN EBADENGINE   current: { node: 'v18.20.4', npm: '9.2.0' }
2026-04-23T22:02:13.3694359Z npm WARN EBADENGINE }
2026-04-23T22:02:13.3694833Z npm WARN EBADENGINE Unsupported engine {
2026-04-23T22:02:13.3695405Z npm WARN EBADENGINE   package: 'lru-cache@11.3.5',
2026-04-23T22:02:13.3696076Z npm WARN EBADENGINE   required: { node: '20 || >=22' },
2026-04-23T22:02:13.3696815Z npm WARN EBADENGINE   current: { node: 'v18.20.4', npm: '9.2.0' }
2026-04-23T22:02:13.3697497Z npm WARN EBADENGINE }
2026-04-23T22:02:13.3703678Z npm WARN EBADENGINE Unsupported engine {
2026-04-23T22:02:13.3704654Z npm WARN EBADENGINE   package: 'rolldown@1.0.0-rc.17',
2026-04-23T22:02:13.3705318Z npm WARN EBADENGINE   required: { node: '^20.19.0 || >=22.12.0' },
2026-04-23T22:02:13.3705722Z npm WARN EBADENGINE   current: { node: 'v18.20.4', npm: '9.2.0' }
2026-04-23T22:02:13.3706033Z npm WARN EBADENGINE }
2026-04-23T22:02:13.3708227Z npm WARN EBADENGINE Unsupported engine {
2026-04-23T22:02:13.3708677Z npm WARN EBADENGINE   package: 'tr46@6.0.0',
2026-04-23T22:02:13.3709115Z npm WARN EBADENGINE   required: { node: '>=20' },
2026-04-23T22:02:13.3710228Z npm WARN EBADENGINE   current: { node: 'v18.20.4', npm: '9.2.0' }
2026-04-23T22:02:13.3710586Z npm WARN EBADENGINE }
2026-04-23T22:02:13.3712616Z npm WARN EBADENGINE Unsupported engine {
2026-04-23T22:02:13.3713013Z npm WARN EBADENGINE   package: 'undici@7.25.0',
2026-04-23T22:02:13.3713571Z npm WARN EBADENGINE   required: { node: '>=20.18.1' },
2026-04-23T22:02:13.3714713Z npm WARN EBADENGINE   current: { node: 'v18.20.4', npm: '9.2.0' }
2026-04-23T22:02:13.3715420Z npm WARN EBADENGINE }
2026-04-23T22:02:13.3715712Z npm WARN EBADENGINE Unsupported engine {
2026-04-23T22:02:13.3716142Z npm WARN EBADENGINE   package: 'vite@8.0.10',
2026-04-23T22:02:13.3716467Z npm WARN EBADENGINE   required: { node: '^20.19.0 || >=22.12.0' },
2026-04-23T22:02:13.3717032Z npm WARN EBADENGINE   current: { node: 'v18.20.4', npm: '9.2.0' }
2026-04-23T22:02:13.3717530Z npm WARN EBADENGINE }
2026-04-23T22:02:13.3718109Z npm WARN EBADENGINE Unsupported engine {
2026-04-23T22:02:13.3718510Z npm WARN EBADENGINE   package: 'vitest@4.1.5',
2026-04-23T22:02:13.3719070Z npm WARN EBADENGINE   required: { node: '^20.0.0 || ^22.0.0 || >=24.0.0' },
2026-04-23T22:02:13.3719763Z npm WARN EBADENGINE   current: { node: 'v18.20.4', npm: '9.2.0' }
2026-04-23T22:02:13.3720283Z npm WARN EBADENGINE }
2026-04-23T22:02:13.3721500Z npm WARN EBADENGINE Unsupported engine {
2026-04-23T22:02:13.3722217Z npm WARN EBADENGINE   package: 'webidl-conversions@8.0.1',
2026-04-23T22:02:13.3723191Z npm WARN EBADENGINE   required: { node: '>=20' },
2026-04-23T22:02:13.3724543Z npm WARN EBADENGINE   current: { node: 'v18.20.4', npm: '9.2.0' }
2026-04-23T22:02:13.3725148Z npm WARN EBADENGINE }
2026-04-23T22:02:13.3725472Z npm WARN EBADENGINE Unsupported engine {
2026-04-23T22:02:13.3725963Z npm WARN EBADENGINE   package: 'whatwg-mimetype@5.0.0',
2026-04-23T22:02:13.3726488Z npm WARN EBADENGINE   required: { node: '>=20' },
2026-04-23T22:02:13.3727061Z npm WARN EBADENGINE   current: { node: 'v18.20.4', npm: '9.2.0' }
2026-04-23T22:02:13.3727552Z npm WARN EBADENGINE }
2026-04-23T22:02:13.3727773Z npm WARN EBADENGINE Unsupported engine {
2026-04-23T22:02:13.3728052Z npm WARN EBADENGINE   package: 'whatwg-url@16.0.1',
2026-04-23T22:02:13.3728408Z npm WARN EBADENGINE   required: { node: '^20.19.0 || ^22.12.0 || >=24.0.0' },
2026-04-23T22:02:13.3728796Z npm WARN EBADENGINE   current: { node: 'v18.20.4', npm: '9.2.0' }
2026-04-23T22:02:13.3729091Z npm WARN EBADENGINE }
2026-04-23T22:02:18.2490871Z 
2026-04-23T22:02:18.2491643Z added 280 packages, and audited 281 packages in 5s
2026-04-23T22:02:18.2493401Z 
2026-04-23T22:02:18.2494291Z 66 packages are looking for funding
2026-04-23T22:02:18.2494775Z   run `npm fund` for details
2026-04-23T22:02:18.2506811Z 
2026-04-23T22:02:18.2507035Z found 0 vulnerabilities
2026-04-23T22:02:18.6375287Z 
2026-04-23T22:02:18.6375921Z > frontend@0.0.0 build
2026-04-23T22:02:18.6376305Z > tsc -b && vite build
2026-04-23T22:02:18.6376526Z 
2026-04-23T22:02:21.3788815Z [33mYou are using Node.js 18.20.4. Vite requires Node.js version 20.19+ or 22.12+. Please upgrade your Node.js version.[39m
2026-04-23T22:02:21.3837597Z file:///__w/quasar/quasar/cmake-projects/webui/frontend/node_modules/vite/dist/node/cli.js:534
2026-04-23T22:02:21.3838636Z 				this.dispatchEvent(new CustomEvent(`command:${commandName}`, { detail: command }));
2026-04-23T22:02:21.3839390Z 				                       ^
2026-04-23T22:02:21.3839605Z 
2026-04-23T22:02:21.3839759Z ReferenceError: CustomEvent is not defined
2026-04-23T22:02:21.3840518Z     at CAC.parse (file:///__w/quasar/quasar/cmake-projects/webui/frontend/node_modules/vite/dist/node/cli.js:534:28)
2026-04-23T22:02:21.3841988Z     at file:///__w/quasar/quasar/cmake-projects/webui/frontend/node_modules/vite/dist/node/cli.js:835:5
2026-04-23T22:02:21.3842808Z     at ModuleJob.run (node:internal/modules/esm/module_job:195:25)
2026-04-23T22:02:21.3843456Z     at async ModuleLoader.import (node:internal/modules/esm/loader:337:24)
2026-04-23T22:02:21.3843896Z 
2026-04-23T22:02:21.3844205Z Node.js v18.20.4
2026-04-23T22:02:21.3927534Z gmake[2]: *** [webui/CMakeFiles/quasar_webui_frontend.dir/build.make:72: webui/CMakeFiles/quasar_webui_frontend] Error 1
2026-04-23T22:02:21.3928710Z gmake[1]: *** [CMakeFiles/Makefile2:5154: webui/CMakeFiles/quasar_webui_frontend.dir/all] Error 2
2026-04-23T22:02:21.3929887Z gmake: *** [Makefile:166: all] Error 2
2026-04-23T22:02:21.3983472Z ##[error]Process completed with exit code 2.
2026-04-23T22:02:21.4077358Z Post job cleanup.
2026-04-23T22:02:21.4081550Z ##[command]/usr/bin/docker exec  f10879d27972d8e5720335e700e20f5abb292cc741dd7c49a275438ad59207bb sh -c "cat /etc/*release | grep ^ID"
2026-04-23T22:02:21.5858738Z [command]/usr/bin/git version
2026-04-23T22:02:21.5889388Z git version 2.39.5
2026-04-23T22:02:21.5930063Z Temporarily overriding HOME='/__w/_temp/bff682fa-481c-466b-a4c7-039f339401d3' before making global git config changes
2026-04-23T22:02:21.5931935Z Adding repository directory to the temporary git global config as a safe directory
2026-04-23T22:02:21.5937830Z [command]/usr/bin/git config --global --add safe.directory /__w/quasar/quasar
2026-04-23T22:02:21.5962867Z [command]/usr/bin/git config --local --name-only --get-regexp core\.sshCommand
2026-04-23T22:02:21.5987311Z [command]/usr/bin/git submodule foreach --recursive sh -c "git config --local --name-only --get-regexp 'core\.sshCommand' && git config --local --unset-all 'core.sshCommand' || :"
2026-04-23T22:02:21.6190319Z [command]/usr/bin/git config --local --name-only --get-regexp http\.https\:\/\/github\.com\/\.extraheader
2026-04-23T22:02:21.6208518Z http.https://github.com/.extraheader
2026-04-23T22:02:21.6219908Z [command]/usr/bin/git config --local --unset-all http.https://github.com/.extraheader
2026-04-23T22:02:21.6243568Z [command]/usr/bin/git submodule foreach --recursive sh -c "git config --local --name-only --get-regexp 'http\.https\:\/\/github\.com\/\.extraheader' && git config --local --unset-all 'http.https://github.com/.extraheader' || :"
2026-04-23T22:02:21.6427865Z [command]/usr/bin/git config --local --name-only --get-regexp ^includeIf\.gitdir:
2026-04-23T22:02:21.6453584Z [command]/usr/bin/git submodule foreach --recursive git config --local --show-origin --name-only --get-regexp remote.origin.url
2026-04-23T22:02:21.6731778Z Stop and remove container: 55c17a8cff1943a38c4ac683fdc5c673_debianbookworm_bc2776
2026-04-23T22:02:21.6736762Z ##[command]/usr/bin/docker rm --force f10879d27972d8e5720335e700e20f5abb292cc741dd7c49a275438ad59207bb
2026-04-23T22:02:23.1197312Z f10879d27972d8e5720335e700e20f5abb292cc741dd7c49a275438ad59207bb
2026-04-23T22:02:23.1218179Z Remove container network: github_network_8286862d3fc34ba09df764ef21932f56
2026-04-23T22:02:23.1222345Z ##[command]/usr/bin/docker network rm github_network_8286862d3fc34ba09df764ef21932f56
2026-04-23T22:02:23.2110816Z github_network_8286862d3fc34ba09df764ef21932f56
2026-04-23T22:02:23.2171417Z Cleaning up orphan processes
2026-04-23T22:02:23.2423739Z ##[warning]Node.js 20 actions are deprecated. The following actions are running on Node.js 20 and may not work as expected: actions/cache@v4, actions/checkout@v4. Actions will be forced to run with Node.js 24 by default starting June 2nd, 2026. Node.js 20 will be removed from the runner on September 16th, 2026. Please check if updated versions of these actions are available that support Node.js 24. To opt into Node.js 24 now, set the FORCE_JAVASCRIPT_ACTIONS_TO_NODE24=true environment variable on the runner or in your workflow file. Once Node.js 24 becomes the default, you can temporarily opt out by setting ACTIONS_ALLOW_USE_UNSECURE_NODE_VERSION=true. For more information see: https://github.blog/changelog/2025-09-19-deprecation-of-node-20-on-github-actions-runners/
